static const unsigned char bcn_bc7_spv[] = {
  0x03, 0x02, 0x23, 0x07, 00, 0x05, 0x01, 00, 0x0b, 00, 0x0d, 00,
  0x7e, 0x07, 00, 00, 00, 00, 00, 00, 0x11, 00, 0x02, 00,
  0x01, 00, 00, 00, 0x0b, 00, 0x06, 00, 0x01, 00, 00, 00,
  0x47, 0x4c, 0x53, 0x4c, 0x2e, 0x73, 0x74, 0x64, 0x2e, 0x34, 0x35, 0x30,
  00, 00, 00, 00, 0x0e, 00, 0x03, 00, 00, 00, 00, 00,
  0x01, 00, 00, 00, 0x0f, 00, 0x09, 00, 0x05, 00, 00, 00,
  0x04, 00, 00, 00, 0x6d, 0x61, 0x69, 0x6e, 00, 00, 00, 00,
  0x8f, 0x06, 00, 00, 0xac, 0x06, 00, 00, 0x02, 0x07, 00, 00,
  0x78, 0x07, 00, 00, 0x10, 00, 0x06, 00, 0x04, 00, 00, 00,
  0x11, 00, 00, 00, 0x08, 00, 00, 00, 0x08, 00, 00, 00,
  0x01, 00, 00, 00, 0x03, 00, 0x03, 00, 0x02, 00, 00, 00,
  0xc2, 0x01, 00, 00, 0x04, 00, 0x0a, 00, 0x47, 0x4c, 0x5f, 0x47,
  0x4f, 0x4f, 0x47, 0x4c, 0x45, 0x5f, 0x63, 0x70, 0x70, 0x5f, 0x73, 0x74,
  0x79, 0x6c, 0x65, 0x5f, 0x6c, 0x69, 0x6e, 0x65, 0x5f, 0x64, 0x69, 0x72,
  0x65, 0x63, 0x74, 0x69, 0x76, 0x65, 00, 00, 0x04, 00, 0x08, 00,
  0x47, 0x4c, 0x5f, 0x47, 0x4f, 0x4f, 0x47, 0x4c, 0x45, 0x5f, 0x69, 0x6e,
  0x63, 0x6c, 0x75, 0x64, 0x65, 0x5f, 0x64, 0x69, 0x72, 0x65, 0x63, 0x74,
  0x69, 0x76, 0x65, 00, 0x05, 00, 0x04, 00, 0x04, 00, 00, 00,
  0x6d, 0x61, 0x69, 0x6e, 00, 00, 00, 00, 0x05, 00, 0x08, 00,
  0x0f, 00, 00, 00, 0x65, 0x78, 0x74, 0x72, 0x61, 0x63, 0x74, 0x5f,
  0x62, 0x69, 0x74, 0x73, 0x28, 0x76, 0x75, 0x34, 0x3b, 0x69, 0x31, 0x3b,
  0x69, 0x31, 0x3b, 00, 0x05, 00, 0x04, 00, 0x0c, 00, 00, 00,
  0x70, 0x61, 0x79, 0x6c, 0x6f, 0x61, 0x64, 00, 0x05, 00, 0x04, 00,
  0x0d, 00, 00, 00, 0x6f, 0x66, 0x66, 0x73, 0x65, 0x74, 00, 00,
  0x05, 00, 0x04, 00, 0x0e, 00, 00, 00, 0x62, 0x69, 0x74, 0x73,
  00, 00, 00, 00, 0x05, 00, 0x08, 00, 0x11, 00, 00, 00,
  0x44, 0x65, 0x63, 0x6f, 0x64, 0x65, 0x64, 0x49, 0x6e, 0x74, 0x65, 0x72,
  0x70, 0x6f, 0x6c, 0x61, 0x74, 0x69, 0x6f, 0x6e, 00, 00, 00, 00,
  0x06, 00, 0x04, 00, 0x11, 00, 00, 00, 00, 00, 00, 00,
  0x65, 0x70, 0x30, 00, 0x06, 00, 0x04, 00, 0x11, 00, 00, 00,
  0x01, 00, 00, 00, 0x65, 0x70, 0x31, 00, 0x06, 00, 0x07, 00,
  0x11, 00, 00, 00, 0x02, 00, 00, 00, 0x63, 0x6f, 0x6c, 0x6f,
  0x72, 0x5f, 0x77, 0x65, 0x69, 0x67, 0x68, 0x74, 00, 00, 00, 00,
  0x06, 00, 0x07, 00, 0x11, 00, 00, 00, 0x03, 00, 00, 00,
  0x61, 0x6c, 0x70, 0x68, 0x61, 0x5f, 0x77, 0x65, 0x69, 0x67, 0x68, 0x74,
  00, 00, 00, 00, 0x06, 00, 0x06, 00, 0x11, 00, 00, 00,
  0x04, 00, 00, 00, 0x72, 0x6f, 0x74, 0x61, 0x74, 0x69, 0x6f, 0x6e,
  00, 00, 00, 00, 0x05, 00, 0x09, 00, 0x15, 00, 00, 00,
  0x64, 0x65, 0x63, 0x6f, 0x64, 0x65, 0x5f, 0x62, 0x63, 0x37, 0x5f, 0x6d,
  0x6f, 0x64, 0x65, 0x30, 0x28, 0x76, 0x75, 0x34, 0x3b, 0x69, 0x31, 0x3b,
  00, 00, 00, 00, 0x05, 00, 0x04, 00, 0x13, 00, 00, 00,
  0x70, 0x61, 0x79, 0x6c, 0x6f, 0x61, 0x64, 00, 0x05, 00, 0x06, 00,
  0x14, 00, 00, 00, 0x6c, 0x69, 0x6e, 0x65, 0x61, 0x72, 0x5f, 0x70,
  0x69, 0x78, 0x65, 0x6c, 00, 00, 00, 00, 0x05, 00, 0x09, 00,
  0x19, 00, 00, 00, 0x64, 0x65, 0x63, 0x6f, 0x64, 0x65, 0x5f, 0x62,
  0x63, 0x37, 0x5f, 0x6d, 0x6f, 0x64, 0x65, 0x31, 0x28, 0x76, 0x75, 0x34,
  0x3b, 0x69, 0x31, 0x3b, 00, 00, 00, 00, 0x05, 00, 0x04, 00,
  0x17, 00, 00, 00, 0x70, 0x61, 0x79, 0x6c, 0x6f, 0x61, 0x64, 00,
  0x05, 00, 0x06, 00, 0x18, 00, 00, 00, 0x6c, 0x69, 0x6e, 0x65,
  0x61, 0x72, 0x5f, 0x70, 0x69, 0x78, 0x65, 0x6c, 00, 00, 00, 00,
  0x05, 00, 0x09, 00, 0x1d, 00, 00, 00, 0x64, 0x65, 0x63, 0x6f,
  0x64, 0x65, 0x5f, 0x62, 0x63, 0x37, 0x5f, 0x6d, 0x6f, 0x64, 0x65, 0x32,
  0x28, 0x76, 0x75, 0x34, 0x3b, 0x69, 0x31, 0x3b, 00, 00, 00, 00,
  0x05, 00, 0x04, 00, 0x1b, 00, 00, 00, 0x70, 0x61, 0x79, 0x6c,
  0x6f, 0x61, 0x64, 00, 0x05, 00, 0x06, 00, 0x1c, 00, 00, 00,
  0x6c, 0x69, 0x6e, 0x65, 0x61, 0x72, 0x5f, 0x70, 0x69, 0x78, 0x65, 0x6c,
  00, 00, 00, 00, 0x05, 00, 0x09, 00, 0x21, 00, 00, 00,
  0x64, 0x65, 0x63, 0x6f, 0x64, 0x65, 0x5f, 0x62, 0x63, 0x37, 0x5f, 0x6d,
  0x6f, 0x64, 0x65, 0x33, 0x28, 0x76, 0x75, 0x34, 0x3b, 0x69, 0x31, 0x3b,
  00, 00, 00, 00, 0x05, 00, 0x04, 00, 0x1f, 00, 00, 00,
  0x70, 0x61, 0x79, 0x6c, 0x6f, 0x61, 0x64, 00, 0x05, 00, 0x06, 00,
  0x20, 00, 00, 00, 0x6c, 0x69, 0x6e, 0x65, 0x61, 0x72, 0x5f, 0x70,
  0x69, 0x78, 0x65, 0x6c, 00, 00, 00, 00, 0x05, 00, 0x09, 00,
  0x25, 00, 00, 00, 0x64, 0x65, 0x63, 0x6f, 0x64, 0x65, 0x5f, 0x62,
  0x63, 0x37, 0x5f, 0x6d, 0x6f, 0x64, 0x65, 0x34, 0x28, 0x76, 0x75, 0x34,
  0x3b, 0x69, 0x31, 0x3b, 00, 00, 00, 00, 0x05, 00, 0x04, 00,
  0x23, 00, 00, 00, 0x70, 0x61, 0x79, 0x6c, 0x6f, 0x61, 0x64, 00,
  0x05, 00, 0x06, 00, 0x24, 00, 00, 00, 0x6c, 0x69, 0x6e, 0x65,
  0x61, 0x72, 0x5f, 0x70, 0x69, 0x78, 0x65, 0x6c, 00, 00, 00, 00,
  0x05, 00, 0x09, 00, 0x29, 00, 00, 00, 0x64, 0x65, 0x63, 0x6f,
  0x64, 0x65, 0x5f, 0x62, 0x63, 0x37, 0x5f, 0x6d, 0x6f, 0x64, 0x65, 0x35,
  0x28, 0x76, 0x75, 0x34, 0x3b, 0x69, 0x31, 0x3b, 00, 00, 00, 00,
  0x05, 00, 0x04, 00, 0x27, 00, 00, 00, 0x70, 0x61, 0x79, 0x6c,
  0x6f, 0x61, 0x64, 00, 0x05, 00, 0x06, 00, 0x28, 00, 00, 00,
  0x6c, 0x69, 0x6e, 0x65, 0x61, 0x72, 0x5f, 0x70, 0x69, 0x78, 0x65, 0x6c,
  00, 00, 00, 00, 0x05, 00, 0x09, 00, 0x2d, 00, 00, 00,
  0x64, 0x65, 0x63, 0x6f, 0x64, 0x65, 0x5f, 0x62, 0x63, 0x37, 0x5f, 0x6d,
  0x6f, 0x64, 0x65, 0x36, 0x28, 0x76, 0x75, 0x34, 0x3b, 0x69, 0x31, 0x3b,
  00, 00, 00, 00, 0x05, 00, 0x04, 00, 0x2b, 00, 00, 00,
  0x70, 0x61, 0x79, 0x6c, 0x6f, 0x61, 0x64, 00, 0x05, 00, 0x06, 00,
  0x2c, 00, 00, 00, 0x6c, 0x69, 0x6e, 0x65, 0x61, 0x72, 0x5f, 0x70,
  0x69, 0x78, 0x65, 0x6c, 00, 00, 00, 00, 0x05, 00, 0x09, 00,
  0x31, 00, 00, 00, 0x64, 0x65, 0x63, 0x6f, 0x64, 0x65, 0x5f, 0x62,
  0x63, 0x37, 0x5f, 0x6d, 0x6f, 0x64, 0x65, 0x37, 0x28, 0x76, 0x75, 0x34,
  0x3b, 0x69, 0x31, 0x3b, 00, 00, 00, 00, 0x05, 00, 0x04, 00,
  0x2f, 00, 00, 00, 0x70, 0x61, 0x79, 0x6c, 0x6f, 0x61, 0x64, 00,
  0x05, 00, 0x06, 00, 0x30, 00, 00, 00, 0x6c, 0x69, 0x6e, 0x65,
  0x61, 0x72, 0x5f, 0x70, 0x69, 0x78, 0x65, 0x6c, 00, 00, 00, 00,
  0x05, 00, 0x13, 00, 0x36, 00, 00, 00, 0x69, 0x6e, 0x74, 0x65,
  0x72, 0x70, 0x6f, 0x6c, 0x61, 0x74, 0x65, 0x5f, 0x65, 0x6e, 0x64, 0x70,
  0x6f, 0x69, 0x6e, 0x74, 0x28, 0x73, 0x74, 0x72, 0x75, 0x63, 0x74, 0x2d,
  0x44, 0x65, 0x63, 0x6f, 0x64, 0x65, 0x64, 0x49, 0x6e, 0x74, 0x65, 0x72,
  0x70, 0x6f, 0x6c, 0x61, 0x74, 0x69, 0x6f, 0x6e, 0x2d, 0x76, 0x75, 0x34,
  0x2d, 0x76, 0x75, 0x34, 0x2d, 0x75, 0x31, 0x2d, 0x75, 0x31, 0x2d, 0x75,
  0x31, 0x31, 0x3b, 00, 0x05, 00, 0x04, 00, 0x35, 00, 00, 00,
  0x69, 0x6e, 0x74, 0x65, 0x72, 0x70, 00, 00, 0x05, 00, 0x05, 00,
  0x38, 00, 00, 00, 0x6c, 0x61, 0x73, 0x74, 0x5f, 0x6f, 0x66, 0x66,
  0x73, 0x65, 0x74, 00, 0x05, 00, 0x04, 00, 0x44, 00, 00, 00,
  0x72, 0x65, 0x73, 0x75, 0x6c, 0x74, 00, 00, 0x05, 00, 0x05, 00,
  0x5a, 00, 00, 00, 0x66, 0x69, 0x72, 0x73, 0x74, 0x5f, 0x62, 0x69,
  0x74, 0x73, 00, 00, 0x05, 00, 0x06, 00, 0x5f, 00, 00, 00,
  0x72, 0x65, 0x73, 0x75, 0x6c, 0x74, 0x5f, 0x66, 0x69, 0x72, 0x73, 0x74,
  00, 00, 00, 00, 0x05, 00, 0x06, 00, 0x69, 00, 00, 00,
  0x72, 0x65, 0x73, 0x75, 0x6c, 0x74, 0x5f, 0x73, 0x65, 0x63, 0x6f, 0x6e,
  0x64, 00, 00, 00, 0x05, 00, 0x05, 00, 0x7c, 00, 00, 00,
  0x70, 0x61, 0x72, 0x74, 0x5f, 0x69, 0x6e, 0x64, 0x65, 0x78, 00, 00,
  0x05, 00, 0x04, 00, 0x7e, 00, 00, 00, 0x70, 0x61, 0x72, 0x61,
  0x6d, 00, 00, 00, 0x05, 00, 0x04, 00, 0x80, 00, 00, 00,
  0x70, 0x61, 0x72, 0x61, 0x6d, 00, 00, 00, 0x05, 00, 0x04, 00,
  0x81, 00, 00, 00, 0x70, 0x61, 0x72, 0x61, 0x6d, 00, 00, 00,
  0x05, 00, 0x04, 00, 0x83, 00, 00, 00, 0x70, 0x61, 0x72, 0x74,
  00, 00, 00, 00, 0x05, 00, 0x05, 00, 0xc9, 00, 00, 00,
  0x69, 0x6e, 0x64, 0x65, 0x78, 0x61, 0x62, 0x6c, 0x65, 00, 00, 00,
  0x05, 00, 0x05, 00, 0xd2, 00, 00, 00, 0x62, 0x69, 0x74, 0x5f,
  0x6f, 0x66, 0x66, 0x73, 0x65, 0x74, 00, 00, 0x05, 00, 0x03, 00,
  0xd6, 00, 00, 00, 0x72, 0x30, 00, 00, 0x05, 00, 0x04, 00,
  0xd9, 00, 00, 00, 0x70, 0x61, 0x72, 0x61, 0x6d, 00, 00, 00,
  0x05, 00, 0x04, 00, 0xdb, 00, 00, 00, 0x70, 0x61, 0x72, 0x61,
  0x6d, 00, 00, 00, 0x05, 00, 0x04, 00, 0xdc, 00, 00, 00,
  0x70, 0x61, 0x72, 0x61, 0x6d, 00, 00, 00, 0x05, 00, 0x03, 00,
  0xde, 00, 00, 00, 0x72, 0x31, 00, 00, 0x05, 00, 0x04, 00,
  0xe2, 00, 00, 00, 0x70, 0x61, 0x72, 0x61, 0x6d, 00, 00, 00,
  0x05, 00, 0x04, 00, 0xe4, 00, 00, 00, 0x70, 0x61, 0x72, 0x61,
  0x6d, 00, 00, 00, 0x05, 00, 0x04, 00, 0xe5, 00, 00, 00,
  0x70, 0x61, 0x72, 0x61, 0x6d, 00, 00, 00, 0x05, 00, 0x03, 00,
  0xe7, 00, 00, 00, 0x67, 0x30, 00, 00, 0x05, 00, 0x04, 00,
  0xeb, 00, 00, 00, 0x70, 0x61, 0x72, 0x61, 0x6d, 00, 00, 00,
  0x05, 00, 0x04, 00, 0xed, 00, 00, 00, 0x70, 0x61, 0x72, 0x61,
  0x6d, 00, 00, 00, 0x05, 00, 0x04, 00, 0xee, 00, 00, 00,
  0x70, 0x61, 0x72, 0x61, 0x6d, 00, 00, 00, 0x05, 00, 0x03, 00,
  0xf0, 00, 00, 00, 0x67, 0x31, 00, 00, 0x05, 00, 0x04, 00,
  0xf4, 00, 00, 00, 0x70, 0x61, 0x72, 0x61, 0x6d, 00, 00, 00,
  0x05, 00, 0x04, 00, 0xf6, 00, 00, 00, 0x70, 0x61, 0x72, 0x61,
  0x6d, 00, 00, 00, 0x05, 00, 0x04, 00, 0xf7, 00, 00, 00,
  0x70, 0x61, 0x72, 0x61, 0x6d, 00, 00, 00, 0x05, 00, 0x03, 00,
  0xf9, 00, 00, 00, 0x62, 0x30, 00, 00, 0x05, 00, 0x04, 00,
  0xfd, 00, 00, 00, 0x70, 0x61, 0x72, 0x61, 0x6d, 00, 00, 00,
  0x05, 00, 0x04, 00, 0xff, 00, 00, 00, 0x70, 0x61, 0x72, 0x61,
  0x6d, 00, 00, 00, 0x05, 00, 0x04, 00, 00, 0x01, 00, 00,
  0x70, 0x61, 0x72, 0x61, 0x6d, 00, 00, 00, 0x05, 00, 0x03, 00,
  0x02, 0x01, 00, 00, 0x62, 0x31, 00, 00, 0x05, 00, 0x04, 00,
  0x06, 0x01, 00, 00, 0x70, 0x61, 0x72, 0x61, 0x6d, 00, 00, 00,
  0x05, 00, 0x04, 00, 0x08, 0x01, 00, 00, 0x70, 0x61, 0x72, 0x61,
  0x6d, 00, 00, 00, 0x05, 00, 0x04, 00, 0x09, 0x01, 00, 00,
  0x70, 0x61, 0x72, 0x61, 0x6d, 00, 00, 00, 0x05, 00, 0x04, 00,
  0x0b, 0x01, 00, 00, 0x73, 0x65, 0x70, 0x30, 00, 00, 00, 00,
  0x05, 00, 0x04, 00, 0x10, 0x01, 00, 00, 0x70, 0x61, 0x72, 0x61,
  0x6d, 00, 00, 00, 0x05, 00, 0x04, 00, 0x12, 0x01, 00, 00,
  0x70, 0x61, 0x72, 0x61, 0x6d, 00, 00, 00, 0x05, 00, 0x04, 00,
  0x13, 0x01, 00, 00, 0x70, 0x61, 0x72, 0x61, 0x6d, 00, 00, 00,
  0x05, 00, 0x04, 00, 0x15, 0x01, 00, 00, 0x73, 0x65, 0x70, 0x31,
  00, 00, 00, 00, 0x05, 00, 0x04, 00, 0x1a, 0x01, 00, 00,
  0x70, 0x61, 0x72, 0x61, 0x6d, 00, 00, 00, 0x05, 00, 0x04, 00,
  0x1c, 0x01, 00, 00, 0x70, 0x61, 0x72, 0x61, 0x6d, 00, 00, 00,
  0x05, 00, 0x04, 00, 0x1d, 0x01, 00, 00, 0x70, 0x61, 0x72, 0x61,
  0x6d, 00, 00, 00, 0x05, 00, 0x06, 00, 0x21, 0x01, 00, 00,
  0x61, 0x6e, 0x63, 0x68, 0x6f, 0x72, 0x5f, 0x70, 0x69, 0x78, 0x65, 0x6c,
  0x73, 00, 00, 00, 0x05, 00, 0x05, 00, 0x3d, 0x01, 00, 00,
  0x69, 0x6e, 0x64, 0x65, 0x78, 0x61, 0x62, 0x6c, 0x65, 00, 00, 00,
  0x05, 00, 0x04, 00, 0x40, 0x01, 00, 00, 0x69, 0x6e, 0x64, 0x65,
  0x78, 00, 00, 00, 0x05, 00, 0x04, 00, 0x65, 0x01, 00, 00,
  0x70, 0x61, 0x72, 0x61, 0x6d, 00, 00, 00, 0x05, 00, 0x04, 00,
  0x67, 0x01, 00, 00, 0x70, 0x61, 0x72, 0x61, 0x6d, 00, 00, 00,
  0x05, 00, 0x04, 00, 0x68, 0x01, 00, 00, 0x70, 0x61, 0x72, 0x61,
  0x6d, 00, 00, 00, 0x05, 00, 0x04, 00, 0x6c, 0x01, 00, 00,
  0x72, 0x67, 0x62, 0x30, 00, 00, 00, 00, 0x05, 00, 0x04, 00,
  0x71, 0x01, 00, 00, 0x72, 0x67, 0x62, 0x31, 00, 00, 00, 00,
  0x05, 00, 0x03, 00, 0x8c, 0x01, 00, 00, 0x77, 00, 00, 00,
  0x05, 00, 0x05, 00, 0x98, 0x01, 00, 00, 0x69, 0x6e, 0x64, 0x65,
  0x78, 0x61, 0x62, 0x6c, 0x65, 00, 00, 00, 0x05, 00, 0x05, 00,
  0xb0, 0x01, 00, 00, 0x70, 0x61, 0x72, 0x74, 0x5f, 0x69, 0x6e, 0x64,
  0x65, 0x78, 00, 00, 0x05, 00, 0x04, 00, 0xb1, 0x01, 00, 00,
  0x70, 0x61, 0x72, 0x61, 0x6d, 00, 00, 00, 0x05, 00, 0x04, 00,
  0xb3, 0x01, 00, 00, 0x70, 0x61, 0x72, 0x61, 0x6d, 00, 00, 00,
  0x05, 00, 0x04, 00, 0xb4, 0x01, 00, 00, 0x70, 0x61, 0x72, 0x61,
  0x6d, 00, 00, 00, 0x05, 00, 0x04, 00, 0xb6, 0x01, 00, 00,
  0x70, 0x61, 0x72, 0x74, 00, 00, 00, 00, 0x05, 00, 0x05, 00,
  0xf9, 0x01, 00, 00, 0x69, 0x6e, 0x64, 0x65, 0x78, 0x61, 0x62, 0x6c,
  0x65, 00, 00, 00, 0x05, 00, 0x05, 00, 0xff, 0x01, 00, 00,
  0x62, 0x69, 0x74, 0x5f, 0x6f, 0x66, 0x66, 0x73, 0x65, 0x74, 00, 00,
  0x05, 00, 0x03, 00, 0x02, 0x02, 00, 00, 0x72, 0x30, 00, 00,
  0x05, 00, 0x04, 00, 0x05, 0x02, 00, 00, 0x70, 0x61, 0x72, 0x61,
  0x6d, 00, 00, 00, 0x05, 00, 0x04, 00, 0x07, 0x02, 00, 00,
  0x70, 0x61, 0x72, 0x61, 0x6d, 00, 00, 00, 0x05, 00, 0x04, 00,
  0x08, 0x02, 00, 00, 0x70, 0x61, 0x72, 0x61, 0x6d, 00, 00, 00,
  0x05, 00, 0x03, 00, 0x0a, 0x02, 00, 00, 0x72, 0x31, 00, 00,
  0x05, 00, 0x04, 00, 0x0e, 0x02, 00, 00, 0x70, 0x61, 0x72, 0x61,
  0x6d, 00, 00, 00, 0x05, 00, 0x04, 00, 0x10, 0x02, 00, 00,
  0x70, 0x61, 0x72, 0x61, 0x6d, 00, 00, 00, 0x05, 00, 0x04, 00,
  0x11, 0x02, 00, 00, 0x70, 0x61, 0x72, 0x61, 0x6d, 00, 00, 00,
  0x05, 00, 0x03, 00, 0x13, 0x02, 00, 00, 0x67, 0x30, 00, 00,
  0x05, 00, 0x04, 00, 0x16, 0x02, 00, 00, 0x70, 0x61, 0x72, 0x61,
  0x6d, 00, 00, 00, 0x05, 00, 0x04, 00, 0x18, 0x02, 00, 00,
  0x70, 0x61, 0x72, 0x61, 0x6d, 00, 00, 00, 0x05, 00, 0x04, 00,
  0x19, 0x02, 00, 00, 0x70, 0x61, 0x72, 0x61, 0x6d, 00, 00, 00,
  0x05, 00, 0x03, 00, 0x1b, 0x02, 00, 00, 0x67, 0x31, 00, 00,
  0x05, 00, 0x04, 00, 0x1f, 0x02, 00, 00, 0x70, 0x61, 0x72, 0x61,
  0x6d, 00, 00, 00, 0x05, 00, 0x04, 00, 0x21, 0x02, 00, 00,
  0x70, 0x61, 0x72, 0x61, 0x6d, 00, 00, 00, 0x05, 00, 0x04, 00,
  0x22, 0x02, 00, 00, 0x70, 0x61, 0x72, 0x61, 0x6d, 00, 00, 00,
  0x05, 00, 0x03, 00, 0x24, 0x02, 00, 00, 0x62, 0x30, 00, 00,
  0x05, 00, 0x04, 00, 0x28, 0x02, 00, 00, 0x70, 0x61, 0x72, 0x61,
  0x6d, 00, 00, 00, 0x05, 00, 0x04, 00, 0x2a, 0x02, 00, 00,
  0x70, 0x61, 0x72, 0x61, 0x6d, 00, 00, 00, 0x05, 00, 0x04, 00,
  0x2b, 0x02, 00, 00, 0x70, 0x61, 0x72, 0x61, 0x6d, 00, 00, 00,
  0x05, 00, 0x03, 00, 0x2d, 0x02, 00, 00, 0x62, 0x31, 00, 00,
  0x05, 00, 0x04, 00, 0x31, 0x02, 00, 00, 0x70, 0x61, 0x72, 0x61,
  0x6d, 00, 00, 00, 0x05, 00, 0x04, 00, 0x33, 0x02, 00, 00,
  0x70, 0x61, 0x72, 0x61, 0x6d, 00, 00, 00, 0x05, 00, 0x04, 00,
  0x34, 0x02, 00, 00, 0x70, 0x61, 0x72, 0x61, 0x6d, 00, 00, 00,
  0x05, 00, 0x03, 00, 0x36, 0x02, 00, 00, 0x73, 0x65, 0x70, 00,
  0x05, 00, 0x04, 00, 0x3a, 0x02, 00, 00, 0x70, 0x61, 0x72, 0x61,
  0x6d, 00, 00, 00, 0x05, 00, 0x04, 00, 0x3c, 0x02, 00, 00,
  0x70, 0x61, 0x72, 0x61, 0x6d, 00, 00, 00, 0x05, 00, 0x04, 00,
  0x3d, 0x02, 00, 00, 0x70, 0x61, 0x72, 0x61, 0x6d, 00, 00, 00,
  0x05, 00, 0x06, 00, 0x40, 0x02, 00, 00, 0x61, 0x6e, 0x63, 0x68,
  0x6f, 0x72, 0x5f, 0x70, 0x69, 0x78, 0x65, 0x6c, 00, 00, 00, 00,
  0x05, 00, 0x05, 00, 0x43, 0x02, 00, 00, 0x69, 0x6e, 0x64, 0x65,
  0x78, 0x61, 0x62, 0x6c, 0x65, 00, 00, 00, 0x05, 00, 0x04, 00,
  0x46, 0x02, 00, 00, 0x69, 0x6e, 0x64, 0x65, 0x78, 00, 00, 00,
  0x05, 00, 0x04, 00, 0x58, 0x02, 00, 00, 0x70, 0x61, 0x72, 0x61,
  0x6d, 00, 00, 00, 0x05, 00, 0x04, 00, 0x5a, 0x02, 00, 00,
  0x70, 0x61, 0x72, 0x61, 0x6d, 00, 00, 00, 0x05, 00, 0x04, 00,
  0x5b, 0x02, 00, 00, 0x70, 0x61, 0x72, 0x61, 0x6d, 00, 00, 00,
  0x05, 00, 0x04, 00, 0x5d, 0x02, 00, 00, 0x72, 0x67, 0x62, 0x30,
  00, 00, 00, 00, 0x05, 00, 0x04, 00, 0x62, 0x02, 00, 00,
  0x72, 0x67, 0x62, 0x31, 00, 00, 00, 00, 0x05, 00, 0x03, 00,
  0x7b, 0x02, 00, 00, 0x77, 00, 00, 00, 0x05, 00, 0x05, 00,
  0x7d, 0x02, 00, 00, 0x69, 0x6e, 0x64, 0x65, 0x78, 0x61, 0x62, 0x6c,
  0x65, 00, 00, 00, 0x05, 00, 0x05, 00, 0x93, 0x02, 00, 00,
  0x70, 0x61, 0x72, 0x74, 0x5f, 0x69, 0x6e, 0x64, 0x65, 0x78, 00, 00,
  0x05, 00, 0x04, 00, 0x94, 0x02, 00, 00, 0x70, 0x61, 0x72, 0x61,
  0x6d, 00, 00, 00, 0x05, 00, 0x04, 00, 0x96, 0x02, 00, 00,
  0x70, 0x61, 0x72, 0x61, 0x6d, 00, 00, 00, 0x05, 00, 0x04, 00,
  0x97, 0x02, 00, 00, 0x70, 0x61, 0x72, 0x61, 0x6d, 00, 00, 00,
  0x05, 00, 0x04, 00, 0x99, 0x02, 00, 00, 0x70, 0x61, 0x72, 0x74,
  00, 00, 00, 00, 0x05, 00, 0x05, 00, 0x9b, 0x02, 00, 00,
  0x69, 0x6e, 0x64, 0x65, 0x78, 0x61, 0x62, 0x6c, 0x65, 00, 00, 00,
  0x05, 00, 0x05, 00, 0xa2, 0x02, 00, 00, 0x62, 0x69, 0x74, 0x5f,
  0x6f, 0x66, 0x66, 0x73, 0x65, 0x74, 00, 00, 0x05, 00, 0x03, 00,
  0xa5, 0x02, 00, 00, 0x72, 0x30, 00, 00, 0x05, 00, 0x04, 00,
  0xa8, 0x02, 00, 00, 0x70, 0x61, 0x72, 0x61, 0x6d, 00, 00, 00,
  0x05, 00, 0x04, 00, 0xaa, 0x02, 00, 00, 0x70, 0x61, 0x72, 0x61,
  0x6d, 00, 00, 00, 0x05, 00, 0x04, 00, 0xab, 0x02, 00, 00,
  0x70, 0x61, 0x72, 0x61, 0x6d, 00, 00, 00, 0x05, 00, 0x03, 00,
  0xad, 0x02, 00, 00, 0x72, 0x31, 00, 00, 0x05, 00, 0x04, 00,
  0xb0, 0x02, 00, 00, 0x70, 0x61, 0x72, 0x61, 0x6d, 00, 00, 00,
  0x05, 00, 0x04, 00, 0xb2, 0x02, 00, 00, 0x70, 0x61, 0x72, 0x61,
  0x6d, 00, 00, 00, 0x05, 00, 0x04, 00, 0xb3, 0x02, 00, 00,
  0x70, 0x61, 0x72, 0x61, 0x6d, 00, 00, 00, 0x05, 00, 0x03, 00,
  0xb5, 0x02, 00, 00, 0x67, 0x30, 00, 00, 0x05, 00, 0x04, 00,
  0xb9, 0x02, 00, 00, 0x70, 0x61, 0x72, 0x61, 0x6d, 00, 00, 00,
  0x05, 00, 0x04, 00, 0xbb, 0x02, 00, 00, 0x70, 0x61, 0x72, 0x61,
  0x6d, 00, 00, 00, 0x05, 00, 0x04, 00, 0xbc, 0x02, 00, 00,
  0x70, 0x61, 0x72, 0x61, 0x6d, 00, 00, 00, 0x05, 00, 0x03, 00,
  0xbe, 0x02, 00, 00, 0x67, 0x31, 00, 00, 0x05, 00, 0x04, 00,
  0xc2, 0x02, 00, 00, 0x70, 0x61, 0x72, 0x61, 0x6d, 00, 00, 00,
  0x05, 00, 0x04, 00, 0xc4, 0x02, 00, 00, 0x70, 0x61, 0x72, 0x61,
  0x6d, 00, 00, 00, 0x05, 00, 0x04, 00, 0xc5, 0x02, 00, 00,
  0x70, 0x61, 0x72, 0x61, 0x6d, 00, 00, 00, 0x05, 00, 0x03, 00,
  0xc7, 0x02, 00, 00, 0x62, 0x30, 00, 00, 0x05, 00, 0x04, 00,
  0xcb, 0x02, 00, 00, 0x70, 0x61, 0x72, 0x61, 0x6d, 00, 00, 00,
  0x05, 00, 0x04, 00, 0xcd, 0x02, 00, 00, 0x70, 0x61, 0x72, 0x61,
  0x6d, 00, 00, 00, 0x05, 00, 0x04, 00, 0xce, 0x02, 00, 00,
  0x70, 0x61, 0x72, 0x61, 0x6d, 00, 00, 00, 0x05, 00, 0x03, 00,
  0xd0, 0x02, 00, 00, 0x62, 0x31, 00, 00, 0x05, 00, 0x04, 00,
  0xd4, 0x02, 00, 00, 0x70, 0x61, 0x72, 0x61, 0x6d, 00, 00, 00,
  0x05, 00, 0x04, 00, 0xd6, 0x02, 00, 00, 0x70, 0x61, 0x72, 0x61,
  0x6d, 00, 00, 00, 0x05, 00, 0x04, 00, 0xd7, 0x02, 00, 00,
  0x70, 0x61, 0x72, 0x61, 0x6d, 00, 00, 00, 0x05, 00, 0x06, 00,
  0xd9, 0x02, 00, 00, 0x61, 0x6e, 0x63, 0x68, 0x6f, 0x72, 0x5f, 0x70,
  0x69, 0x78, 0x65, 0x6c, 0x73, 00, 00, 00, 0x05, 00, 0x05, 00,
  0xdb, 0x02, 00, 00, 0x69, 0x6e, 0x64, 0x65, 0x78, 0x61, 0x62, 0x6c,
  0x65, 00, 00, 00, 0x05, 00, 0x04, 00, 0xde, 0x02, 00, 00,
  0x69, 0x6e, 0x64, 0x65, 0x78, 00, 00, 00, 0x05, 00, 0x04, 00,
  0x01, 0x03, 00, 00, 0x70, 0x61, 0x72, 0x61, 0x6d, 00, 00, 00,
  0x05, 00, 0x04, 00, 0x03, 0x03, 00, 00, 0x70, 0x61, 0x72, 0x61,
  0x6d, 00, 00, 00, 0x05, 00, 0x04, 00, 0x04, 0x03, 00, 00,
  0x70, 0x61, 0x72, 0x61, 0x6d, 00, 00, 00, 0x05, 00, 0x04, 00,
  0x06, 0x03, 00, 00, 0x72, 0x67, 0x62, 0x30, 00, 00, 00, 00,
  0x05, 00, 0x04, 00, 0x0b, 0x03, 00, 00, 0x72, 0x67, 0x62, 0x31,
  00, 00, 00, 00, 0x05, 00, 0x03, 00, 0x1e, 0x03, 00, 00,
  0x77, 00, 00, 00, 0x05, 00, 0x05, 00, 0x26, 0x03, 00, 00,
  0x69, 0x6e, 0x64, 0x65, 0x78, 0x61, 0x62, 0x6c, 0x65, 00, 00, 00,
  0x05, 00, 0x05, 00, 0x3c, 0x03, 00, 00, 0x70, 0x61, 0x72, 0x74,
  0x5f, 0x69, 0x6e, 0x64, 0x65, 0x78, 00, 00, 0x05, 00, 0x04, 00,
  0x3d, 0x03, 00, 00, 0x70, 0x61, 0x72, 0x61, 0x6d, 00, 00, 00,
  0x05, 00, 0x04, 00, 0x3f, 0x03, 00, 00, 0x70, 0x61, 0x72, 0x61,
  0x6d, 00, 00, 00, 0x05, 00, 0x04, 00, 0x40, 0x03, 00, 00,
  0x70, 0x61, 0x72, 0x61, 0x6d, 00, 00, 00, 0x05, 00, 0x04, 00,
  0x42, 0x03, 00, 00, 0x70, 0x61, 0x72, 0x74, 00, 00, 00, 00,
  0x05, 00, 0x05, 00, 0x44, 0x03, 00, 00, 0x69, 0x6e, 0x64, 0x65,
  0x78, 0x61, 0x62, 0x6c, 0x65, 00, 00, 00, 0x05, 00, 0x05, 00,
  0x4a, 0x03, 00, 00, 0x62, 0x69, 0x74, 0x5f, 0x6f, 0x66, 0x66, 0x73,
  0x65, 0x74, 00, 00, 0x05, 00, 0x03, 00, 0x4d, 0x03, 00, 00,
  0x72, 0x30, 00, 00, 0x05, 00, 0x04, 00, 0x51, 0x03, 00, 00,
  0x70, 0x61, 0x72, 0x61, 0x6d, 00, 00, 00, 0x05, 00, 0x04, 00,
  0x53, 0x03, 00, 00, 0x70, 0x61, 0x72, 0x61, 0x6d, 00, 00, 00,
  0x05, 00, 0x04, 00, 0x54, 0x03, 00, 00, 0x70, 0x61, 0x72, 0x61,
  0x6d, 00, 00, 00, 0x05, 00, 0x03, 00, 0x56, 0x03, 00, 00,
  0x72, 0x31, 00, 00, 0x05, 00, 0x04, 00, 0x5a, 0x03, 00, 00,
  0x70, 0x61, 0x72, 0x61, 0x6d, 00, 00, 00, 0x05, 00, 0x04, 00,
  0x5c, 0x03, 00, 00, 0x70, 0x61, 0x72, 0x61, 0x6d, 00, 00, 00,
  0x05, 00, 0x04, 00, 0x5d, 0x03, 00, 00, 0x70, 0x61, 0x72, 0x61,
  0x6d, 00, 00, 00, 0x05, 00, 0x03, 00, 0x5f, 0x03, 00, 00,
  0x67, 0x30, 00, 00, 0x05, 00, 0x04, 00, 0x62, 0x03, 00, 00,
  0x70, 0x61, 0x72, 0x61, 0x6d, 00, 00, 00, 0x05, 00, 0x04, 00,
  0x64, 0x03, 00, 00, 0x70, 0x61, 0x72, 0x61, 0x6d, 00, 00, 00,
  0x05, 00, 0x04, 00, 0x65, 0x03, 00, 00, 0x70, 0x61, 0x72, 0x61,
  0x6d, 00, 00, 00, 0x05, 00, 0x03, 00, 0x67, 0x03, 00, 00,
  0x67, 0x31, 00, 00, 0x05, 00, 0x04, 00, 0x6b, 0x03, 00, 00,
  0x70, 0x61, 0x72, 0x61, 0x6d, 00, 00, 00, 0x05, 00, 0x04, 00,
  0x6d, 0x03, 00, 00, 0x70, 0x61, 0x72, 0x61, 0x6d, 00, 00, 00,
  0x05, 00, 0x04, 00, 0x6e, 0x03, 00, 00, 0x70, 0x61, 0x72, 0x61,
  0x6d, 00, 00, 00, 0x05, 00, 0x03, 00, 0x70, 0x03, 00, 00,
  0x62, 0x30, 00, 00, 0x05, 00, 0x04, 00, 0x74, 0x03, 00, 00,
  0x70, 0x61, 0x72, 0x61, 0x6d, 00, 00, 00, 0x05, 00, 0x04, 00,
  0x76, 0x03, 00, 00, 0x70, 0x61, 0x72, 0x61, 0x6d, 00, 00, 00,
  0x05, 00, 0x04, 00, 0x77, 0x03, 00, 00, 0x70, 0x61, 0x72, 0x61,
  0x6d, 00, 00, 00, 0x05, 00, 0x03, 00, 0x79, 0x03, 00, 00,
  0x62, 0x31, 00, 00, 0x05, 00, 0x04, 00, 0x7d, 0x03, 00, 00,
  0x70, 0x61, 0x72, 0x61, 0x6d, 00, 00, 00, 0x05, 00, 0x04, 00,
  0x7f, 0x03, 00, 00, 0x70, 0x61, 0x72, 0x61, 0x6d, 00, 00, 00,
  0x05, 00, 0x04, 00, 0x80, 0x03, 00, 00, 0x70, 0x61, 0x72, 0x61,
  0x6d, 00, 00, 00, 0x05, 00, 0x04, 00, 0x82, 0x03, 00, 00,
  0x73, 0x65, 0x70, 0x30, 00, 00, 00, 00, 0x05, 00, 0x04, 00,
  0x87, 0x03, 00, 00, 0x70, 0x61, 0x72, 0x61, 0x6d, 00, 00, 00,
  0x05, 00, 0x04, 00, 0x89, 0x03, 00, 00, 0x70, 0x61, 0x72, 0x61,
  0x6d, 00, 00, 00, 0x05, 00, 0x04, 00, 0x8a, 0x03, 00, 00,
  0x70, 0x61, 0x72, 0x61, 0x6d, 00, 00, 00, 0x05, 00, 0x04, 00,
  0x8c, 0x03, 00, 00, 0x73, 0x65, 0x70, 0x31, 00, 00, 00, 00,
  0x05, 00, 0x04, 00, 0x91, 0x03, 00, 00, 0x70, 0x61, 0x72, 0x61,
  0x6d, 00, 00, 00, 0x05, 00, 0x04, 00, 0x93, 0x03, 00, 00,
  0x70, 0x61, 0x72, 0x61, 0x6d, 00, 00, 00, 0x05, 00, 0x04, 00,
  0x94, 0x03, 00, 00, 0x70, 0x61, 0x72, 0x61, 0x6d, 00, 00, 00,
  0x05, 00, 0x06, 00, 0x96, 0x03, 00, 00, 0x61, 0x6e, 0x63, 0x68,
  0x6f, 0x72, 0x5f, 0x70, 0x69, 0x78, 0x65, 0x6c, 00, 00, 00, 00,
  0x05, 00, 0x05, 00, 0x98, 0x03, 00, 00, 0x69, 0x6e, 0x64, 0x65,
  0x78, 0x61, 0x62, 0x6c, 0x65, 00, 00, 00, 0x05, 00, 0x04, 00,
  0x9b, 0x03, 00, 00, 0x69, 0x6e, 0x64, 0x65, 0x78, 00, 00, 00,
  0x05, 00, 0x04, 00, 0xad, 0x03, 00, 00, 0x70, 0x61, 0x72, 0x61,
  0x6d, 00, 00, 00, 0x05, 00, 0x04, 00, 0xaf, 0x03, 00, 00,
  0x70, 0x61, 0x72, 0x61, 0x6d, 00, 00, 00, 0x05, 00, 0x04, 00,
  0xb0, 0x03, 00, 00, 0x70, 0x61, 0x72, 0x61, 0x6d, 00, 00, 00,
  0x05, 00, 0x04, 00, 0xb2, 0x03, 00, 00, 0x72, 0x67, 0x62, 0x30,
  00, 00, 00, 00, 0x05, 00, 0x04, 00, 0xb7, 0x03, 00, 00,
  0x72, 0x67, 0x62, 0x31, 00, 00, 00, 00, 0x05, 00, 0x03, 00,
  0xc8, 0x03, 00, 00, 0x77, 00, 00, 00, 0x05, 00, 0x05, 00,
  0xca, 0x03, 00, 00, 0x69, 0x6e, 0x64, 0x65, 0x78, 0x61, 0x62, 0x6c,
  0x65, 00, 00, 00, 0x05, 00, 0x03, 00, 0xe0, 0x03, 00, 00,
  0x72, 0x6f, 0x74, 00, 0x05, 00, 0x04, 00, 0xe1, 0x03, 00, 00,
  0x70, 0x61, 0x72, 0x61, 0x6d, 00, 00, 00, 0x05, 00, 0x04, 00,
  0xe3, 0x03, 00, 00, 0x70, 0x61, 0x72, 0x61, 0x6d, 00, 00, 00,
  0x05, 00, 0x04, 00, 0xe4, 0x03, 00, 00, 0x70, 0x61, 0x72, 0x61,
  0x6d, 00, 00, 00, 0x05, 00, 0x03, 00, 0xe7, 0x03, 00, 00,
  0x69, 0x73, 0x62, 00, 0x05, 00, 0x03, 00, 0xed, 0x03, 00, 00,
  0x72, 0x30, 00, 00, 0x05, 00, 0x04, 00, 0xee, 0x03, 00, 00,
  0x70, 0x61, 0x72, 0x61, 0x6d, 00, 00, 00, 0x05, 00, 0x04, 00,
  0xf0, 0x03, 00, 00, 0x70, 0x61, 0x72, 0x61, 0x6d, 00, 00, 00,
  0x05, 00, 0x04, 00, 0xf1, 0x03, 00, 00, 0x70, 0x61, 0x72, 0x61,
  0x6d, 00, 00, 00, 0x05, 00, 0x03, 00, 0xf3, 0x03, 00, 00,
  0x72, 0x31, 00, 00, 0x05, 00, 0x04, 00, 0xf4, 0x03, 00, 00,
  0x70, 0x61, 0x72, 0x61, 0x6d, 00, 00, 00, 0x05, 00, 0x04, 00,
  0xf6, 0x03, 00, 00, 0x70, 0x61, 0x72, 0x61, 0x6d, 00, 00, 00,
  0x05, 00, 0x04, 00, 0xf7, 0x03, 00, 00, 0x70, 0x61, 0x72, 0x61,
  0x6d, 00, 00, 00, 0x05, 00, 0x03, 00, 0xf9, 0x03, 00, 00,
  0x67, 0x30, 00, 00, 0x05, 00, 0x04, 00, 0xfa, 0x03, 00, 00,
  0x70, 0x61, 0x72, 0x61, 0x6d, 00, 00, 00, 0x05, 00, 0x04, 00,
  0xfc, 0x03, 00, 00, 0x70, 0x61, 0x72, 0x61, 0x6d, 00, 00, 00,
  0x05, 00, 0x04, 00, 0xfd, 0x03, 00, 00, 0x70, 0x61, 0x72, 0x61,
  0x6d, 00, 00, 00, 0x05, 00, 0x03, 00, 0xff, 0x03, 00, 00,
  0x67, 0x31, 00, 00, 0x05, 00, 0x04, 00, 0x01, 0x04, 00, 00,
  0x70, 0x61, 0x72, 0x61, 0x6d, 00, 00, 00, 0x05, 00, 0x04, 00,
  0x03, 0x04, 00, 00, 0x70, 0x61, 0x72, 0x61, 0x6d, 00, 00, 00,
  0x05, 00, 0x04, 00, 0x04, 0x04, 00, 00, 0x70, 0x61, 0x72, 0x61,
  0x6d, 00, 00, 00, 0x05, 00, 0x03, 00, 0x06, 0x04, 00, 00,
  0x62, 0x30, 00, 00, 0x05, 00, 0x04, 00, 0x08, 0x04, 00, 00,
  0x70, 0x61, 0x72, 0x61, 0x6d, 00, 00, 00, 0x05, 00, 0x04, 00,
  0x0a, 0x04, 00, 00, 0x70, 0x61, 0x72, 0x61, 0x6d, 00, 00, 00,
  0x05, 00, 0x04, 00, 0x0b, 0x04, 00, 00, 0x70, 0x61, 0x72, 0x61,
  0x6d, 00, 00, 00, 0x05, 00, 0x03, 00, 0x0d, 0x04, 00, 00,
  0x62, 0x31, 00, 00, 0x05, 00, 0x04, 00, 0x0e, 0x04, 00, 00,
  0x70, 0x61, 0x72, 0x61, 0x6d, 00, 00, 00, 0x05, 00, 0x04, 00,
  0x10, 0x04, 00, 00, 0x70, 0x61, 0x72, 0x61, 0x6d, 00, 00, 00,
  0x05, 00, 0x04, 00, 0x11, 0x04, 00, 00, 0x70, 0x61, 0x72, 0x61,
  0x6d, 00, 00, 00, 0x05, 00, 0x03, 00, 0x13, 0x04, 00, 00,
  0x61, 0x30, 00, 00, 0x05, 00, 0x04, 00, 0x14, 0x04, 00, 00,
  0x70, 0x61, 0x72, 0x61, 0x6d, 00, 00, 00, 0x05, 00, 0x04, 00,
  0x16, 0x04, 00, 00, 0x70, 0x61, 0x72, 0x61, 0x6d, 00, 00, 00,
  0x05, 00, 0x04, 00, 0x17, 0x04, 00, 00, 0x70, 0x61, 0x72, 0x61,
  0x6d, 00, 00, 00, 0x05, 00, 0x03, 00, 0x19, 0x04, 00, 00,
  0x61, 0x31, 00, 00, 0x05, 00, 0x04, 00, 0x1a, 0x04, 00, 00,
  0x70, 0x61, 0x72, 0x61, 0x6d, 00, 00, 00, 0x05, 00, 0x04, 00,
  0x1c, 0x04, 00, 00, 0x70, 0x61, 0x72, 0x61, 0x6d, 00, 00, 00,
  0x05, 00, 0x04, 00, 0x1d, 0x04, 00, 00, 0x70, 0x61, 0x72, 0x61,
  0x6d, 00, 00, 00, 0x05, 00, 0x06, 00, 0x1f, 0x04, 00, 00,
  0x70, 0x72, 0x69, 0x6d, 0x61, 0x72, 0x79, 0x5f, 0x69, 0x6e, 0x64, 0x65,
  0x78, 00, 00, 00, 0x05, 00, 0x04, 00, 0x29, 0x04, 00, 00,
  0x70, 0x61, 0x72, 0x61, 0x6d, 00, 00, 00, 0x05, 00, 0x04, 00,
  0x2b, 0x04, 00, 00, 0x70, 0x61, 0x72, 0x61, 0x6d, 00, 00, 00,
  0x05, 00, 0x04, 00, 0x2c, 0x04, 00, 00, 0x70, 0x61, 0x72, 0x61,
  0x6d, 00, 00, 00, 0x05, 00, 0x06, 00, 0x2e, 0x04, 00, 00,
  0x73, 0x65, 0x63, 0x6f, 0x6e, 0x64, 0x61, 0x72, 0x79, 0x5f, 0x69, 0x6e,
  0x64, 0x65, 0x78, 00, 0x05, 00, 0x04, 00, 0x36, 0x04, 00, 00,
  0x70, 0x61, 0x72, 0x61, 0x6d, 00, 00, 00, 0x05, 00, 0x04, 00,
  0x38, 0x04, 00, 00, 0x70, 0x61, 0x72, 0x61, 0x6d, 00, 00, 00,
  0x05, 00, 0x04, 00, 0x39, 0x04, 00, 00, 0x70, 0x61, 0x72, 0x61,
  0x6d, 00, 00, 00, 0x05, 00, 0x06, 00, 0x3b, 0x04, 00, 00,
  0x63, 0x6f, 0x6c, 0x6f, 0x72, 0x5f, 0x77, 0x65, 0x69, 0x67, 0x68, 0x74,
  00, 00, 00, 00, 0x05, 00, 0x05, 00, 0x3d, 0x04, 00, 00,
  0x69, 0x6e, 0x64, 0x65, 0x78, 0x61, 0x62, 0x6c, 0x65, 00, 00, 00,
  0x05, 00, 0x06, 00, 0x40, 0x04, 00, 00, 0x61, 0x6c, 0x70, 0x68,
  0x61, 0x5f, 0x77, 0x65, 0x69, 0x67, 0x68, 0x74, 00, 00, 00, 00,
  0x05, 00, 0x05, 00, 0x42, 0x04, 00, 00, 0x69, 0x6e, 0x64, 0x65,
  0x78, 0x61, 0x62, 0x6c, 0x65, 00, 00, 00, 0x05, 00, 0x03, 00,
  0x48, 0x04, 00, 00, 0x74, 0x6d, 0x70, 00, 0x05, 00, 0x04, 00,
  0x4c, 0x04, 00, 00, 0x72, 0x67, 0x62, 0x30, 00, 00, 00, 00,
  0x05, 00, 0x04, 00, 0x51, 0x04, 00, 00, 0x72, 0x67, 0x62, 0x31,
  00, 00, 00, 00, 0x05, 00, 0x03, 00, 0x87, 0x04, 00, 00,
  0x72, 0x6f, 0x74, 00, 0x05, 00, 0x04, 00, 0x88, 0x04, 00, 00,
  0x70, 0x61, 0x72, 0x61, 0x6d, 00, 00, 00, 0x05, 00, 0x04, 00,
  0x8a, 0x04, 00, 00, 0x70, 0x61, 0x72, 0x61, 0x6d, 00, 00, 00,
  0x05, 00, 0x04, 00, 0x8b, 0x04, 00, 00, 0x70, 0x61, 0x72, 0x61,
  0x6d, 00, 00, 00, 0x05, 00, 0x03, 00, 0x8d, 0x04, 00, 00,
  0x72, 0x30, 00, 00, 0x05, 00, 0x04, 00, 0x8e, 0x04, 00, 00,
  0x70, 0x61, 0x72, 0x61, 0x6d, 00, 00, 00, 0x05, 00, 0x04, 00,
  0x90, 0x04, 00, 00, 0x70, 0x61, 0x72, 0x61, 0x6d, 00, 00, 00,
  0x05, 00, 0x04, 00, 0x91, 0x04, 00, 00, 0x70, 0x61, 0x72, 0x61,
  0x6d, 00, 00, 00, 0x05, 00, 0x03, 00, 0x93, 0x04, 00, 00,
  0x72, 0x31, 00, 00, 0x05, 00, 0x04, 00, 0x94, 0x04, 00, 00,
  0x70, 0x61, 0x72, 0x61, 0x6d, 00, 00, 00, 0x05, 00, 0x04, 00,
  0x96, 0x04, 00, 00, 0x70, 0x61, 0x72, 0x61, 0x6d, 00, 00, 00,
  0x05, 00, 0x04, 00, 0x97, 0x04, 00, 00, 0x70, 0x61, 0x72, 0x61,
  0x6d, 00, 00, 00, 0x05, 00, 0x03, 00, 0x99, 0x04, 00, 00,
  0x67, 0x30, 00, 00, 0x05, 00, 0x04, 00, 0x9b, 0x04, 00, 00,
  0x70, 0x61, 0x72, 0x61, 0x6d, 00, 00, 00, 0x05, 00, 0x04, 00,
  0x9d, 0x04, 00, 00, 0x70, 0x61, 0x72, 0x61, 0x6d, 00, 00, 00,
  0x05, 00, 0x04, 00, 0x9e, 0x04, 00, 00, 0x70, 0x61, 0x72, 0x61,
  0x6d, 00, 00, 00, 0x05, 00, 0x03, 00, 0xa0, 0x04, 00, 00,
  0x67, 0x31, 00, 00, 0x05, 00, 0x04, 00, 0xa1, 0x04, 00, 00,
  0x70, 0x61, 0x72, 0x61, 0x6d, 00, 00, 00, 0x05, 00, 0x04, 00,
  0xa3, 0x04, 00, 00, 0x70, 0x61, 0x72, 0x61, 0x6d, 00, 00, 00,
  0x05, 00, 0x04, 00, 0xa4, 0x04, 00, 00, 0x70, 0x61, 0x72, 0x61,
  0x6d, 00, 00, 00, 0x05, 00, 0x03, 00, 0xa6, 0x04, 00, 00,
  0x62, 0x30, 00, 00, 0x05, 00, 0x04, 00, 0xa8, 0x04, 00, 00,
  0x70, 0x61, 0x72, 0x61, 0x6d, 00, 00, 00, 0x05, 00, 0x04, 00,
  0xaa, 0x04, 00, 00, 0x70, 0x61, 0x72, 0x61, 0x6d, 00, 00, 00,
  0x05, 00, 0x04, 00, 0xab, 0x04, 00, 00, 0x70, 0x61, 0x72, 0x61,
  0x6d, 00, 00, 00, 0x05, 00, 0x03, 00, 0xad, 0x04, 00, 00,
  0x62, 0x31, 00, 00, 0x05, 00, 0x04, 00, 0xae, 0x04, 00, 00,
  0x70, 0x61, 0x72, 0x61, 0x6d, 00, 00, 00, 0x05, 00, 0x04, 00,
  0xb0, 0x04, 00, 00, 0x70, 0x61, 0x72, 0x61, 0x6d, 00, 00, 00,
  0x05, 00, 0x04, 00, 0xb1, 0x04, 00, 00, 0x70, 0x61, 0x72, 0x61,
  0x6d, 00, 00, 00, 0x05, 00, 0x03, 00, 0xb3, 0x04, 00, 00,
  0x61, 0x30, 00, 00, 0x05, 00, 0x04, 00, 0xb4, 0x04, 00, 00,
  0x70, 0x61, 0x72, 0x61, 0x6d, 00, 00, 00, 0x05, 00, 0x04, 00,
  0xb6, 0x04, 00, 00, 0x70, 0x61, 0x72, 0x61, 0x6d, 00, 00, 00,
  0x05, 00, 0x04, 00, 0xb7, 0x04, 00, 00, 0x70, 0x61, 0x72, 0x61,
  0x6d, 00, 00, 00, 0x05, 00, 0x03, 00, 0xb9, 0x04, 00, 00,
  0x61, 0x31, 00, 00, 0x05, 00, 0x04, 00, 0xbb, 0x04, 00, 00,
  0x70, 0x61, 0x72, 0x61, 0x6d, 00, 00, 00, 0x05, 00, 0x04, 00,
  0xbd, 0x04, 00, 00, 0x70, 0x61, 0x72, 0x61, 0x6d, 00, 00, 00,
  0x05, 00, 0x04, 00, 0xbe, 0x04, 00, 00, 0x70, 0x61, 0x72, 0x61,
  0x6d, 00, 00, 00, 0x05, 00, 0x06, 00, 0xc0, 0x04, 00, 00,
  0x70, 0x72, 0x69, 0x6d, 0x61, 0x72, 0x79, 0x5f, 0x69, 0x6e, 0x64, 0x65,
  0x78, 00, 00, 00, 0x05, 00, 0x04, 00, 0xc9, 0x04, 00, 00,
  0x70, 0x61, 0x72, 0x61, 0x6d, 00, 00, 00, 0x05, 00, 0x04, 00,
  0xcb, 0x04, 00, 00, 0x70, 0x61, 0x72, 0x61, 0x6d, 00, 00, 00,
  0x05, 00, 0x04, 00, 0xcc, 0x04, 00, 00, 0x70, 0x61, 0x72, 0x61,
  0x6d, 00, 00, 00, 0x05, 00, 0x06, 00, 0xce, 0x04, 00, 00,
  0x73, 0x65, 0x63, 0x6f, 0x6e, 0x64, 0x61, 0x72, 0x79, 0x5f, 0x69, 0x6e,
  0x64, 0x65, 0x78, 00, 0x05, 00, 0x04, 00, 0xd7, 0x04, 00, 00,
  0x70, 0x61, 0x72, 0x61, 0x6d, 00, 00, 00, 0x05, 00, 0x04, 00,
  0xd9, 0x04, 00, 00, 0x70, 0x61, 0x72, 0x61, 0x6d, 00, 00, 00,
  0x05, 00, 0x04, 00, 0xda, 0x04, 00, 00, 0x70, 0x61, 0x72, 0x61,
  0x6d, 00, 00, 00, 0x05, 00, 0x06, 00, 0xdc, 0x04, 00, 00,
  0x63, 0x6f, 0x6c, 0x6f, 0x72, 0x5f, 0x77, 0x65, 0x69, 0x67, 0x68, 0x74,
  00, 00, 00, 00, 0x05, 00, 0x05, 00, 0xde, 0x04, 00, 00,
  0x69, 0x6e, 0x64, 0x65, 0x78, 0x61, 0x62, 0x6c, 0x65, 00, 00, 00,
  0x05, 00, 0x06, 00, 0xe1, 0x04, 00, 00, 0x61, 0x6c, 0x70, 0x68,
  0x61, 0x5f, 0x77, 0x65, 0x69, 0x67, 0x68, 0x74, 00, 00, 00, 00,
  0x05, 00, 0x05, 00, 0xe3, 0x04, 00, 00, 0x69, 0x6e, 0x64, 0x65,
  0x78, 0x61, 0x62, 0x6c, 0x65, 00, 00, 00, 0x05, 00, 0x04, 00,
  0xe6, 0x04, 00, 00, 0x72, 0x67, 0x62, 0x30, 00, 00, 00, 00,
  0x05, 00, 0x04, 00, 0xeb, 0x04, 00, 00, 0x72, 0x67, 0x62, 0x31,
  00, 00, 00, 00, 0x05, 00, 0x04, 00, 0x17, 0x05, 00, 00,
  0x73, 0x65, 0x70, 0x30, 00, 00, 00, 00, 0x05, 00, 0x04, 00,
  0x19, 0x05, 00, 00, 0x70, 0x61, 0x72, 0x61, 0x6d, 00, 00, 00,
  0x05, 00, 0x04, 00, 0x1b, 0x05, 00, 00, 0x70, 0x61, 0x72, 0x61,
  0x6d, 00, 00, 00, 0x05, 00, 0x04, 00, 0x1c, 0x05, 00, 00,
  0x70, 0x61, 0x72, 0x61, 0x6d, 00, 00, 00, 0x05, 00, 0x04, 00,
  0x1e, 0x05, 00, 00, 0x73, 0x65, 0x70, 0x31, 00, 00, 00, 00,
  0x05, 00, 0x04, 00, 0x1f, 0x05, 00, 00, 0x70, 0x61, 0x72, 0x61,
  0x6d, 00, 00, 00, 0x05, 00, 0x04, 00, 0x21, 0x05, 00, 00,
  0x70, 0x61, 0x72, 0x61, 0x6d, 00, 00, 00, 0x05, 00, 0x04, 00,
  0x22, 0x05, 00, 00, 0x70, 0x61, 0x72, 0x61, 0x6d, 00, 00, 00,
  0x05, 00, 0x03, 00, 0x24, 0x05, 00, 00, 0x72, 0x30, 00, 00,
  0x05, 00, 0x04, 00, 0x25, 0x05, 00, 00, 0x70, 0x61, 0x72, 0x61,
  0x6d, 00, 00, 00, 0x05, 00, 0x04, 00, 0x27, 0x05, 00, 00,
  0x70, 0x61, 0x72, 0x61, 0x6d, 00, 00, 00, 0x05, 00, 0x04, 00,
  0x28, 0x05, 00, 00, 0x70, 0x61, 0x72, 0x61, 0x6d, 00, 00, 00,
  0x05, 00, 0x03, 00, 0x2a, 0x05, 00, 00, 0x72, 0x31, 00, 00,
  0x05, 00, 0x04, 00, 0x2b, 0x05, 00, 00, 0x70, 0x61, 0x72, 0x61,
  0x6d, 00, 00, 00, 0x05, 00, 0x04, 00, 0x2d, 0x05, 00, 00,
  0x70, 0x61, 0x72, 0x61, 0x6d, 00, 00, 00, 0x05, 00, 0x04, 00,
  0x2e, 0x05, 00, 00, 0x70, 0x61, 0x72, 0x61, 0x6d, 00, 00, 00,
  0x05, 00, 0x03, 00, 0x30, 0x05, 00, 00, 0x67, 0x30, 00, 00,
  0x05, 00, 0x04, 00, 0x31, 0x05, 00, 00, 0x70, 0x61, 0x72, 0x61,
  0x6d, 00, 00, 00, 0x05, 00, 0x04, 00, 0x33, 0x05, 00, 00,
  0x70, 0x61, 0x72, 0x61, 0x6d, 00, 00, 00, 0x05, 00, 0x04, 00,
  0x34, 0x05, 00, 00, 0x70, 0x61, 0x72, 0x61, 0x6d, 00, 00, 00,
  0x05, 00, 0x03, 00, 0x36, 0x05, 00, 00, 0x67, 0x31, 00, 00,
  0x05, 00, 0x04, 00, 0x37, 0x05, 00, 00, 0x70, 0x61, 0x72, 0x61,
  0x6d, 00, 00, 00, 0x05, 00, 0x04, 00, 0x39, 0x05, 00, 00,
  0x70, 0x61, 0x72, 0x61, 0x6d, 00, 00, 00, 0x05, 00, 0x04, 00,
  0x3a, 0x05, 00, 00, 0x70, 0x61, 0x72, 0x61, 0x6d, 00, 00, 00,
  0x05, 00, 0x03, 00, 0x3c, 0x05, 00, 00, 0x62, 0x30, 00, 00,
  0x05, 00, 0x04, 00, 0x3e, 0x05, 00, 00, 0x70, 0x61, 0x72, 0x61,
  0x6d, 00, 00, 00, 0x05, 00, 0x04, 00, 0x40, 0x05, 00, 00,
  0x70, 0x61, 0x72, 0x61, 0x6d, 00, 00, 00, 0x05, 00, 0x04, 00,
  0x41, 0x05, 00, 00, 0x70, 0x61, 0x72, 0x61, 0x6d, 00, 00, 00,
  0x05, 00, 0x03, 00, 0x43, 0x05, 00, 00, 0x62, 0x31, 00, 00,
  0x05, 00, 0x04, 00, 0x45, 0x05, 00, 00, 0x70, 0x61, 0x72, 0x61,
  0x6d, 00, 00, 00, 0x05, 00, 0x04, 00, 0x47, 0x05, 00, 00,
  0x70, 0x61, 0x72, 0x61, 0x6d, 00, 00, 00, 0x05, 00, 0x04, 00,
  0x48, 0x05, 00, 00, 0x70, 0x61, 0x72, 0x61, 0x6d, 00, 00, 00,
  0x05, 00, 0x03, 00, 0x4a, 0x05, 00, 00, 0x61, 0x30, 00, 00,
  0x05, 00, 0x04, 00, 0x4b, 0x05, 00, 00, 0x70, 0x61, 0x72, 0x61,
  0x6d, 00, 00, 00, 0x05, 00, 0x04, 00, 0x4d, 0x05, 00, 00,
  0x70, 0x61, 0x72, 0x61, 0x6d, 00, 00, 00, 0x05, 00, 0x04, 00,
  0x4e, 0x05, 00, 00, 0x70, 0x61, 0x72, 0x61, 0x6d, 00, 00, 00,
  0x05, 00, 0x03, 00, 0x50, 0x05, 00, 00, 0x61, 0x31, 00, 00,
  0x05, 00, 0x04, 00, 0x51, 0x05, 00, 00, 0x70, 0x61, 0x72, 0x61,
  0x6d, 00, 00, 00, 0x05, 00, 0x04, 00, 0x53, 0x05, 00, 00,
  0x70, 0x61, 0x72, 0x61, 0x6d, 00, 00, 00, 0x05, 00, 0x04, 00,
  0x54, 0x05, 00, 00, 0x70, 0x61, 0x72, 0x61, 0x6d, 00, 00, 00,
  0x05, 00, 0x03, 00, 0x58, 0x05, 00, 00, 0x65, 0x70, 0x30, 00,
  0x05, 00, 0x03, 00, 0x63, 0x05, 00, 00, 0x65, 0x70, 0x31, 00,
  0x05, 00, 0x04, 00, 0x6e, 0x05, 00, 00, 0x69, 0x6e, 0x64, 0x65,
  0x78, 00, 00, 00, 0x05, 00, 0x04, 00, 0x76, 0x05, 00, 00,
  0x70, 0x61, 0x72, 0x61, 0x6d, 00, 00, 00, 0x05, 00, 0x04, 00,
  0x78, 0x05, 00, 00, 0x70, 0x61, 0x72, 0x61, 0x6d, 00, 00, 00,
  0x05, 00, 0x04, 00, 0x79, 0x05, 00, 00, 0x70, 0x61, 0x72, 0x61,
  0x6d, 00, 00, 00, 0x05, 00, 0x03, 00, 0x7b, 0x05, 00, 00,
  0x77, 00, 00, 00, 0x05, 00, 0x05, 00, 0x87, 0x05, 00, 00,
  0x69, 0x6e, 0x64, 0x65, 0x78, 0x61, 0x62, 0x6c, 0x65, 00, 00, 00,
  0x05, 00, 0x05, 00, 0x95, 0x05, 00, 00, 0x70, 0x61, 0x72, 0x74,
  0x5f, 0x69, 0x6e, 0x64, 0x65, 0x78, 00, 00, 0x05, 00, 0x04, 00,
  0x96, 0x05, 00, 00, 0x70, 0x61, 0x72, 0x61, 0x6d, 00, 00, 00,
  0x05, 00, 0x04, 00, 0x98, 0x05, 00, 00, 0x70, 0x61, 0x72, 0x61,
  0x6d, 00, 00, 00, 0x05, 00, 0x04, 00, 0x99, 0x05, 00, 00,
  0x70, 0x61, 0x72, 0x61, 0x6d, 00, 00, 00, 0x05, 00, 0x04, 00,
  0x9b, 0x05, 00, 00, 0x70, 0x61, 0x72, 0x74, 00, 00, 00, 00,
  0x05, 00, 0x05, 00, 0x9d, 0x05, 00, 00, 0x69, 0x6e, 0x64, 0x65,
  0x78, 0x61, 0x62, 0x6c, 0x65, 00, 00, 00, 0x05, 00, 0x05, 00,
  0xa3, 0x05, 00, 00, 0x62, 0x69, 0x74, 0x5f, 0x6f, 0x66, 0x66, 0x73,
  0x65, 0x74, 00, 00, 0x05, 00, 0x03, 00, 0xa6, 0x05, 00, 00,
  0x72, 0x30, 00, 00, 0x05, 00, 0x04, 00, 0xa9, 0x05, 00, 00,
  0x70, 0x61, 0x72, 0x61, 0x6d, 00, 00, 00, 0x05, 00, 0x04, 00,
  0xab, 0x05, 00, 00, 0x70, 0x61, 0x72, 0x61, 0x6d, 00, 00, 00,
  0x05, 00, 0x04, 00, 0xac, 0x05, 00, 00, 0x70, 0x61, 0x72, 0x61,
  0x6d, 00, 00, 00, 0x05, 00, 0x03, 00, 0xae, 0x05, 00, 00,
  0x72, 0x31, 00, 00, 0x05, 00, 0x04, 00, 0xb2, 0x05, 00, 00,
  0x70, 0x61, 0x72, 0x61, 0x6d, 00, 00, 00, 0x05, 00, 0x04, 00,
  0xb4, 0x05, 00, 00, 0x70, 0x61, 0x72, 0x61, 0x6d, 00, 00, 00,
  0x05, 00, 0x04, 00, 0xb5, 0x05, 00, 00, 0x70, 0x61, 0x72, 0x61,
  0x6d, 00, 00, 00, 0x05, 00, 0x03, 00, 0xb7, 0x05, 00, 00,
  0x67, 0x30, 00, 00, 0x05, 00, 0x04, 00, 0xba, 0x05, 00, 00,
  0x70, 0x61, 0x72, 0x61, 0x6d, 00, 00, 00, 0x05, 00, 0x04, 00,
  0xbc, 0x05, 00, 00, 0x70, 0x61, 0x72, 0x61, 0x6d, 00, 00, 00,
  0x05, 00, 0x04, 00, 0xbd, 0x05, 00, 00, 0x70, 0x61, 0x72, 0x61,
  0x6d, 00, 00, 00, 0x05, 00, 0x03, 00, 0xbf, 0x05, 00, 00,
  0x67, 0x31, 00, 00, 0x05, 00, 0x04, 00, 0xc2, 0x05, 00, 00,
  0x70, 0x61, 0x72, 0x61, 0x6d, 00, 00, 00, 0x05, 00, 0x04, 00,
  0xc4, 0x05, 00, 00, 0x70, 0x61, 0x72, 0x61, 0x6d, 00, 00, 00,
  0x05, 00, 0x04, 00, 0xc5, 0x05, 00, 00, 0x70, 0x61, 0x72, 0x61,
  0x6d, 00, 00, 00, 0x05, 00, 0x03, 00, 0xc7, 0x05, 00, 00,
  0x62, 0x30, 00, 00, 0x05, 00, 0x04, 00, 0xcb, 0x05, 00, 00,
  0x70, 0x61, 0x72, 0x61, 0x6d, 00, 00, 00, 0x05, 00, 0x04, 00,
  0xcd, 0x05, 00, 00, 0x70, 0x61, 0x72, 0x61, 0x6d, 00, 00, 00,
  0x05, 00, 0x04, 00, 0xce, 0x05, 00, 00, 0x70, 0x61, 0x72, 0x61,
  0x6d, 00, 00, 00, 0x05, 00, 0x03, 00, 0xd0, 0x05, 00, 00,
  0x62, 0x31, 00, 00, 0x05, 00, 0x04, 00, 0xd4, 0x05, 00, 00,
  0x70, 0x61, 0x72, 0x61, 0x6d, 00, 00, 00, 0x05, 00, 0x04, 00,
  0xd6, 0x05, 00, 00, 0x70, 0x61, 0x72, 0x61, 0x6d, 00, 00, 00,
  0x05, 00, 0x04, 00, 0xd7, 0x05, 00, 00, 0x70, 0x61, 0x72, 0x61,
  0x6d, 00, 00, 00, 0x05, 00, 0x03, 00, 0xd9, 0x05, 00, 00,
  0x61, 0x30, 00, 00, 0x05, 00, 0x04, 00, 0xdc, 0x05, 00, 00,
  0x70, 0x61, 0x72, 0x61, 0x6d, 00, 00, 00, 0x05, 00, 0x04, 00,
  0xde, 0x05, 00, 00, 0x70, 0x61, 0x72, 0x61, 0x6d, 00, 00, 00,
  0x05, 00, 0x04, 00, 0xdf, 0x05, 00, 00, 0x70, 0x61, 0x72, 0x61,
  0x6d, 00, 00, 00, 0x05, 00, 0x03, 00, 0xe1, 0x05, 00, 00,
  0x61, 0x31, 00, 00, 0x05, 00, 0x04, 00, 0xe5, 0x05, 00, 00,
  0x70, 0x61, 0x72, 0x61, 0x6d, 00, 00, 00, 0x05, 00, 0x04, 00,
  0xe7, 0x05, 00, 00, 0x70, 0x61, 0x72, 0x61, 0x6d, 00, 00, 00,
  0x05, 00, 0x04, 00, 0xe8, 0x05, 00, 00, 0x70, 0x61, 0x72, 0x61,
  0x6d, 00, 00, 00, 0x05, 00, 0x04, 00, 0xea, 0x05, 00, 00,
  0x73, 0x65, 0x70, 0x30, 00, 00, 00, 00, 0x05, 00, 0x04, 00,
  0xee, 0x05, 00, 00, 0x70, 0x61, 0x72, 0x61, 0x6d, 00, 00, 00,
  0x05, 00, 0x04, 00, 0xf0, 0x05, 00, 00, 0x70, 0x61, 0x72, 0x61,
  0x6d, 00, 00, 00, 0x05, 00, 0x04, 00, 0xf1, 0x05, 00, 00,
  0x70, 0x61, 0x72, 0x61, 0x6d, 00, 00, 00, 0x05, 00, 0x04, 00,
  0xf3, 0x05, 00, 00, 0x73, 0x65, 0x70, 0x31, 00, 00, 00, 00,
  0x05, 00, 0x04, 00, 0xf7, 0x05, 00, 00, 0x70, 0x61, 0x72, 0x61,
  0x6d, 00, 00, 00, 0x05, 00, 0x04, 00, 0xf9, 0x05, 00, 00,
  0x70, 0x61, 0x72, 0x61, 0x6d, 00, 00, 00, 0x05, 00, 0x04, 00,
  0xfa, 0x05, 00, 00, 0x70, 0x61, 0x72, 0x61, 0x6d, 00, 00, 00,
  0x05, 00, 0x06, 00, 0xfc, 0x05, 00, 00, 0x61, 0x6e, 0x63, 0x68,
  0x6f, 0x72, 0x5f, 0x70, 0x69, 0x78, 0x65, 0x6c, 00, 00, 00, 00,
  0x05, 00, 0x05, 00, 0xfe, 0x05, 00, 00, 0x69, 0x6e, 0x64, 0x65,
  0x78, 0x61, 0x62, 0x6c, 0x65, 00, 00, 00, 0x05, 00, 0x04, 00,
  0x01, 0x06, 00, 00, 0x69, 0x6e, 0x64, 0x65, 0x78, 00, 00, 00,
  0x05, 00, 0x04, 00, 0x12, 0x06, 00, 00, 0x70, 0x61, 0x72, 0x61,
  0x6d, 00, 00, 00, 0x05, 00, 0x04, 00, 0x14, 0x06, 00, 00,
  0x70, 0x61, 0x72, 0x61, 0x6d, 00, 00, 00, 0x05, 00, 0x04, 00,
  0x15, 0x06, 00, 00, 0x70, 0x61, 0x72, 0x61, 0x6d, 00, 00, 00,
  0x05, 00, 0x04, 00, 0x17, 0x06, 00, 00, 0x72, 0x67, 0x62, 0x61,
  0x30, 00, 00, 00, 0x05, 00, 0x04, 00, 0x1d, 0x06, 00, 00,
  0x72, 0x67, 0x62, 0x61, 0x31, 00, 00, 00, 0x05, 00, 0x03, 00,
  0x39, 0x06, 00, 00, 0x77, 00, 00, 00, 0x05, 00, 0x05, 00,
  0x3b, 0x06, 00, 00, 0x69, 0x6e, 0x64, 0x65, 0x78, 0x61, 0x62, 0x6c,
  0x65, 00, 00, 00, 0x05, 00, 0x03, 00, 0x4a, 0x06, 00, 00,
  0x72, 0x67, 0x62, 00, 0x05, 00, 0x03, 00, 0x60, 0x06, 00, 00,
  0x61, 00, 00, 00, 0x05, 00, 0x04, 00, 0x70, 0x06, 00, 00,
  0x72, 0x67, 0x62, 0x61, 00, 00, 00, 00, 0x05, 00, 0x04, 00,
  0x8c, 0x06, 00, 00, 0x66, 0x6f, 0x72, 0x6d, 0x61, 0x74, 00, 00,
  0x05, 00, 0x05, 00, 0x8d, 0x06, 00, 00, 0x52, 0x65, 0x67, 0x69,
  0x73, 0x74, 0x65, 0x72, 0x73, 00, 00, 00, 0x06, 00, 0x05, 00,
  0x8d, 0x06, 00, 00, 00, 00, 00, 00, 0x66, 0x6f, 0x72, 0x6d,
  0x61, 0x74, 00, 00, 0x06, 00, 0x05, 00, 0x8d, 0x06, 00, 00,
  0x01, 00, 00, 00, 0x77, 0x69, 0x64, 0x74, 0x68, 00, 00, 00,
  0x06, 00, 0x05, 00, 0x8d, 0x06, 00, 00, 0x02, 00, 00, 00,
  0x68, 0x65, 0x69, 0x67, 0x68, 0x74, 00, 00, 0x06, 00, 0x05, 00,
  0x8d, 0x06, 00, 00, 0x03, 00, 00, 00, 0x64, 0x65, 0x70, 0x74,
  0x68, 00, 00, 00, 0x06, 00, 0x05, 00, 0x8d, 0x06, 00, 00,
  0x04, 00, 00, 00, 0x6f, 0x66, 0x66, 0x73, 0x65, 0x74, 00, 00,
  0x06, 00, 0x07, 00, 0x8d, 0x06, 00, 00, 0x05, 00, 00, 00,
  0x62, 0x75, 0x66, 0x66, 0x65, 0x72, 0x52, 0x6f, 0x77, 0x4c, 0x65, 0x6e,
  0x67, 0x74, 0x68, 00, 0x06, 00, 0x08, 00, 0x8d, 0x06, 00, 00,
  0x06, 00, 00, 00, 0x62, 0x75, 0x66, 0x66, 0x65, 0x72, 0x49, 0x6d,
  0x61, 0x67, 0x65, 0x48, 0x65, 0x69, 0x67, 0x68, 0x74, 00, 00, 00,
  0x06, 00, 0x05, 00, 0x8d, 0x06, 00, 00, 0x07, 00, 00, 00,
  0x6f, 0x66, 0x66, 0x73, 0x65, 0x74, 0x58, 00, 0x06, 00, 0x05, 00,
  0x8d, 0x06, 00, 00, 0x08, 00, 00, 00, 0x6f, 0x66, 0x66, 0x73,
  0x65, 0x74, 0x59, 00, 0x05, 00, 0x05, 00, 0x8f, 0x06, 00, 00,
  0x72, 0x65, 0x67, 0x69, 0x73, 0x74, 0x65, 0x72, 0x73, 00, 00, 00,
  0x05, 00, 0x04, 00, 0x93, 0x06, 00, 00, 0x77, 0x69, 0x64, 0x74,
  0x68, 00, 00, 00, 0x05, 00, 0x04, 00, 0x96, 0x06, 00, 00,
  0x64, 0x65, 0x70, 0x74, 0x68, 00, 00, 00, 0x05, 00, 0x04, 00,
  0x99, 0x06, 00, 00, 0x68, 0x65, 0x69, 0x67, 0x68, 0x74, 00, 00,
  0x05, 00, 0x04, 00, 0x9c, 0x06, 00, 00, 0x6f, 0x66, 0x66, 0x73,
  0x65, 0x74, 00, 00, 0x05, 00, 0x06, 00, 0x9f, 0x06, 00, 00,
  0x62, 0x75, 0x66, 0x66, 0x65, 0x72, 0x52, 0x6f, 0x77, 0x4c, 0x65, 0x6e,
  0x67, 0x74, 0x68, 00, 0x05, 00, 0x07, 00, 0xa2, 0x06, 00, 00,
  0x62, 0x75, 0x66, 0x66, 0x65, 0x72, 0x49, 0x6d, 0x61, 0x67, 0x65, 0x48,
  0x65, 0x69, 0x67, 0x68, 0x74, 00, 00, 00, 0x05, 00, 0x05, 00,
  0xa5, 0x06, 00, 00, 0x72, 0x65, 0x73, 0x6f, 0x6c, 0x75, 0x74, 0x69,
  0x6f, 0x6e, 00, 00, 0x05, 00, 0x03, 00, 0xaa, 0x06, 00, 00,
  0x78, 00, 00, 00, 0x05, 00, 0x08, 00, 0xac, 0x06, 00, 00,
  0x67, 0x6c, 0x5f, 0x47, 0x6c, 0x6f, 0x62, 0x61, 0x6c, 0x49, 0x6e, 0x76,
  0x6f, 0x63, 0x61, 0x74, 0x69, 0x6f, 0x6e, 0x49, 0x44, 00, 00, 00,
  0x05, 00, 0x03, 00, 0xb1, 0x06, 00, 00, 0x79, 00, 00, 00,
  0x05, 00, 0x03, 00, 0xb5, 0x06, 00, 00, 0x7a, 00, 00, 00,
  0x05, 00, 0x04, 00, 0xba, 0x06, 00, 00, 0x63, 0x6f, 0x6f, 0x72,
  0x64, 00, 00, 00, 0x05, 00, 0x05, 00, 0xc7, 0x06, 00, 00,
  0x74, 0x69, 0x6c, 0x65, 0x5f, 0x63, 0x6f, 0x6f, 0x72, 0x64, 00, 00,
  0x05, 00, 0x05, 00, 0xce, 0x06, 00, 00, 0x70, 0x69, 0x78, 0x65,
  0x6c, 0x5f, 0x63, 0x6f, 0x6f, 0x72, 0x64, 00, 0x05, 00, 0x06, 00,
  0xd3, 0x06, 00, 00, 0x6c, 0x69, 0x6e, 0x65, 0x61, 0x72, 0x5f, 0x70,
  0x69, 0x78, 0x65, 0x6c, 00, 00, 00, 00, 0x05, 00, 0x05, 00,
  0xda, 0x06, 00, 00, 0x72, 0x6f, 0x77, 0x45, 0x78, 0x74, 0x65, 0x6e,
  0x74, 00, 00, 00, 0x05, 00, 0x06, 00, 0xde, 0x06, 00, 00,
  0x73, 0x6c, 0x69, 0x63, 0x65, 0x45, 0x78, 0x74, 0x65, 0x6e, 0x74, 0x59,
  00, 00, 00, 00, 0x05, 00, 0x06, 00, 0xe2, 0x06, 00, 00,
  0x62, 0x6c, 0x6f, 0x63, 0x6b, 0x73, 0x5f, 0x70, 0x65, 0x72, 0x5f, 0x72,
  0x6f, 0x77, 00, 00, 0x05, 00, 0x07, 00, 0xe6, 0x06, 00, 00,
  0x62, 0x6c, 0x6f, 0x63, 0x6b, 0x73, 0x5f, 0x70, 0x65, 0x72, 0x5f, 0x73,
  0x6c, 0x69, 0x63, 0x65, 0x5f, 0x79, 00, 00, 0x05, 00, 0x07, 00,
  0xea, 0x06, 00, 00, 0x62, 0x6c, 0x6f, 0x63, 0x6b, 0x73, 0x5f, 0x70,
  0x65, 0x72, 0x5f, 0x73, 0x6c, 0x69, 0x63, 0x65, 00, 00, 00, 00,
  0x05, 00, 0x05, 00, 0xee, 0x06, 00, 00, 0x62, 0x6c, 0x6f, 0x63,
  0x6b, 0x5f, 0x69, 0x6e, 0x64, 0x65, 0x78, 00, 0x05, 00, 0x06, 00,
  0xfb, 0x06, 00, 00, 0x62, 0x6c, 0x6f, 0x63, 0x6b, 0x5f, 0x6f, 0x66,
  0x66, 0x73, 0x65, 0x74, 00, 00, 00, 00, 0x05, 00, 0x04, 00,
  0xfe, 0x06, 00, 00, 0x70, 0x61, 0x79, 0x6c, 0x6f, 0x61, 0x64, 00,
  0x05, 00, 0x05, 00, 00, 0x07, 00, 00, 0x75, 0x49, 0x6e, 0x70,
  0x75, 0x74, 0x42, 0x6c, 0x6f, 0x63, 0x6b, 00, 0x06, 00, 0x05, 00,
  00, 0x07, 00, 00, 00, 00, 00, 00, 0x64, 0x61, 0x74, 0x61,
  00, 00, 00, 00, 0x05, 00, 0x04, 00, 0x02, 0x07, 00, 00,
  0x75, 0x49, 0x6e, 0x70, 0x75, 0x74, 00, 00, 0x05, 00, 0x04, 00,
  0x14, 0x07, 00, 00, 0x69, 0x73, 0x5f, 0x73, 0x72, 0x67, 0x62, 00,
  0x05, 00, 0x04, 00, 0x18, 0x07, 00, 00, 0x6d, 0x6f, 0x64, 0x65,
  00, 00, 00, 00, 0x05, 00, 0x04, 00, 0x27, 0x07, 00, 00,
  0x69, 0x6e, 0x74, 0x65, 0x72, 0x70, 00, 00, 0x05, 00, 0x04, 00,
  0x28, 0x07, 00, 00, 0x70, 0x61, 0x72, 0x61, 0x6d, 00, 00, 00,
  0x05, 00, 0x04, 00, 0x2a, 0x07, 00, 00, 0x70, 0x61, 0x72, 0x61,
  0x6d, 00, 00, 00, 0x05, 00, 0x04, 00, 0x2e, 0x07, 00, 00,
  0x70, 0x61, 0x72, 0x61, 0x6d, 00, 00, 00, 0x05, 00, 0x04, 00,
  0x30, 0x07, 00, 00, 0x70, 0x61, 0x72, 0x61, 0x6d, 00, 00, 00,
  0x05, 00, 0x04, 00, 0x34, 0x07, 00, 00, 0x70, 0x61, 0x72, 0x61,
  0x6d, 00, 00, 00, 0x05, 00, 0x04, 00, 0x36, 0x07, 00, 00,
  0x70, 0x61, 0x72, 0x61, 0x6d, 00, 00, 00, 0x05, 00, 0x04, 00,
  0x3a, 0x07, 00, 00, 0x70, 0x61, 0x72, 0x61, 0x6d, 00, 00, 00,
  0x05, 00, 0x04, 00, 0x3c, 0x07, 00, 00, 0x70, 0x61, 0x72, 0x61,
  0x6d, 00, 00, 00, 0x05, 00, 0x04, 00, 0x40, 0x07, 00, 00,
  0x70, 0x61, 0x72, 0x61, 0x6d, 00, 00, 00, 0x05, 00, 0x04, 00,
  0x42, 0x07, 00, 00, 0x70, 0x61, 0x72, 0x61, 0x6d, 00, 00, 00,
  0x05, 00, 0x04, 00, 0x46, 0x07, 00, 00, 0x70, 0x61, 0x72, 0x61,
  0x6d, 00, 00, 00, 0x05, 00, 0x04, 00, 0x48, 0x07, 00, 00,
  0x70, 0x61, 0x72, 0x61, 0x6d, 00, 00, 00, 0x05, 00, 0x04, 00,
  0x4c, 0x07, 00, 00, 0x70, 0x61, 0x72, 0x61, 0x6d, 00, 00, 00,
  0x05, 00, 0x04, 00, 0x4e, 0x07, 00, 00, 0x70, 0x61, 0x72, 0x61,
  0x6d, 00, 00, 00, 0x05, 00, 0x04, 00, 0x52, 0x07, 00, 00,
  0x70, 0x61, 0x72, 0x61, 0x6d, 00, 00, 00, 0x05, 00, 0x04, 00,
  0x54, 0x07, 00, 00, 0x70, 0x61, 0x72, 0x61, 0x6d, 00, 00, 00,
  0x05, 00, 0x05, 00, 0x5c, 0x07, 00, 00, 0x72, 0x67, 0x62, 0x61,
  0x5f, 0x72, 0x65, 0x73, 0x75, 0x6c, 0x74, 00, 0x05, 00, 0x04, 00,
  0x5d, 0x07, 00, 00, 0x70, 0x61, 0x72, 0x61, 0x6d, 00, 00, 00,
  0x05, 00, 0x07, 00, 0x63, 0x07, 00, 00, 0x64, 0x65, 0x63, 0x6f,
  0x6d, 0x70, 0x72, 0x65, 0x73, 0x73, 0x65, 0x64, 0x5f, 0x63, 0x6f, 0x6c,
  0x6f, 0x72, 00, 00, 0x05, 00, 0x05, 00, 0x69, 0x07, 00, 00,
  0x70, 0x69, 0x78, 0x65, 0x6c, 0x5f, 0x69, 0x6e, 0x64, 0x65, 0x78, 00,
  0x05, 00, 0x06, 00, 0x76, 0x07, 00, 00, 0x75, 0x4f, 0x75, 0x74,
  0x70, 0x75, 0x74, 0x42, 0x6c, 0x6f, 0x63, 0x6b, 00, 00, 00, 00,
  0x06, 00, 0x05, 00, 0x76, 0x07, 00, 00, 00, 00, 00, 00,
  0x64, 0x61, 0x74, 0x61, 00, 00, 00, 00, 0x05, 00, 0x04, 00,
  0x78, 0x07, 00, 00, 0x75, 0x4f, 0x75, 0x74, 0x70, 0x75, 0x74, 00,
  0x47, 00, 0x03, 00, 0xc9, 00, 00, 00, 0x18, 00, 00, 00,
  0x47, 00, 0x03, 00, 0x3d, 0x01, 00, 00, 0x18, 00, 00, 00,
  0x47, 00, 0x03, 00, 0x98, 0x01, 00, 00, 0x18, 00, 00, 00,
  0x47, 00, 0x03, 00, 0xf9, 0x01, 00, 00, 0x18, 00, 00, 00,
  0x47, 00, 0x03, 00, 0x43, 0x02, 00, 00, 0x18, 00, 00, 00,
  0x47, 00, 0x03, 00, 0x7d, 0x02, 00, 00, 0x18, 00, 00, 00,
  0x47, 00, 0x03, 00, 0x9b, 0x02, 00, 00, 0x18, 00, 00, 00,
  0x47, 00, 0x03, 00, 0xdb, 0x02, 00, 00, 0x18, 00, 00, 00,
  0x47, 00, 0x03, 00, 0x26, 0x03, 00, 00, 0x18, 00, 00, 00,
  0x47, 00, 0x03, 00, 0x44, 0x03, 00, 00, 0x18, 00, 00, 00,
  0x47, 00, 0x03, 00, 0x98, 0x03, 00, 00, 0x18, 00, 00, 00,
  0x47, 00, 0x03, 00, 0xca, 0x03, 00, 00, 0x18, 00, 00, 00,
  0x47, 00, 0x03, 00, 0x3d, 0x04, 00, 00, 0x18, 00, 00, 00,
  0x47, 00, 0x03, 00, 0x42, 0x04, 00, 00, 0x18, 00, 00, 00,
  0x47, 00, 0x03, 00, 0xde, 0x04, 00, 00, 0x18, 00, 00, 00,
  0x47, 00, 0x03, 00, 0xe3, 0x04, 00, 00, 0x18, 00, 00, 00,
  0x47, 00, 0x03, 00, 0x87, 0x05, 00, 00, 0x18, 00, 00, 00,
  0x47, 00, 0x03, 00, 0x9d, 0x05, 00, 00, 0x18, 00, 00, 00,
  0x47, 00, 0x03, 00, 0xfe, 0x05, 00, 00, 0x18, 00, 00, 00,
  0x47, 00, 0x03, 00, 0x3b, 0x06, 00, 00, 0x18, 00, 00, 00,
  0x47, 00, 0x03, 00, 0x8d, 0x06, 00, 00, 0x02, 00, 00, 00,
  0x48, 00, 0x05, 00, 0x8d, 0x06, 00, 00, 00, 00, 00, 00,
  0x23, 00, 00, 00, 00, 00, 00, 00, 0x48, 00, 0x05, 00,
  0x8d, 0x06, 00, 00, 0x01, 00, 00, 00, 0x23, 00, 00, 00,
  0x04, 00, 00, 00, 0x48, 00, 0x05, 00, 0x8d, 0x06, 00, 00,
  0x02, 00, 00, 00, 0x23, 00, 00, 00, 0x08, 00, 00, 00,
  0x48, 00, 0x05, 00, 0x8d, 0x06, 00, 00, 0x03, 00, 00, 00,
  0x23, 00, 00, 00, 0x0c, 00, 00, 00, 0x48, 00, 0x05, 00,
  0x8d, 0x06, 00, 00, 0x04, 00, 00, 00, 0x23, 00, 00, 00,
  0x10, 00, 00, 00, 0x48, 00, 0x05, 00, 0x8d, 0x06, 00, 00,
  0x05, 00, 00, 00, 0x23, 00, 00, 00, 0x14, 00, 00, 00,
  0x48, 00, 0x05, 00, 0x8d, 0x06, 00, 00, 0x06, 00, 00, 00,
  0x23, 00, 00, 00, 0x18, 00, 00, 00, 0x48, 00, 0x05, 00,
  0x8d, 0x06, 00, 00, 0x07, 00, 00, 00, 0x23, 00, 00, 00,
  0x1c, 00, 00, 00, 0x48, 00, 0x05, 00, 0x8d, 0x06, 00, 00,
  0x08, 00, 00, 00, 0x23, 00, 00, 00, 0x20, 00, 00, 00,
  0x47, 00, 0x04, 00, 0xac, 0x06, 00, 00, 0x0b, 00, 00, 00,
  0x1c, 00, 00, 00, 0x47, 00, 0x04, 00, 0xff, 0x06, 00, 00,
  0x06, 00, 00, 00, 0x04, 00, 00, 00, 0x47, 00, 0x03, 00,
  00, 0x07, 00, 00, 0x02, 00, 00, 00, 0x48, 00, 0x04, 00,
  00, 0x07, 00, 00, 00, 00, 00, 00, 0x18, 00, 00, 00,
  0x48, 00, 0x05, 00, 00, 0x07, 00, 00, 00, 00, 00, 00,
  0x23, 00, 00, 00, 00, 00, 00, 00, 0x47, 00, 0x03, 00,
  0x02, 0x07, 00, 00, 0x18, 00, 00, 00, 0x47, 00, 0x04, 00,
  0x02, 0x07, 00, 00, 0x21, 00, 00, 00, 0x01, 00, 00, 00,
  0x47, 00, 0x04, 00, 0x02, 0x07, 00, 00, 0x22, 00, 00, 00,
  00, 00, 00, 00, 0x47, 00, 0x04, 00, 0x75, 0x07, 00, 00,
  0x06, 00, 00, 00, 0x04, 00, 00, 00, 0x47, 00, 0x03, 00,
  0x76, 0x07, 00, 00, 0x02, 00, 00, 00, 0x48, 00, 0x04, 00,
  0x76, 0x07, 00, 00, 00, 00, 00, 00, 0x19, 00, 00, 00,
  0x48, 00, 0x05, 00, 0x76, 0x07, 00, 00, 00, 00, 00, 00,
  0x23, 00, 00, 00, 00, 00, 00, 00, 0x47, 00, 0x03, 00,
  0x78, 0x07, 00, 00, 0x19, 00, 00, 00, 0x47, 00, 0x04, 00,
  0x78, 0x07, 00, 00, 0x21, 00, 00, 00, 00, 00, 00, 00,
  0x47, 00, 0x04, 00, 0x78, 0x07, 00, 00, 0x22, 00, 00, 00,
  00, 00, 00, 00, 0x47, 00, 0x04, 00, 0x7d, 0x07, 00, 00,
  0x0b, 00, 00, 00, 0x19, 00, 00, 00, 0x13, 00, 0x02, 00,
  0x02, 00, 00, 00, 0x21, 00, 0x03, 00, 0x03, 00, 00, 00,
  0x02, 00, 00, 00, 0x15, 00, 0x04, 00, 0x06, 00, 00, 00,
  0x20, 00, 00, 00, 00, 00, 00, 00, 0x17, 00, 0x04, 00,
  0x07, 00, 00, 00, 0x06, 00, 00, 00, 0x04, 00, 00, 00,
  0x20, 00, 0x04, 00, 0x08, 00, 00, 00, 0x07, 00, 00, 00,
  0x07, 00, 00, 00, 0x15, 00, 0x04, 00, 0x09, 00, 00, 00,
  0x20, 00, 00, 00, 0x01, 00, 00, 00, 0x20, 00, 0x04, 00,
  0x0a, 00, 00, 00, 0x07, 00, 00, 00, 0x09, 00, 00, 00,
  0x21, 00, 0x06, 00, 0x0b, 00, 00, 00, 0x09, 00, 00, 00,
  0x08, 00, 00, 00, 0x0a, 00, 00, 00, 0x0a, 00, 00, 00,
  0x1e, 00, 0x07, 00, 0x11, 00, 00, 00, 0x07, 00, 00, 00,
  0x07, 00, 00, 00, 0x06, 00, 00, 00, 0x06, 00, 00, 00,
  0x06, 00, 00, 00, 0x21, 00, 0x05, 00, 0x12, 00, 00, 00,
  0x11, 00, 00, 00, 0x08, 00, 00, 00, 0x0a, 00, 00, 00,
  0x20, 00, 0x04, 00, 0x33, 00, 00, 00, 0x07, 00, 00, 00,
  0x11, 00, 00, 00, 0x21, 00, 0x04, 00, 0x34, 00, 00, 00,
  0x07, 00, 00, 00, 0x33, 00, 00, 00, 0x2b, 00, 0x04, 00,
  0x09, 00, 00, 00, 0x3c, 00, 00, 00, 0x01, 00, 00, 00,
  0x2b, 00, 0x04, 00, 0x09, 00, 00, 00, 0x3f, 00, 00, 00,
  00, 00, 00, 00, 0x14, 00, 0x02, 00, 0x40, 00, 00, 00,
  0x2b, 00, 0x04, 00, 0x09, 00, 00, 00, 0x47, 00, 00, 00,
  0x05, 00, 00, 00, 0x20, 00, 0x04, 00, 0x50, 00, 00, 00,
  0x07, 00, 00, 00, 0x06, 00, 00, 00, 0x2b, 00, 0x04, 00,
  0x09, 00, 00, 00, 0x54, 00, 00, 00, 0x1f, 00, 00, 00,
  0x2b, 00, 0x04, 00, 0x09, 00, 00, 00, 0x5b, 00, 00, 00,
  0x20, 00, 00, 00, 0x2b, 00, 0x04, 00, 0x09, 00, 00, 00,
  0x7d, 00, 00, 00, 0x04, 00, 00, 00, 0x2b, 00, 0x04, 00,
  0x06, 00, 00, 00, 0x84, 00, 00, 00, 0x40, 00, 00, 00,
  0x1c, 00, 0x04, 00, 0x85, 00, 00, 00, 0x09, 00, 00, 00,
  0x84, 00, 00, 00, 0x2b, 00, 0x04, 00, 0x09, 00, 00, 00,
  0x86, 00, 00, 00, 0x50, 0x50, 0x68, 0xaa, 0x2b, 00, 0x04, 00,
  0x09, 00, 00, 00, 0x87, 00, 00, 00, 0x40, 0x50, 0x5a, 0x6a,
  0x2b, 00, 0x04, 00, 0x09, 00, 00, 00, 0x88, 00, 00, 00,
  00, 0x42, 0x5a, 0x5a, 0x2b, 00, 0x04, 00, 0x09, 00, 00, 00,
  0x89, 00, 00, 00, 0xa8, 0xa0, 0x50, 0x54, 0x2b, 00, 0x04, 00,
  0x09, 00, 00, 00, 0x8a, 00, 00, 00, 00, 00, 0xa5, 0xa5,
  0x2b, 00, 0x04, 00, 0x09, 00, 00, 00, 0x8b, 00, 00, 00,
  0x50, 0x50, 0xa0, 0xa0, 0x2b, 00, 0x04, 00, 0x09, 00, 00, 00,
  0x8c, 00, 00, 00, 0xa0, 0xa0, 0x55, 0x55, 0x2b, 00, 0x04, 00,
  0x09, 00, 00, 00, 0x8d, 00, 00, 00, 0x50, 0x50, 0x5a, 0x5a,
  0x2b, 00, 0x04, 00, 0x09, 00, 00, 00, 0x8e, 00, 00, 00,
  00, 00, 0x55, 0xaa, 0x2b, 00, 0x04, 00, 0x09, 00, 00, 00,
  0x8f, 00, 00, 00, 00, 0x55, 0x55, 0xaa, 0x2b, 00, 0x04, 00,
  0x09, 00, 00, 00, 0x90, 00, 00, 00, 00, 0x55, 0xaa, 0xaa,
  0x2b, 00, 0x04, 00, 0x09, 00, 00, 00, 0x91, 00, 00, 00,
  0x90, 0x90, 0x90, 0x90, 0x2b, 00, 0x04, 00, 0x09, 00, 00, 00,
  0x92, 00, 00, 00, 0x94, 0x94, 0x94, 0x94, 0x2b, 00, 0x04, 00,
  0x09, 00, 00, 00, 0x93, 00, 00, 00, 0xa4, 0xa4, 0xa4, 0xa4,
  0x2b, 00, 0x04, 00, 0x09, 00, 00, 00, 0x94, 00, 00, 00,
  0x50, 0x94, 0xa5, 0xa9, 0x2b, 00, 0x04, 00, 0x09, 00, 00, 00,
  0x95, 00, 00, 00, 0x50, 0x42, 0x0a, 0x2a, 0x2b, 00, 0x04, 00,
  0x09, 00, 00, 00, 0x96, 00, 00, 00, 0x40, 0x50, 0x94, 0xa5,
  0x2b, 00, 0x04, 00, 0x09, 00, 00, 00, 0x97, 00, 00, 00,
  0x54, 0x50, 0x42, 0x0a, 0x2b, 00, 0x04, 00, 0x09, 00, 00, 00,
  0x98, 00, 00, 00, 00, 0xa5, 0xa5, 0xa5, 0x2b, 00, 0x04, 00,
  0x09, 00, 00, 00, 0x99, 00, 00, 00, 0xa0, 0xa0, 0xa0, 0x55,
  0x2b, 00, 0x04, 00, 0x09, 00, 00, 00, 0x9a, 00, 00, 00,
  0x54, 0x54, 0xa8, 0xa8, 0x2b, 00, 0x04, 00, 0x09, 00, 00, 00,
  0x9b, 00, 00, 00, 0x40, 0x40, 0x6a, 0x6a, 0x2b, 00, 0x04, 00,
  0x09, 00, 00, 00, 0x9c, 00, 00, 00, 00, 0x50, 0xa4, 0xa4,
  0x2b, 00, 0x04, 00, 0x09, 00, 00, 00, 0x9d, 00, 00, 00,
  00, 0x05, 0x1a, 0x1a, 0x2b, 00, 0x04, 00, 0x09, 00, 00, 00,
  0x9e, 00, 00, 00, 0xa4, 0xa4, 0x50, 00, 0x2b, 00, 0x04, 00,
  0x09, 00, 00, 00, 0x9f, 00, 00, 00, 0x90, 0x90, 0xa5, 0xaa,
  0x2b, 00, 0x04, 00, 0x09, 00, 00, 00, 0xa0, 00, 00, 00,
  0x14, 0x69, 0x69, 0x14, 0x2b, 00, 0x04, 00, 0x09, 00, 00, 00,
  0xa1, 00, 00, 00, 00, 0x14, 0x69, 0x69, 0x2b, 00, 0x04, 00,
  0x09, 00, 00, 00, 0xa2, 00, 00, 00, 0xa0, 0x85, 0x85, 0xa0,
  0x2b, 00, 0x04, 00, 0x09, 00, 00, 00, 0xa3, 00, 00, 00,
  0x14, 0x14, 0x82, 0xaa, 0x2b, 00, 0x04, 00, 0x09, 00, 00, 00,
  0xa4, 00, 00, 00, 0x50, 0xa4, 0xa4, 0x50, 0x2b, 00, 0x04, 00,
  0x09, 00, 00, 00, 0xa5, 00, 00, 00, 00, 0x02, 0x5a, 0x6a,
  0x2b, 00, 0x04, 00, 0x09, 00, 00, 00, 0xa6, 00, 00, 00,
  00, 0x80, 0xa5, 0xa9, 0x2b, 00, 0x04, 00, 0x09, 00, 00, 00,
  0xa7, 00, 00, 00, 0xa8, 0xa0, 0x90, 0x50, 0x2b, 00, 0x04, 00,
  0x09, 00, 00, 00, 0xa8, 00, 00, 00, 0x50, 0x90, 0xa0, 0xa8,
  0x2b, 00, 0x04, 00, 0x09, 00, 00, 00, 0xa9, 00, 00, 00,
  0x24, 0x24, 0x24, 0x24, 0x2b, 00, 0x04, 00, 0x09, 00, 00, 00,
  0xaa, 00, 00, 00, 00, 0x55, 0xaa, 00, 0x2b, 00, 0x04, 00,
  0x09, 00, 00, 00, 0xab, 00, 00, 00, 0x24, 0x49, 0x92, 0x24,
  0x2b, 00, 0x04, 00, 0x09, 00, 00, 00, 0xac, 00, 00, 00,
  0x24, 0x92, 0x49, 0x24, 0x2b, 00, 0x04, 00, 0x09, 00, 00, 00,
  0xad, 00, 00, 00, 0x50, 0x0a, 0xa5, 0x50, 0x2b, 00, 0x04, 00,
  0x09, 00, 00, 00, 0xae, 00, 00, 00, 0x50, 0xa5, 0x0a, 0x50,
  0x2b, 00, 0x04, 00, 0x09, 00, 00, 00, 0xaf, 00, 00, 00,
  0x44, 0x44, 0xaa, 0xaa, 0x2b, 00, 0x04, 00, 0x09, 00, 00, 00,
  0xb0, 00, 00, 00, 00, 00, 0x66, 0x66, 0x2b, 00, 0x04, 00,
  0x09, 00, 00, 00, 0xb1, 00, 00, 00, 0xa0, 0xa5, 0xa0, 0xa5,
  0x2b, 00, 0x04, 00, 0x09, 00, 00, 00, 0xb2, 00, 00, 00,
  0xa0, 0x50, 0xa0, 0x50, 0x2b, 00, 0x04, 00, 0x09, 00, 00, 00,
  0xb3, 00, 00, 00, 0x28, 0x69, 0x28, 0x69, 0x2b, 00, 0x04, 00,
  0x09, 00, 00, 00, 0xb4, 00, 00, 00, 0x44, 0xaa, 0xaa, 0x44,
  0x2b, 00, 0x04, 00, 0x09, 00, 00, 00, 0xb5, 00, 00, 00,
  00, 0x66, 0x66, 0x66, 0x2b, 00, 0x04, 00, 0x09, 00, 00, 00,
  0xb6, 00, 00, 00, 0x44, 0x44, 0x44, 0xaa, 0x2b, 00, 0x04, 00,
  0x09, 00, 00, 00, 0xb7, 00, 00, 00, 0xa8, 0x54, 0xa8, 0x54,
  0x2b, 00, 0x04, 00, 0x09, 00, 00, 00, 0xb8, 00, 00, 00,
  0x80, 0x95, 0x80, 0x95, 0x2b, 00, 0x04, 00, 0x09, 00, 00, 00,
  0xb9, 00, 00, 00, 00, 0x96, 0x96, 0x96, 0x2b, 00, 0x04, 00,
  0x09, 00, 00, 00, 0xba, 00, 00, 00, 0xa8, 0x54, 0x54, 0xa8,
  0x2b, 00, 0x04, 00, 0x09, 00, 00, 00, 0xbb, 00, 00, 00,
  0x80, 0x95, 0x95, 0x80, 0x2b, 00, 0x04, 00, 0x09, 00, 00, 00,
  0xbc, 00, 00, 00, 0x14, 0x14, 0x14, 0xaa, 0x2b, 00, 0x04, 00,
  0x09, 00, 00, 00, 0xbd, 00, 00, 00, 00, 00, 0x96, 0x96,
  0x2b, 00, 0x04, 00, 0x09, 00, 00, 00, 0xbe, 00, 00, 00,
  0x14, 0x14, 0xaa, 0xaa, 0x2b, 00, 0x04, 00, 0x09, 00, 00, 00,
  0xbf, 00, 00, 00, 0xa0, 0x50, 0x50, 0xa0, 0x2b, 00, 0x04, 00,
  0x09, 00, 00, 00, 0xc0, 00, 00, 00, 0xa0, 0xa5, 0xa5, 0xa0,
  0x2b, 00, 0x04, 00, 0x09, 00, 00, 00, 0xc1, 00, 00, 00,
  00, 00, 00, 0x96, 0x2b, 00, 0x04, 00, 0x09, 00, 00, 00,
  0xc2, 00, 00, 00, 0x80, 0x40, 0x80, 0x40, 0x2b, 00, 0x04, 00,
  0x09, 00, 00, 00, 0xc3, 00, 00, 00, 0xa8, 0xa9, 0xa8, 0xa9,
  0x2b, 00, 0x04, 00, 0x09, 00, 00, 00, 0xc4, 00, 00, 00,
  0x44, 0xaa, 0xaa, 0xaa, 0x2b, 00, 0x04, 00, 0x09, 00, 00, 00,
  0xc5, 00, 00, 00, 0x54, 0x52, 0x4a, 0x2a, 0x2c, 00, 0x43, 00,
  0x85, 00, 00, 00, 0xc6, 00, 00, 00, 0x86, 00, 00, 00,
  0x87, 00, 00, 00, 0x88, 00, 00, 00, 0x89, 00, 00, 00,
  0x8a, 00, 00, 00, 0x8b, 00, 00, 00, 0x8c, 00, 00, 00,
  0x8d, 00, 00, 00, 0x8e, 00, 00, 00, 0x8f, 00, 00, 00,
  0x90, 00, 00, 00, 0x91, 00, 00, 00, 0x92, 00, 00, 00,
  0x93, 00, 00, 00, 0x94, 00, 00, 00, 0x95, 00, 00, 00,
  0x96, 00, 00, 00, 0x97, 00, 00, 00, 0x98, 00, 00, 00,
  0x99, 00, 00, 00, 0x9a, 00, 00, 00, 0x9b, 00, 00, 00,
  0x9c, 00, 00, 00, 0x9d, 00, 00, 00, 0x9e, 00, 00, 00,
  0x9f, 00, 00, 00, 0xa0, 00, 00, 00, 0xa1, 00, 00, 00,
  0xa2, 00, 00, 00, 0xa3, 00, 00, 00, 0xa4, 00, 00, 00,
  0xa5, 00, 00, 00, 0xa6, 00, 00, 00, 0xa7, 00, 00, 00,
  0xa8, 00, 00, 00, 0xa9, 00, 00, 00, 0xaa, 00, 00, 00,
  0xab, 00, 00, 00, 0xac, 00, 00, 00, 0xad, 00, 00, 00,
  0xae, 00, 00, 00, 0xaf, 00, 00, 00, 0xb0, 00, 00, 00,
  0xb1, 00, 00, 00, 0xb2, 00, 00, 00, 0xb3, 00, 00, 00,
  0xb4, 00, 00, 00, 0xb5, 00, 00, 00, 0xb6, 00, 00, 00,
  0xb7, 00, 00, 00, 0xb8, 00, 00, 00, 0xb9, 00, 00, 00,
  0xba, 00, 00, 00, 0xbb, 00, 00, 00, 0xbc, 00, 00, 00,
  0xbd, 00, 00, 00, 0xbe, 00, 00, 00, 0xbf, 00, 00, 00,
  0xc0, 00, 00, 00, 0xc1, 00, 00, 00, 0xc2, 00, 00, 00,
  0xc3, 00, 00, 00, 0xc4, 00, 00, 00, 0xc5, 00, 00, 00,
  0x20, 00, 0x04, 00, 0xc8, 00, 00, 00, 0x07, 00, 00, 00,
  0x85, 00, 00, 00, 0x2b, 00, 0x04, 00, 0x09, 00, 00, 00,
  0xcc, 00, 00, 00, 0x02, 00, 00, 00, 0x2b, 00, 0x04, 00,
  0x09, 00, 00, 00, 0xd0, 00, 00, 00, 0x03, 00, 00, 00,
  0x2b, 00, 0x04, 00, 0x09, 00, 00, 00, 0xd4, 00, 00, 00,
  0x08, 00, 00, 00, 0x2b, 00, 0x04, 00, 0x09, 00, 00, 00,
  0xdf, 00, 00, 00, 0x09, 00, 00, 00, 0x2b, 00, 0x04, 00,
  0x09, 00, 00, 00, 0xe8, 00, 00, 00, 0x1d, 00, 00, 00,
  0x2b, 00, 0x04, 00, 0x09, 00, 00, 00, 0xf1, 00, 00, 00,
  0x21, 00, 00, 00, 0x2b, 00, 0x04, 00, 0x09, 00, 00, 00,
  0xfa, 00, 00, 00, 0x35, 00, 00, 00, 0x2b, 00, 0x04, 00,
  0x09, 00, 00, 00, 0x03, 0x01, 00, 00, 0x39, 00, 00, 00,
  0x2b, 00, 0x04, 00, 0x09, 00, 00, 00, 0x0c, 0x01, 00, 00,
  0x4d, 00, 00, 00, 0x2b, 00, 0x04, 00, 0x09, 00, 00, 00,
  0x16, 0x01, 00, 00, 0x4e, 00, 00, 00, 0x17, 00, 0x04, 00,
  0x1f, 0x01, 00, 00, 0x09, 00, 00, 00, 0x02, 00, 00, 00,
  0x20, 00, 0x04, 00, 0x20, 0x01, 00, 00, 0x07, 00, 00, 00,
  0x1f, 0x01, 00, 00, 0x1c, 00, 0x04, 00, 0x22, 0x01, 00, 00,
  0x1f, 0x01, 00, 00, 0x84, 00, 00, 00, 0x2b, 00, 0x04, 00,
  0x09, 00, 00, 00, 0x23, 0x01, 00, 00, 0x0f, 00, 00, 00,
  0x2c, 00, 0x05, 00, 0x1f, 0x01, 00, 00, 0x24, 0x01, 00, 00,
  0xd0, 00, 00, 00, 0x23, 0x01, 00, 00, 0x2c, 00, 0x05, 00,
  0x1f, 0x01, 00, 00, 0x25, 0x01, 00, 00, 0xd0, 00, 00, 00,
  0xd4, 00, 00, 00, 0x2c, 00, 0x05, 00, 0x1f, 0x01, 00, 00,
  0x26, 0x01, 00, 00, 0x23, 0x01, 00, 00, 0xd4, 00, 00, 00,
  0x2c, 00, 0x05, 00, 0x1f, 0x01, 00, 00, 0x27, 0x01, 00, 00,
  0x23, 0x01, 00, 00, 0xd0, 00, 00, 00, 0x2c, 00, 0x05, 00,
  0x1f, 0x01, 00, 00, 0x28, 0x01, 00, 00, 0xd4, 00, 00, 00,
  0x23, 0x01, 00, 00, 0x2b, 00, 0x04, 00, 0x09, 00, 00, 00,
  0x29, 0x01, 00, 00, 0x06, 00, 00, 00, 0x2c, 00, 0x05, 00,
  0x1f, 0x01, 00, 00, 0x2a, 0x01, 00, 00, 0x29, 0x01, 00, 00,
  0x23, 0x01, 00, 00, 0x2c, 00, 0x05, 00, 0x1f, 0x01, 00, 00,
  0x2b, 0x01, 00, 00, 0x47, 00, 00, 00, 0x23, 0x01, 00, 00,
  0x2b, 00, 0x04, 00, 0x09, 00, 00, 00, 0x2c, 0x01, 00, 00,
  0x0a, 00, 00, 00, 0x2c, 00, 0x05, 00, 0x1f, 0x01, 00, 00,
  0x2d, 0x01, 00, 00, 0x2c, 0x01, 00, 00, 0xd4, 00, 00, 00,
  0x2c, 00, 0x05, 00, 0x1f, 0x01, 00, 00, 0x2e, 0x01, 00, 00,
  0x47, 00, 00, 00, 0xd0, 00, 00, 00, 0x2c, 00, 0x05, 00,
  0x1f, 0x01, 00, 00, 0x2f, 0x01, 00, 00, 0xd4, 00, 00, 00,
  0x29, 0x01, 00, 00, 0x2c, 00, 0x05, 00, 0x1f, 0x01, 00, 00,
  0x30, 0x01, 00, 00, 0x29, 0x01, 00, 00, 0x2c, 0x01, 00, 00,
  0x2c, 00, 0x05, 00, 0x1f, 0x01, 00, 00, 0x31, 0x01, 00, 00,
  0x23, 0x01, 00, 00, 0x2c, 0x01, 00, 00, 0x2c, 00, 0x05, 00,
  0x1f, 0x01, 00, 00, 0x32, 0x01, 00, 00, 0x47, 00, 00, 00,
  0x2c, 0x01, 00, 00, 0x2c, 00, 0x05, 00, 0x1f, 0x01, 00, 00,
  0x33, 0x01, 00, 00, 0xd4, 00, 00, 00, 0xdf, 00, 00, 00,
  0x2c, 00, 0x05, 00, 0x1f, 0x01, 00, 00, 0x34, 0x01, 00, 00,
  0x23, 0x01, 00, 00, 0x29, 0x01, 00, 00, 0x2c, 00, 0x05, 00,
  0x1f, 0x01, 00, 00, 0x35, 0x01, 00, 00, 0x2c, 0x01, 00, 00,
  0x23, 0x01, 00, 00, 0x2b, 00, 0x04, 00, 0x09, 00, 00, 00,
  0x36, 0x01, 00, 00, 0x0d, 00, 00, 00, 0x2c, 00, 0x05, 00,
  0x1f, 0x01, 00, 00, 0x37, 0x01, 00, 00, 0x36, 0x01, 00, 00,
  0x23, 0x01, 00, 00, 0x2b, 00, 0x04, 00, 0x09, 00, 00, 00,
  0x38, 0x01, 00, 00, 0x0c, 00, 00, 00, 0x2c, 00, 0x05, 00,
  0x1f, 0x01, 00, 00, 0x39, 0x01, 00, 00, 0x38, 0x01, 00, 00,
  0x23, 0x01, 00, 00, 0x2c, 00, 0x43, 00, 0x22, 0x01, 00, 00,
  0x3a, 0x01, 00, 00, 0x24, 0x01, 00, 00, 0x25, 0x01, 00, 00,
  0x26, 0x01, 00, 00, 0x27, 0x01, 00, 00, 0x28, 0x01, 00, 00,
  0x24, 0x01, 00, 00, 0x27, 0x01, 00, 00, 0x26, 0x01, 00, 00,
  0x28, 0x01, 00, 00, 0x28, 0x01, 00, 00, 0x2a, 0x01, 00, 00,
  0x2a, 0x01, 00, 00, 0x2a, 0x01, 00, 00, 0x2b, 0x01, 00, 00,
  0x24, 0x01, 00, 00, 0x25, 0x01, 00, 00, 0x24, 0x01, 00, 00,
  0x25, 0x01, 00, 00, 0x28, 0x01, 00, 00, 0x27, 0x01, 00, 00,
  0x24, 0x01, 00, 00, 0x25, 0x01, 00, 00, 0x2a, 0x01, 00, 00,
  0x2d, 0x01, 00, 00, 0x2e, 0x01, 00, 00, 0x28, 0x01, 00, 00,
  0x2f, 0x01, 00, 00, 0x30, 0x01, 00, 00, 0x28, 0x01, 00, 00,
  0x2b, 0x01, 00, 00, 0x31, 0x01, 00, 00, 0x26, 0x01, 00, 00,
  0x28, 0x01, 00, 00, 0x27, 0x01, 00, 00, 0x24, 0x01, 00, 00,
  0x32, 0x01, 00, 00, 0x30, 0x01, 00, 00, 0x2d, 0x01, 00, 00,
  0x33, 0x01, 00, 00, 0x31, 0x01, 00, 00, 0x34, 0x01, 00, 00,
  0x24, 0x01, 00, 00, 0x26, 0x01, 00, 00, 0x2b, 0x01, 00, 00,
  0x27, 0x01, 00, 00, 0x34, 0x01, 00, 00, 0x34, 0x01, 00, 00,
  0x26, 0x01, 00, 00, 0x24, 0x01, 00, 00, 0x27, 0x01, 00, 00,
  0x2b, 0x01, 00, 00, 0x2b, 0x01, 00, 00, 0x2b, 0x01, 00, 00,
  0x28, 0x01, 00, 00, 0x2b, 0x01, 00, 00, 0x35, 0x01, 00, 00,
  0x2b, 0x01, 00, 00, 0x35, 0x01, 00, 00, 0x28, 0x01, 00, 00,
  0x37, 0x01, 00, 00, 0x27, 0x01, 00, 00, 0x39, 0x01, 00, 00,
  0x24, 0x01, 00, 00, 0x25, 0x01, 00, 00, 0x20, 00, 0x04, 00,
  0x3c, 0x01, 00, 00, 0x07, 00, 00, 00, 0x22, 0x01, 00, 00,
  0x2b, 00, 0x04, 00, 0x09, 00, 00, 00, 0x41, 0x01, 00, 00,
  0x52, 00, 00, 00, 0x2b, 00, 0x04, 00, 0x06, 00, 00, 00,
  0x46, 0x01, 00, 00, 00, 00, 00, 00, 0x2b, 00, 0x04, 00,
  0x06, 00, 00, 00, 0x4d, 0x01, 00, 00, 0x01, 00, 00, 00,
  0x2b, 00, 0x04, 00, 0x09, 00, 00, 00, 0x53, 0x01, 00, 00,
  0x53, 00, 00, 00, 0x17, 00, 0x04, 00, 0x6a, 0x01, 00, 00,
  0x09, 00, 00, 00, 0x03, 00, 00, 00, 0x20, 00, 0x04, 00,
  0x6b, 0x01, 00, 00, 0x07, 00, 00, 00, 0x6a, 0x01, 00, 00,
  0x2b, 00, 0x04, 00, 0x06, 00, 00, 00, 0x8d, 0x01, 00, 00,
  0x08, 00, 00, 00, 0x1c, 00, 0x04, 00, 0x8e, 0x01, 00, 00,
  0x09, 00, 00, 00, 0x8d, 0x01, 00, 00, 0x2b, 00, 0x04, 00,
  0x09, 00, 00, 00, 0x8f, 0x01, 00, 00, 0x12, 00, 00, 00,
  0x2b, 00, 0x04, 00, 0x09, 00, 00, 00, 0x90, 0x01, 00, 00,
  0x1b, 00, 00, 00, 0x2b, 00, 0x04, 00, 0x09, 00, 00, 00,
  0x91, 0x01, 00, 00, 0x25, 00, 00, 00, 0x2b, 00, 0x04, 00,
  0x09, 00, 00, 00, 0x92, 0x01, 00, 00, 0x2e, 00, 00, 00,
  0x2b, 00, 0x04, 00, 0x09, 00, 00, 00, 0x93, 0x01, 00, 00,
  0x37, 00, 00, 00, 0x2b, 00, 0x04, 00, 0x09, 00, 00, 00,
  0x94, 0x01, 00, 00, 0x40, 00, 00, 00, 0x2c, 00, 0x0b, 00,
  0x8e, 0x01, 00, 00, 0x95, 0x01, 00, 00, 0x3f, 00, 00, 00,
  0xdf, 00, 00, 00, 0x8f, 0x01, 00, 00, 0x90, 0x01, 00, 00,
  0x91, 0x01, 00, 00, 0x92, 0x01, 00, 00, 0x93, 0x01, 00, 00,
  0x94, 0x01, 00, 00, 0x20, 00, 0x04, 00, 0x97, 0x01, 00, 00,
  0x07, 00, 00, 00, 0x8e, 0x01, 00, 00, 0x17, 00, 0x04, 00,
  0x9c, 0x01, 00, 00, 0x06, 00, 00, 00, 0x03, 00, 00, 00,
  0x2b, 00, 0x04, 00, 0x06, 00, 00, 00, 0x9e, 0x01, 00, 00,
  0xff, 00, 00, 00, 0x2b, 00, 0x04, 00, 0x09, 00, 00, 00,
  0xb7, 0x01, 00, 00, 0xcc, 0xcc, 00, 00, 0x2b, 00, 0x04, 00,
  0x09, 00, 00, 00, 0xb8, 0x01, 00, 00, 0x88, 0x88, 00, 00,
  0x2b, 00, 0x04, 00, 0x09, 00, 00, 00, 0xb9, 0x01, 00, 00,
  0xee, 0xee, 00, 00, 0x2b, 00, 0x04, 00, 0x09, 00, 00, 00,
  0xba, 0x01, 00, 00, 0xc8, 0xec, 00, 00, 0x2b, 00, 0x04, 00,
  0x09, 00, 00, 00, 0xbb, 0x01, 00, 00, 0x80, 0xc8, 00, 00,
  0x2b, 00, 0x04, 00, 0x09, 00, 00, 00, 0xbc, 0x01, 00, 00,
  0xec, 0xfe, 00, 00, 0x2b, 00, 0x04, 00, 0x09, 00, 00, 00,
  0xbd, 0x01, 00, 00, 0xc8, 0xfe, 00, 00, 0x2b, 00, 0x04, 00,
  0x09, 00, 00, 00, 0xbe, 0x01, 00, 00, 0x80, 0xec, 00, 00,
  0x2b, 00, 0x04, 00, 0x09, 00, 00, 00, 0xbf, 0x01, 00, 00,
  00, 0xc8, 00, 00, 0x2b, 00, 0x04, 00, 0x09, 00, 00, 00,
  0xc0, 0x01, 00, 00, 0xec, 0xff, 00, 00, 0x2b, 00, 0x04, 00,
  0x09, 00, 00, 00, 0xc1, 0x01, 00, 00, 0x80, 0xfe, 00, 00,
  0x2b, 00, 0x04, 00, 0x09, 00, 00, 00, 0xc2, 0x01, 00, 00,
  00, 0xe8, 00, 00, 0x2b, 00, 0x04, 00, 0x09, 00, 00, 00,
  0xc3, 0x01, 00, 00, 0xe8, 0xff, 00, 00, 0x2b, 00, 0x04, 00,
  0x09, 00, 00, 00, 0xc4, 0x01, 00, 00, 00, 0xff, 00, 00,
  0x2b, 00, 0x04, 00, 0x09, 00, 00, 00, 0xc5, 0x01, 00, 00,
  0xf0, 0xff, 00, 00, 0x2b, 00, 0x04, 00, 0x09, 00, 00, 00,
  0xc6, 0x01, 00, 00, 00, 0xf0, 00, 00, 0x2b, 00, 0x04, 00,
  0x09, 00, 00, 00, 0xc7, 0x01, 00, 00, 0x10, 0xf7, 00, 00,
  0x2b, 00, 0x04, 00, 0x09, 00, 00, 00, 0xc8, 0x01, 00, 00,
  0x8e, 00, 00, 00, 0x2b, 00, 0x04, 00, 0x09, 00, 00, 00,
  0xc9, 0x01, 00, 00, 00, 0x71, 00, 00, 0x2b, 00, 0x04, 00,
  0x09, 00, 00, 00, 0xca, 0x01, 00, 00, 0xce, 0x08, 00, 00,
  0x2b, 00, 0x04, 00, 0x09, 00, 00, 00, 0xcb, 0x01, 00, 00,
  0x8c, 00, 00, 00, 0x2b, 00, 0x04, 00, 0x09, 00, 00, 00,
  0xcc, 0x01, 00, 00, 0x10, 0x73, 00, 00, 0x2b, 00, 0x04, 00,
  0x09, 00, 00, 00, 0xcd, 0x01, 00, 00, 00, 0x31, 00, 00,
  0x2b, 00, 0x04, 00, 0x09, 00, 00, 00, 0xce, 0x01, 00, 00,
  0xce, 0x8c, 00, 00, 0x2b, 00, 0x04, 00, 0x09, 00, 00, 00,
  0xcf, 0x01, 00, 00, 0x8c, 0x08, 00, 00, 0x2b, 00, 0x04, 00,
  0x09, 00, 00, 00, 0xd0, 0x01, 00, 00, 0x10, 0x31, 00, 00,
  0x2b, 00, 0x04, 00, 0x09, 00, 00, 00, 0xd1, 0x01, 00, 00,
  0x66, 0x66, 00, 00, 0x2b, 00, 0x04, 00, 0x09, 00, 00, 00,
  0xd2, 0x01, 00, 00, 0x6c, 0x36, 00, 00, 0x2b, 00, 0x04, 00,
  0x09, 00, 00, 00, 0xd3, 0x01, 00, 00, 0xe8, 0x17, 00, 00,
  0x2b, 00, 0x04, 00, 0x09, 00, 00, 00, 0xd4, 0x01, 00, 00,
  0xf0, 0x0f, 00, 00, 0x2b, 00, 0x04, 00, 0x09, 00, 00, 00,
  0xd5, 0x01, 00, 00, 0x8e, 0x71, 00, 00, 0x2b, 00, 0x04, 00,
  0x09, 00, 00, 00, 0xd6, 0x01, 00, 00, 0x9c, 0x39, 00, 00,
  0x2b, 00, 0x04, 00, 0x09, 00, 00, 00, 0xd7, 0x01, 00, 00,
  0xaa, 0xaa, 00, 00, 0x2b, 00, 0x04, 00, 0x09, 00, 00, 00,
  0xd8, 0x01, 00, 00, 0xf0, 0xf0, 00, 00, 0x2b, 00, 0x04, 00,
  0x09, 00, 00, 00, 0xd9, 0x01, 00, 00, 0x5a, 0x5a, 00, 00,
  0x2b, 00, 0x04, 00, 0x09, 00, 00, 00, 0xda, 0x01, 00, 00,
  0xcc, 0x33, 00, 00, 0x2b, 00, 0x04, 00, 0x09, 00, 00, 00,
  0xdb, 0x01, 00, 00, 0x3c, 0x3c, 00, 00, 0x2b, 00, 0x04, 00,
  0x09, 00, 00, 00, 0xdc, 0x01, 00, 00, 0xaa, 0x55, 00, 00,
  0x2b, 00, 0x04, 00, 0x09, 00, 00, 00, 0xdd, 0x01, 00, 00,
  0x96, 0x96, 00, 00, 0x2b, 00, 0x04, 00, 0x09, 00, 00, 00,
  0xde, 0x01, 00, 00, 0x5a, 0xa5, 00, 00, 0x2b, 00, 0x04, 00,
  0x09, 00, 00, 00, 0xdf, 0x01, 00, 00, 0xce, 0x73, 00, 00,
  0x2b, 00, 0x04, 00, 0x09, 00, 00, 00, 0xe0, 0x01, 00, 00,
  0xc8, 0x13, 00, 00, 0x2b, 00, 0x04, 00, 0x09, 00, 00, 00,
  0xe1, 0x01, 00, 00, 0x4c, 0x32, 00, 00, 0x2b, 00, 0x04, 00,
  0x09, 00, 00, 00, 0xe2, 0x01, 00, 00, 0xdc, 0x3b, 00, 00,
  0x2b, 00, 0x04, 00, 0x09, 00, 00, 00, 0xe3, 0x01, 00, 00,
  0x96, 0x69, 00, 00, 0x2b, 00, 0x04, 00, 0x09, 00, 00, 00,
  0xe4, 0x01, 00, 00, 0x3c, 0xc3, 00, 00, 0x2b, 00, 0x04, 00,
  0x09, 00, 00, 00, 0xe5, 0x01, 00, 00, 0x66, 0x99, 00, 00,
  0x2b, 00, 0x04, 00, 0x09, 00, 00, 00, 0xe6, 0x01, 00, 00,
  0x60, 0x06, 00, 00, 0x2b, 00, 0x04, 00, 0x09, 00, 00, 00,
  0xe7, 0x01, 00, 00, 0x72, 0x02, 00, 00, 0x2b, 00, 0x04, 00,
  0x09, 00, 00, 00, 0xe8, 0x01, 00, 00, 0xe4, 0x04, 00, 00,
  0x2b, 00, 0x04, 00, 0x09, 00, 00, 00, 0xe9, 0x01, 00, 00,
  0x40, 0x4e, 00, 00, 0x2b, 00, 0x04, 00, 0x09, 00, 00, 00,
  0xea, 0x01, 00, 00, 0x20, 0x27, 00, 00, 0x2b, 00, 0x04, 00,
  0x09, 00, 00, 00, 0xeb, 0x01, 00, 00, 0x36, 0xc9, 00, 00,
  0x2b, 00, 0x04, 00, 0x09, 00, 00, 00, 0xec, 0x01, 00, 00,
  0x6c, 0x93, 00, 00, 0x2b, 00, 0x04, 00, 0x09, 00, 00, 00,
  0xed, 0x01, 00, 00, 0xc6, 0x39, 00, 00, 0x2b, 00, 0x04, 00,
  0x09, 00, 00, 00, 0xee, 0x01, 00, 00, 0x9c, 0x63, 00, 00,
  0x2b, 00, 0x04, 00, 0x09, 00, 00, 00, 0xef, 0x01, 00, 00,
  0x36, 0x93, 00, 00, 0x2b, 00, 0x04, 00, 0x09, 00, 00, 00,
  0xf0, 0x01, 00, 00, 0xc6, 0x9c, 00, 00, 0x2b, 00, 0x04, 00,
  0x09, 00, 00, 00, 0xf1, 0x01, 00, 00, 0x7e, 0x81, 00, 00,
  0x2b, 00, 0x04, 00, 0x09, 00, 00, 00, 0xf2, 0x01, 00, 00,
  0x18, 0xe7, 00, 00, 0x2b, 00, 0x04, 00, 0x09, 00, 00, 00,
  0xf3, 0x01, 00, 00, 0xf0, 0xcc, 00, 00, 0x2b, 00, 0x04, 00,
  0x09, 00, 00, 00, 0xf4, 0x01, 00, 00, 0xcc, 0x0f, 00, 00,
  0x2b, 00, 0x04, 00, 0x09, 00, 00, 00, 0xf5, 0x01, 00, 00,
  0x44, 0x77, 00, 00, 0x2b, 00, 0x04, 00, 0x09, 00, 00, 00,
  0xf6, 0x01, 00, 00, 0x22, 0xee, 00, 00, 0x2c, 00, 0x43, 00,
  0x85, 00, 00, 00, 0xf7, 0x01, 00, 00, 0xb7, 0x01, 00, 00,
  0xb8, 0x01, 00, 00, 0xb9, 0x01, 00, 00, 0xba, 0x01, 00, 00,
  0xbb, 0x01, 00, 00, 0xbc, 0x01, 00, 00, 0xbd, 0x01, 00, 00,
  0xbe, 0x01, 00, 00, 0xbf, 0x01, 00, 00, 0xc0, 0x01, 00, 00,
  0xc1, 0x01, 00, 00, 0xc2, 0x01, 00, 00, 0xc3, 0x01, 00, 00,
  0xc4, 0x01, 00, 00, 0xc5, 0x01, 00, 00, 0xc6, 0x01, 00, 00,
  0xc7, 0x01, 00, 00, 0xc8, 0x01, 00, 00, 0xc9, 0x01, 00, 00,
  0xca, 0x01, 00, 00, 0xcb, 0x01, 00, 00, 0xcc, 0x01, 00, 00,
  0xcd, 0x01, 00, 00, 0xce, 0x01, 00, 00, 0xcf, 0x01, 00, 00,
  0xd0, 0x01, 00, 00, 0xd1, 0x01, 00, 00, 0xd2, 0x01, 00, 00,
  0xd3, 0x01, 00, 00, 0xd4, 0x01, 00, 00, 0xd5, 0x01, 00, 00,
  0xd6, 0x01, 00, 00, 0xd7, 0x01, 00, 00, 0xd8, 0x01, 00, 00,
  0xd9, 0x01, 00, 00, 0xda, 0x01, 00, 00, 0xdb, 0x01, 00, 00,
  0xdc, 0x01, 00, 00, 0xdd, 0x01, 00, 00, 0xde, 0x01, 00, 00,
  0xdf, 0x01, 00, 00, 0xe0, 0x01, 00, 00, 0xe1, 0x01, 00, 00,
  0xe2, 0x01, 00, 00, 0xe3, 0x01, 00, 00, 0xe4, 0x01, 00, 00,
  0xe5, 0x01, 00, 00, 0xe6, 0x01, 00, 00, 0xe7, 0x01, 00, 00,
  0xe8, 0x01, 00, 00, 0xe9, 0x01, 00, 00, 0xea, 0x01, 00, 00,
  0xeb, 0x01, 00, 00, 0xec, 0x01, 00, 00, 0xed, 0x01, 00, 00,
  0xee, 0x01, 00, 00, 0xef, 0x01, 00, 00, 0xf0, 0x01, 00, 00,
  0xf1, 0x01, 00, 00, 0xf2, 0x01, 00, 00, 0xf3, 0x01, 00, 00,
  0xf4, 0x01, 00, 00, 0xf5, 0x01, 00, 00, 0xf6, 0x01, 00, 00,
  0x2b, 00, 0x04, 00, 0x09, 00, 00, 00, 0x0b, 0x02, 00, 00,
  0x0e, 00, 00, 00, 0x2b, 00, 0x04, 00, 0x09, 00, 00, 00,
  0x1c, 0x02, 00, 00, 0x26, 00, 00, 00, 0x2b, 00, 0x04, 00,
  0x09, 00, 00, 00, 0x25, 0x02, 00, 00, 0x38, 00, 00, 00,
  0x2b, 00, 0x04, 00, 0x09, 00, 00, 00, 0x2e, 0x02, 00, 00,
  0x3e, 00, 00, 00, 0x2b, 00, 0x04, 00, 0x09, 00, 00, 00,
  0x37, 0x02, 00, 00, 0x50, 00, 00, 00, 0x2c, 00, 0x43, 00,
  0x85, 00, 00, 00, 0x41, 0x02, 00, 00, 0x23, 0x01, 00, 00,
  0x23, 0x01, 00, 00, 0x23, 0x01, 00, 00, 0x23, 0x01, 00, 00,
  0x23, 0x01, 00, 00, 0x23, 0x01, 00, 00, 0x23, 0x01, 00, 00,
  0x23, 0x01, 00, 00, 0x23, 0x01, 00, 00, 0x23, 0x01, 00, 00,
  0x23, 0x01, 00, 00, 0x23, 0x01, 00, 00, 0x23, 0x01, 00, 00,
  0x23, 0x01, 00, 00, 0x23, 0x01, 00, 00, 0x23, 0x01, 00, 00,
  0x23, 0x01, 00, 00, 0xcc, 00, 00, 00, 0xd4, 00, 00, 00,
  0xcc, 00, 00, 00, 0xcc, 00, 00, 00, 0xd4, 00, 00, 00,
  0xd4, 00, 00, 00, 0x23, 0x01, 00, 00, 0xcc, 00, 00, 00,
  0xd4, 00, 00, 00, 0xcc, 00, 00, 00, 0xcc, 00, 00, 00,
  0xd4, 00, 00, 00, 0xd4, 00, 00, 00, 0xcc, 00, 00, 00,
  0xcc, 00, 00, 00, 0x23, 0x01, 00, 00, 0x23, 0x01, 00, 00,
  0x29, 0x01, 00, 00, 0xd4, 00, 00, 00, 0xcc, 00, 00, 00,
  0xd4, 00, 00, 00, 0x23, 0x01, 00, 00, 0x23, 0x01, 00, 00,
  0xcc, 00, 00, 00, 0xd4, 00, 00, 00, 0xcc, 00, 00, 00,
  0xcc, 00, 00, 00, 0xcc, 00, 00, 00, 0x23, 0x01, 00, 00,
  0x23, 0x01, 00, 00, 0x29, 0x01, 00, 00, 0x29, 0x01, 00, 00,
  0xcc, 00, 00, 00, 0x29, 0x01, 00, 00, 0xd4, 00, 00, 00,
  0x23, 0x01, 00, 00, 0x23, 0x01, 00, 00, 0xcc, 00, 00, 00,
  0xcc, 00, 00, 00, 0x23, 0x01, 00, 00, 0x23, 0x01, 00, 00,
  0x23, 0x01, 00, 00, 0x23, 0x01, 00, 00, 0x23, 0x01, 00, 00,
  0xcc, 00, 00, 00, 0xcc, 00, 00, 00, 0x23, 0x01, 00, 00,
  0x2b, 00, 0x04, 00, 0x09, 00, 00, 00, 0x47, 0x02, 00, 00,
  0x51, 00, 00, 00, 0x2b, 00, 0x04, 00, 0x09, 00, 00, 00,
  0xb6, 0x02, 00, 00, 0x27, 00, 00, 00, 0x2b, 00, 0x04, 00,
  0x09, 00, 00, 00, 0xbf, 0x02, 00, 00, 0x2c, 00, 00, 00,
  0x2b, 00, 0x04, 00, 0x09, 00, 00, 00, 0xc8, 0x02, 00, 00,
  0x45, 00, 00, 00, 0x2b, 00, 0x04, 00, 0x09, 00, 00, 00,
  0xd1, 0x02, 00, 00, 0x4a, 00, 00, 00, 0x2b, 00, 0x04, 00,
  0x09, 00, 00, 00, 0xdf, 0x02, 00, 00, 0x62, 00, 00, 00,
  0x2b, 00, 0x04, 00, 0x09, 00, 00, 00, 0xef, 0x02, 00, 00,
  0x63, 00, 00, 00, 0x2b, 00, 0x04, 00, 0x06, 00, 00, 00,
  0x1f, 0x03, 00, 00, 0x04, 00, 00, 00, 0x1c, 00, 0x04, 00,
  0x20, 0x03, 00, 00, 0x09, 00, 00, 00, 0x1f, 0x03, 00, 00,
  0x2b, 00, 0x04, 00, 0x09, 00, 00, 00, 0x21, 0x03, 00, 00,
  0x15, 00, 00, 00, 0x2b, 00, 0x04, 00, 0x09, 00, 00, 00,
  0x22, 0x03, 00, 00, 0x2b, 00, 00, 00, 0x2c, 00, 0x07, 00,
  0x20, 0x03, 00, 00, 0x23, 0x03, 00, 00, 0x3f, 00, 00, 00,
  0x21, 0x03, 00, 00, 0x22, 0x03, 00, 00, 0x94, 0x01, 00, 00,
  0x20, 00, 0x04, 00, 0x25, 0x03, 00, 00, 0x07, 00, 00, 00,
  0x20, 0x03, 00, 00, 0x2b, 00, 0x04, 00, 0x09, 00, 00, 00,
  0x50, 0x03, 00, 00, 0x07, 00, 00, 00, 0x2b, 00, 0x04, 00,
  0x09, 00, 00, 00, 0x57, 0x03, 00, 00, 0x11, 00, 00, 00,
  0x2b, 00, 0x04, 00, 0x09, 00, 00, 00, 0x68, 0x03, 00, 00,
  0x2d, 00, 00, 00, 0x2b, 00, 0x04, 00, 0x09, 00, 00, 00,
  0x71, 0x03, 00, 00, 0x42, 00, 00, 00, 0x2b, 00, 0x04, 00,
  0x09, 00, 00, 00, 0x7a, 0x03, 00, 00, 0x49, 00, 00, 00,
  0x2b, 00, 0x04, 00, 0x09, 00, 00, 00, 0x83, 0x03, 00, 00,
  0x5e, 00, 00, 00, 0x2b, 00, 0x04, 00, 0x09, 00, 00, 00,
  0x8d, 0x03, 00, 00, 0x5f, 00, 00, 00, 0x2b, 00, 0x04, 00,
  0x09, 00, 00, 00, 0x9c, 0x03, 00, 00, 0x61, 00, 00, 00,
  0x20, 00, 0x04, 00, 0xe6, 0x03, 00, 00, 0x07, 00, 00, 00,
  0x40, 00, 00, 00, 0x2b, 00, 0x04, 00, 0x06, 00, 00, 00,
  0xea, 0x03, 00, 00, 0x80, 00, 00, 00, 0x2b, 00, 0x04, 00,
  0x09, 00, 00, 00, 00, 0x04, 00, 00, 0x17, 00, 00, 00,
  0x2b, 00, 0x04, 00, 0x09, 00, 00, 00, 0x07, 0x04, 00, 00,
  0x1c, 00, 00, 00, 0x2b, 00, 0x04, 00, 0x09, 00, 00, 00,
  0x20, 0x04, 00, 00, 0x31, 00, 00, 00, 0x2b, 00, 0x04, 00,
  0x09, 00, 00, 00, 0x24, 0x04, 00, 00, 0x32, 00, 00, 00,
  0x2b, 00, 0x04, 00, 0x09, 00, 00, 00, 0x9a, 0x04, 00, 00,
  0x16, 00, 00, 00, 0x2b, 00, 0x04, 00, 0x09, 00, 00, 00,
  0xa7, 0x04, 00, 00, 0x24, 00, 00, 00, 0x2b, 00, 0x04, 00,
  0x09, 00, 00, 00, 0xba, 0x04, 00, 00, 0x3a, 00, 00, 00,
  0x2b, 00, 0x04, 00, 0x09, 00, 00, 00, 0xc1, 0x04, 00, 00,
  0x41, 00, 00, 00, 0x2b, 00, 0x04, 00, 0x09, 00, 00, 00,
  0xcf, 0x04, 00, 00, 0x60, 00, 00, 00, 0x2b, 00, 0x04, 00,
  0x09, 00, 00, 00, 0x18, 0x05, 00, 00, 0x3f, 00, 00, 00,
  0x2b, 00, 0x04, 00, 0x09, 00, 00, 00, 0x3d, 0x05, 00, 00,
  0x23, 00, 00, 00, 0x2b, 00, 0x04, 00, 0x09, 00, 00, 00,
  0x44, 0x05, 00, 00, 0x2a, 00, 00, 00, 0x17, 00, 0x04, 00,
  0x56, 0x05, 00, 00, 0x09, 00, 00, 00, 0x04, 00, 00, 00,
  0x20, 00, 0x04, 00, 0x57, 0x05, 00, 00, 0x07, 00, 00, 00,
  0x56, 0x05, 00, 00, 0x2b, 00, 0x04, 00, 0x06, 00, 00, 00,
  0x7c, 0x05, 00, 00, 0x10, 00, 00, 00, 0x1c, 00, 0x04, 00,
  0x7d, 0x05, 00, 00, 0x09, 00, 00, 00, 0x7c, 0x05, 00, 00,
  0x2b, 00, 0x04, 00, 0x09, 00, 00, 00, 0x7e, 0x05, 00, 00,
  0x1a, 00, 00, 00, 0x2b, 00, 0x04, 00, 0x09, 00, 00, 00,
  0x7f, 0x05, 00, 00, 0x1e, 00, 00, 00, 0x2b, 00, 0x04, 00,
  0x09, 00, 00, 00, 0x80, 0x05, 00, 00, 0x22, 00, 00, 00,
  0x2b, 00, 0x04, 00, 0x09, 00, 00, 00, 0x81, 0x05, 00, 00,
  0x2f, 00, 00, 00, 0x2b, 00, 0x04, 00, 0x09, 00, 00, 00,
  0x82, 0x05, 00, 00, 0x33, 00, 00, 00, 0x2b, 00, 0x04, 00,
  0x09, 00, 00, 00, 0x83, 0x05, 00, 00, 0x3c, 00, 00, 00,
  0x2c, 00, 0x13, 00, 0x7d, 0x05, 00, 00, 0x84, 0x05, 00, 00,
  0x3f, 00, 00, 00, 0x7d, 00, 00, 00, 0xdf, 00, 00, 00,
  0x36, 0x01, 00, 00, 0x57, 0x03, 00, 00, 0x21, 0x03, 00, 00,
  0x7e, 0x05, 00, 00, 0x7f, 0x05, 00, 00, 0x80, 0x05, 00, 00,
  0x1c, 0x02, 00, 00, 0x22, 0x03, 00, 00, 0x81, 0x05, 00, 00,
  0x82, 0x05, 00, 00, 0x93, 0x01, 00, 00, 0x83, 0x05, 00, 00,
  0x94, 0x01, 00, 00, 0x20, 00, 0x04, 00, 0x86, 0x05, 00, 00,
  0x07, 00, 00, 00, 0x7d, 0x05, 00, 00, 0x2b, 00, 0x04, 00,
  0x09, 00, 00, 00, 0xaf, 0x05, 00, 00, 0x13, 00, 00, 00,
  0x2b, 00, 0x04, 00, 0x09, 00, 00, 00, 0xc8, 0x05, 00, 00,
  0x36, 00, 00, 00, 0x2b, 00, 0x04, 00, 0x09, 00, 00, 00,
  0xd1, 0x05, 00, 00, 0x3b, 00, 00, 00, 0x2b, 00, 0x04, 00,
  0x09, 00, 00, 00, 0xe2, 0x05, 00, 00, 0x4f, 00, 00, 00,
  0x20, 00, 0x04, 00, 0x49, 0x06, 00, 00, 0x07, 00, 00, 00,
  0x9c, 0x01, 00, 00, 0x2b, 00, 0x04, 00, 0x06, 00, 00, 00,
  0x5b, 0x06, 00, 00, 0x20, 00, 00, 00, 0x2b, 00, 0x04, 00,
  0x06, 00, 00, 00, 0x64, 0x06, 00, 00, 0x03, 00, 00, 00,
  0x1e, 00, 0x0b, 00, 0x8d, 0x06, 00, 00, 0x09, 00, 00, 00,
  0x09, 00, 00, 00, 0x09, 00, 00, 00, 0x09, 00, 00, 00,
  0x09, 00, 00, 00, 0x09, 00, 00, 00, 0x09, 00, 00, 00,
  0x09, 00, 00, 00, 0x09, 00, 00, 00, 0x20, 00, 0x04, 00,
  0x8e, 0x06, 00, 00, 0x09, 00, 00, 00, 0x8d, 0x06, 00, 00,
  0x3b, 00, 0x04, 00, 0x8e, 0x06, 00, 00, 0x8f, 0x06, 00, 00,
  0x09, 00, 00, 00, 0x20, 00, 0x04, 00, 0x90, 0x06, 00, 00,
  0x09, 00, 00, 00, 0x09, 00, 00, 00, 0x20, 00, 0x04, 00,
  0xab, 0x06, 00, 00, 0x01, 00, 00, 00, 0x9c, 0x01, 00, 00,
  0x3b, 00, 0x04, 00, 0xab, 0x06, 00, 00, 0xac, 0x06, 00, 00,
  0x01, 00, 00, 00, 0x20, 00, 0x04, 00, 0xad, 0x06, 00, 00,
  0x01, 00, 00, 00, 0x06, 00, 00, 00, 0x2b, 00, 0x04, 00,
  0x06, 00, 00, 00, 0xb6, 0x06, 00, 00, 0x02, 00, 00, 00,
  0x17, 00, 0x04, 00, 0xc1, 0x06, 00, 00, 0x40, 00, 00, 00,
  0x03, 00, 00, 00, 0x1d, 00, 0x03, 00, 0xff, 0x06, 00, 00,
  0x06, 00, 00, 00, 0x1e, 00, 0x03, 00, 00, 0x07, 00, 00,
  0xff, 0x06, 00, 00, 0x20, 00, 0x04, 00, 0x01, 0x07, 00, 00,
  0x0c, 00, 00, 00, 00, 0x07, 00, 00, 0x3b, 00, 0x04, 00,
  0x01, 0x07, 00, 00, 0x02, 0x07, 00, 00, 0x0c, 00, 00, 00,
  0x20, 00, 0x04, 00, 0x04, 0x07, 00, 00, 0x0c, 00, 00, 00,
  0x06, 00, 00, 00, 0x2b, 00, 0x04, 00, 0x09, 00, 00, 00,
  0x16, 0x07, 00, 00, 0x92, 00, 00, 00, 0x2c, 00, 0x07, 00,
  0x07, 00, 00, 00, 0x58, 0x07, 00, 00, 0x46, 0x01, 00, 00,
  0x46, 0x01, 00, 00, 0x46, 0x01, 00, 00, 0x46, 0x01, 00, 00,
  0x2c, 00, 0x08, 00, 0x11, 00, 00, 00, 0x59, 0x07, 00, 00,
  0x58, 0x07, 00, 00, 0x58, 0x07, 00, 00, 0x46, 0x01, 00, 00,
  0x46, 0x01, 00, 00, 0x46, 0x01, 00, 00, 0x16, 00, 0x03, 00,
  0x60, 0x07, 00, 00, 0x20, 00, 00, 00, 0x17, 00, 0x04, 00,
  0x61, 0x07, 00, 00, 0x60, 0x07, 00, 00, 0x04, 00, 00, 00,
  0x20, 00, 0x04, 00, 0x62, 0x07, 00, 00, 0x07, 00, 00, 00,
  0x61, 0x07, 00, 00, 0x2b, 00, 0x04, 00, 0x60, 0x07, 00, 00,
  0x66, 0x07, 00, 00, 00, 00, 0x7f, 0x43, 0x1d, 00, 0x03, 00,
  0x75, 0x07, 00, 00, 0x06, 00, 00, 00, 0x1e, 00, 0x03, 00,
  0x76, 0x07, 00, 00, 0x75, 0x07, 00, 00, 0x20, 00, 0x04, 00,
  0x77, 0x07, 00, 00, 0x0c, 00, 00, 00, 0x76, 0x07, 00, 00,
  0x3b, 00, 0x04, 00, 0x77, 0x07, 00, 00, 0x78, 0x07, 00, 00,
  0x0c, 00, 00, 00, 0x2c, 00, 0x06, 00, 0x9c, 0x01, 00, 00,
  0x7d, 0x07, 00, 00, 0x8d, 0x01, 00, 00, 0x8d, 0x01, 00, 00,
  0x4d, 0x01, 00, 00, 0x36, 00, 0x05, 00, 0x02, 00, 00, 00,
  0x04, 00, 00, 00, 00, 00, 00, 00, 0x03, 00, 00, 00,
  0xf8, 00, 0x02, 00, 0x05, 00, 00, 00, 0x3b, 00, 0x04, 00,
  0x0a, 00, 00, 00, 0x8c, 0x06, 00, 00, 0x07, 00, 00, 00,
  0x3b, 00, 0x04, 00, 0x0a, 00, 00, 00, 0x93, 0x06, 00, 00,
  0x07, 00, 00, 00, 0x3b, 00, 0x04, 00, 0x0a, 00, 00, 00,
  0x96, 0x06, 00, 00, 0x07, 00, 00, 00, 0x3b, 00, 0x04, 00,
  0x0a, 00, 00, 00, 0x99, 0x06, 00, 00, 0x07, 00, 00, 00,
  0x3b, 00, 0x04, 00, 0x0a, 00, 00, 00, 0x9c, 0x06, 00, 00,
  0x07, 00, 00, 00, 0x3b, 00, 0x04, 00, 0x0a, 00, 00, 00,
  0x9f, 0x06, 00, 00, 0x07, 00, 00, 00, 0x3b, 00, 0x04, 00,
  0x0a, 00, 00, 00, 0xa2, 0x06, 00, 00, 0x07, 00, 00, 00,
  0x3b, 00, 0x04, 00, 0x6b, 0x01, 00, 00, 0xa5, 0x06, 00, 00,
  0x07, 00, 00, 00, 0x3b, 00, 0x04, 00, 0x0a, 00, 00, 00,
  0xaa, 0x06, 00, 00, 0x07, 00, 00, 00, 0x3b, 00, 0x04, 00,
  0x0a, 00, 00, 00, 0xb1, 0x06, 00, 00, 0x07, 00, 00, 00,
  0x3b, 00, 0x04, 00, 0x0a, 00, 00, 00, 0xb5, 0x06, 00, 00,
  0x07, 00, 00, 00, 0x3b, 00, 0x04, 00, 0x6b, 0x01, 00, 00,
  0xba, 0x06, 00, 00, 0x07, 00, 00, 00, 0x3b, 00, 0x04, 00,
  0x6b, 0x01, 00, 00, 0xc7, 0x06, 00, 00, 0x07, 00, 00, 00,
  0x3b, 00, 0x04, 00, 0x20, 0x01, 00, 00, 0xce, 0x06, 00, 00,
  0x07, 00, 00, 00, 0x3b, 00, 0x04, 00, 0x0a, 00, 00, 00,
  0xd3, 0x06, 00, 00, 0x07, 00, 00, 00, 0x3b, 00, 0x04, 00,
  0x0a, 00, 00, 00, 0xda, 0x06, 00, 00, 0x07, 00, 00, 00,
  0x3b, 00, 0x04, 00, 0x0a, 00, 00, 00, 0xde, 0x06, 00, 00,
  0x07, 00, 00, 00, 0x3b, 00, 0x04, 00, 0x0a, 00, 00, 00,
  0xe2, 0x06, 00, 00, 0x07, 00, 00, 00, 0x3b, 00, 0x04, 00,
  0x0a, 00, 00, 00, 0xe6, 0x06, 00, 00, 0x07, 00, 00, 00,
  0x3b, 00, 0x04, 00, 0x0a, 00, 00, 00, 0xea, 0x06, 00, 00,
  0x07, 00, 00, 00, 0x3b, 00, 0x04, 00, 0x0a, 00, 00, 00,
  0xee, 0x06, 00, 00, 0x07, 00, 00, 00, 0x3b, 00, 0x04, 00,
  0x0a, 00, 00, 00, 0xfb, 0x06, 00, 00, 0x07, 00, 00, 00,
  0x3b, 00, 0x04, 00, 0x08, 00, 00, 00, 0xfe, 0x06, 00, 00,
  0x07, 00, 00, 00, 0x3b, 00, 0x04, 00, 0xe6, 0x03, 00, 00,
  0x14, 0x07, 00, 00, 0x07, 00, 00, 00, 0x3b, 00, 0x04, 00,
  0x0a, 00, 00, 00, 0x18, 0x07, 00, 00, 0x07, 00, 00, 00,
  0x3b, 00, 0x04, 00, 0x33, 00, 00, 00, 0x27, 0x07, 00, 00,
  0x07, 00, 00, 00, 0x3b, 00, 0x04, 00, 0x08, 00, 00, 00,
  0x28, 0x07, 00, 00, 0x07, 00, 00, 00, 0x3b, 00, 0x04, 00,
  0x0a, 00, 00, 00, 0x2a, 0x07, 00, 00, 0x07, 00, 00, 00,
  0x3b, 00, 0x04, 00, 0x08, 00, 00, 00, 0x2e, 0x07, 00, 00,
  0x07, 00, 00, 00, 0x3b, 00, 0x04, 00, 0x0a, 00, 00, 00,
  0x30, 0x07, 00, 00, 0x07, 00, 00, 00, 0x3b, 00, 0x04, 00,
  0x08, 00, 00, 00, 0x34, 0x07, 00, 00, 0x07, 00, 00, 00,
  0x3b, 00, 0x04, 00, 0x0a, 00, 00, 00, 0x36, 0x07, 00, 00,
  0x07, 00, 00, 00, 0x3b, 00, 0x04, 00, 0x08, 00, 00, 00,
  0x3a, 0x07, 00, 00, 0x07, 00, 00, 00, 0x3b, 00, 0x04, 00,
  0x0a, 00, 00, 00, 0x3c, 0x07, 00, 00, 0x07, 00, 00, 00,
  0x3b, 00, 0x04, 00, 0x08, 00, 00, 00, 0x40, 0x07, 00, 00,
  0x07, 00, 00, 00, 0x3b, 00, 0x04, 00, 0x0a, 00, 00, 00,
  0x42, 0x07, 00, 00, 0x07, 00, 00, 00, 0x3b, 00, 0x04, 00,
  0x08, 00, 00, 00, 0x46, 0x07, 00, 00, 0x07, 00, 00, 00,
  0x3b, 00, 0x04, 00, 0x0a, 00, 00, 00, 0x48, 0x07, 00, 00,
  0x07, 00, 00, 00, 0x3b, 00, 0x04, 00, 0x08, 00, 00, 00,
  0x4c, 0x07, 00, 00, 0x07, 00, 00, 00, 0x3b, 00, 0x04, 00,
  0x0a, 00, 00, 00, 0x4e, 0x07, 00, 00, 0x07, 00, 00, 00,
  0x3b, 00, 0x04, 00, 0x08, 00, 00, 00, 0x52, 0x07, 00, 00,
  0x07, 00, 00, 00, 0x3b, 00, 0x04, 00, 0x0a, 00, 00, 00,
  0x54, 0x07, 00, 00, 0x07, 00, 00, 00, 0x3b, 00, 0x04, 00,
  0x08, 00, 00, 00, 0x5c, 0x07, 00, 00, 0x07, 00, 00, 00,
  0x3b, 00, 0x04, 00, 0x33, 00, 00, 00, 0x5d, 0x07, 00, 00,
  0x07, 00, 00, 00, 0x3b, 00, 0x04, 00, 0x62, 0x07, 00, 00,
  0x63, 0x07, 00, 00, 0x07, 00, 00, 00, 0x3b, 00, 0x04, 00,
  0x0a, 00, 00, 00, 0x69, 0x07, 00, 00, 0x07, 00, 00, 00,
  0x41, 00, 0x05, 00, 0x90, 0x06, 00, 00, 0x91, 0x06, 00, 00,
  0x8f, 0x06, 00, 00, 0x3f, 00, 00, 00, 0x3d, 00, 0x04, 00,
  0x09, 00, 00, 00, 0x92, 0x06, 00, 00, 0x91, 0x06, 00, 00,
  0x3e, 00, 0x03, 00, 0x8c, 0x06, 00, 00, 0x92, 0x06, 00, 00,
  0x41, 00, 0x05, 00, 0x90, 0x06, 00, 00, 0x94, 0x06, 00, 00,
  0x8f, 0x06, 00, 00, 0x3c, 00, 00, 00, 0x3d, 00, 0x04, 00,
  0x09, 00, 00, 00, 0x95, 0x06, 00, 00, 0x94, 0x06, 00, 00,
  0x3e, 00, 0x03, 00, 0x93, 0x06, 00, 00, 0x95, 0x06, 00, 00,
  0x41, 00, 0x05, 00, 0x90, 0x06, 00, 00, 0x97, 0x06, 00, 00,
  0x8f, 0x06, 00, 00, 0xd0, 00, 00, 00, 0x3d, 00, 0x04, 00,
  0x09, 00, 00, 00, 0x98, 0x06, 00, 00, 0x97, 0x06, 00, 00,
  0x3e, 00, 0x03, 00, 0x96, 0x06, 00, 00, 0x98, 0x06, 00, 00,
  0x41, 00, 0x05, 00, 0x90, 0x06, 00, 00, 0x9a, 0x06, 00, 00,
  0x8f, 0x06, 00, 00, 0xcc, 00, 00, 00, 0x3d, 00, 0x04, 00,
  0x09, 00, 00, 00, 0x9b, 0x06, 00, 00, 0x9a, 0x06, 00, 00,
  0x3e, 00, 0x03, 00, 0x99, 0x06, 00, 00, 0x9b, 0x06, 00, 00,
  0x41, 00, 0x05, 00, 0x90, 0x06, 00, 00, 0x9d, 0x06, 00, 00,
  0x8f, 0x06, 00, 00, 0x7d, 00, 00, 00, 0x3d, 00, 0x04, 00,
  0x09, 00, 00, 00, 0x9e, 0x06, 00, 00, 0x9d, 0x06, 00, 00,
  0x3e, 00, 0x03, 00, 0x9c, 0x06, 00, 00, 0x9e, 0x06, 00, 00,
  0x41, 00, 0x05, 00, 0x90, 0x06, 00, 00, 0xa0, 0x06, 00, 00,
  0x8f, 0x06, 00, 00, 0x47, 00, 00, 00, 0x3d, 00, 0x04, 00,
  0x09, 00, 00, 00, 0xa1, 0x06, 00, 00, 0xa0, 0x06, 00, 00,
  0x3e, 00, 0x03, 00, 0x9f, 0x06, 00, 00, 0xa1, 0x06, 00, 00,
  0x41, 00, 0x05, 00, 0x90, 0x06, 00, 00, 0xa3, 0x06, 00, 00,
  0x8f, 0x06, 00, 00, 0x29, 0x01, 00, 00, 0x3d, 00, 0x04, 00,
  0x09, 00, 00, 00, 0xa4, 0x06, 00, 00, 0xa3, 0x06, 00, 00,
  0x3e, 00, 0x03, 00, 0xa2, 0x06, 00, 00, 0xa4, 0x06, 00, 00,
  0x3d, 00, 0x04, 00, 0x09, 00, 00, 00, 0xa6, 0x06, 00, 00,
  0x93, 0x06, 00, 00, 0x3d, 00, 0x04, 00, 0x09, 00, 00, 00,
  0xa7, 0x06, 00, 00, 0x99, 0x06, 00, 00, 0x3d, 00, 0x04, 00,
  0x09, 00, 00, 00, 0xa8, 0x06, 00, 00, 0x96, 0x06, 00, 00,
  0x50, 00, 0x06, 00, 0x6a, 0x01, 00, 00, 0xa9, 0x06, 00, 00,
  0xa6, 0x06, 00, 00, 0xa7, 0x06, 00, 00, 0xa8, 0x06, 00, 00,
  0x3e, 00, 0x03, 00, 0xa5, 0x06, 00, 00, 0xa9, 0x06, 00, 00,
  0x41, 00, 0x05, 00, 0xad, 0x06, 00, 00, 0xae, 0x06, 00, 00,
  0xac, 0x06, 00, 00, 0x46, 0x01, 00, 00, 0x3d, 00, 0x04, 00,
  0x06, 00, 00, 00, 0xaf, 0x06, 00, 00, 0xae, 0x06, 00, 00,
  0x7c, 00, 0x04, 00, 0x09, 00, 00, 00, 0xb0, 0x06, 00, 00,
  0xaf, 0x06, 00, 00, 0x3e, 00, 0x03, 00, 0xaa, 0x06, 00, 00,
  0xb0, 0x06, 00, 00, 0x41, 00, 0x05, 00, 0xad, 0x06, 00, 00,
  0xb2, 0x06, 00, 00, 0xac, 0x06, 00, 00, 0x4d, 0x01, 00, 00,
  0x3d, 00, 0x04, 00, 0x06, 00, 00, 00, 0xb3, 0x06, 00, 00,
  0xb2, 0x06, 00, 00, 0x7c, 00, 0x04, 00, 0x09, 00, 00, 00,
  0xb4, 0x06, 00, 00, 0xb3, 0x06, 00, 00, 0x3e, 00, 0x03, 00,
  0xb1, 0x06, 00, 00, 0xb4, 0x06, 00, 00, 0x41, 00, 0x05, 00,
  0xad, 0x06, 00, 00, 0xb7, 0x06, 00, 00, 0xac, 0x06, 00, 00,
  0xb6, 0x06, 00, 00, 0x3d, 00, 0x04, 00, 0x06, 00, 00, 00,
  0xb8, 0x06, 00, 00, 0xb7, 0x06, 00, 00, 0x7c, 00, 0x04, 00,
  0x09, 00, 00, 00, 0xb9, 0x06, 00, 00, 0xb8, 0x06, 00, 00,
  0x3e, 00, 0x03, 00, 0xb5, 0x06, 00, 00, 0xb9, 0x06, 00, 00,
  0x3d, 00, 0x04, 00, 0x09, 00, 00, 00, 0xbb, 0x06, 00, 00,
  0xaa, 0x06, 00, 00, 0x3d, 00, 0x04, 00, 0x09, 00, 00, 00,
  0xbc, 0x06, 00, 00, 0xb1, 0x06, 00, 00, 0x3d, 00, 0x04, 00,
  0x09, 00, 00, 00, 0xbd, 0x06, 00, 00, 0xb5, 0x06, 00, 00,
  0x50, 00, 0x06, 00, 0x6a, 0x01, 00, 00, 0xbe, 0x06, 00, 00,
  0xbb, 0x06, 00, 00, 0xbc, 0x06, 00, 00, 0xbd, 0x06, 00, 00,
  0x3e, 00, 0x03, 00, 0xba, 0x06, 00, 00, 0xbe, 0x06, 00, 00,
  0x3d, 00, 0x04, 00, 0x6a, 0x01, 00, 00, 0xbf, 0x06, 00, 00,
  0xba, 0x06, 00, 00, 0x3d, 00, 0x04, 00, 0x6a, 0x01, 00, 00,
  0xc0, 0x06, 00, 00, 0xa5, 0x06, 00, 00, 0xaf, 00, 0x05, 00,
  0xc1, 0x06, 00, 00, 0xc2, 0x06, 00, 00, 0xbf, 0x06, 00, 00,
  0xc0, 0x06, 00, 00, 0x9a, 00, 0x04, 00, 0x40, 00, 00, 00,
  0xc3, 0x06, 00, 00, 0xc2, 0x06, 00, 00, 0xf7, 00, 0x03, 00,
  0xc5, 0x06, 00, 00, 00, 00, 00, 00, 0xfa, 00, 0x04, 00,
  0xc3, 0x06, 00, 00, 0xc4, 0x06, 00, 00, 0xc5, 0x06, 00, 00,
  0xf8, 00, 0x02, 00, 0xc4, 0x06, 00, 00, 0xfd, 00, 0x01, 00,
  0xf8, 00, 0x02, 00, 0xc5, 0x06, 00, 00, 0x3d, 00, 0x04, 00,
  0x09, 00, 00, 00, 0xc8, 0x06, 00, 00, 0xaa, 0x06, 00, 00,
  0x87, 00, 0x05, 00, 0x09, 00, 00, 00, 0xc9, 0x06, 00, 00,
  0xc8, 0x06, 00, 00, 0x7d, 00, 00, 00, 0x3d, 00, 0x04, 00,
  0x09, 00, 00, 00, 0xca, 0x06, 00, 00, 0xb1, 0x06, 00, 00,
  0x87, 00, 0x05, 00, 0x09, 00, 00, 00, 0xcb, 0x06, 00, 00,
  0xca, 0x06, 00, 00, 0x7d, 00, 00, 00, 0x3d, 00, 0x04, 00,
  0x09, 00, 00, 00, 0xcc, 0x06, 00, 00, 0xb5, 0x06, 00, 00,
  0x50, 00, 0x06, 00, 0x6a, 0x01, 00, 00, 0xcd, 0x06, 00, 00,
  0xc9, 0x06, 00, 00, 0xcb, 0x06, 00, 00, 0xcc, 0x06, 00, 00,
  0x3e, 00, 0x03, 00, 0xc7, 0x06, 00, 00, 0xcd, 0x06, 00, 00,
  0x3d, 00, 0x04, 00, 0x6a, 0x01, 00, 00, 0xcf, 0x06, 00, 00,
  0xba, 0x06, 00, 00, 0x4f, 00, 0x07, 00, 0x1f, 0x01, 00, 00,
  0xd0, 0x06, 00, 00, 0xcf, 0x06, 00, 00, 0xcf, 0x06, 00, 00,
  00, 00, 00, 00, 0x01, 00, 00, 00, 0x50, 00, 0x05, 00,
  0x1f, 0x01, 00, 00, 0xd1, 0x06, 00, 00, 0x7d, 00, 00, 00,
  0x7d, 00, 00, 00, 0x8b, 00, 0x05, 00, 0x1f, 0x01, 00, 00,
  0xd2, 0x06, 00, 00, 0xd0, 0x06, 00, 00, 0xd1, 0x06, 00, 00,
  0x3e, 00, 0x03, 00, 0xce, 0x06, 00, 00, 0xd2, 0x06, 00, 00,
  0x41, 00, 0x05, 00, 0x0a, 00, 00, 00, 0xd4, 0x06, 00, 00,
  0xce, 0x06, 00, 00, 0x4d, 0x01, 00, 00, 0x3d, 00, 0x04, 00,
  0x09, 00, 00, 00, 0xd5, 0x06, 00, 00, 0xd4, 0x06, 00, 00,
  0x84, 00, 0x05, 00, 0x09, 00, 00, 00, 0xd6, 0x06, 00, 00,
  0x7d, 00, 00, 00, 0xd5, 0x06, 00, 00, 0x41, 00, 0x05, 00,
  0x0a, 00, 00, 00, 0xd7, 0x06, 00, 00, 0xce, 0x06, 00, 00,
  0x46, 0x01, 00, 00, 0x3d, 00, 0x04, 00, 0x09, 00, 00, 00,
  0xd8, 0x06, 00, 00, 0xd7, 0x06, 00, 00, 0x80, 00, 0x05, 00,
  0x09, 00, 00, 00, 0xd9, 0x06, 00, 00, 0xd6, 0x06, 00, 00,
  0xd8, 0x06, 00, 00, 0x3e, 00, 0x03, 00, 0xd3, 0x06, 00, 00,
  0xd9, 0x06, 00, 00, 0x3d, 00, 0x04, 00, 0x09, 00, 00, 00,
  0xdb, 0x06, 00, 00, 0x9f, 0x06, 00, 00, 0x3d, 00, 0x04, 00,
  0x09, 00, 00, 00, 0xdc, 0x06, 00, 00, 0x93, 0x06, 00, 00,
  0x0c, 00, 0x07, 00, 0x09, 00, 00, 00, 0xdd, 0x06, 00, 00,
  0x01, 00, 00, 00, 0x2a, 00, 00, 00, 0xdb, 0x06, 00, 00,
  0xdc, 0x06, 00, 00, 0x3e, 00, 0x03, 00, 0xda, 0x06, 00, 00,
  0xdd, 0x06, 00, 00, 0x3d, 00, 0x04, 00, 0x09, 00, 00, 00,
  0xdf, 0x06, 00, 00, 0xa2, 0x06, 00, 00, 0x3d, 00, 0x04, 00,
  0x09, 00, 00, 00, 0xe0, 0x06, 00, 00, 0x99, 0x06, 00, 00,
  0x0c, 00, 0x07, 00, 0x09, 00, 00, 00, 0xe1, 0x06, 00, 00,
  0x01, 00, 00, 00, 0x2a, 00, 00, 00, 0xdf, 0x06, 00, 00,
  0xe0, 0x06, 00, 00, 0x3e, 00, 0x03, 00, 0xde, 0x06, 00, 00,
  0xe1, 0x06, 00, 00, 0x3d, 00, 0x04, 00, 0x09, 00, 00, 00,
  0xe3, 0x06, 00, 00, 0xda, 0x06, 00, 00, 0x80, 00, 0x05, 00,
  0x09, 00, 00, 00, 0xe4, 0x06, 00, 00, 0xe3, 0x06, 00, 00,
  0xd0, 00, 00, 00, 0x87, 00, 0x05, 00, 0x09, 00, 00, 00,
  0xe5, 0x06, 00, 00, 0xe4, 0x06, 00, 00, 0x7d, 00, 00, 00,
  0x3e, 00, 0x03, 00, 0xe2, 0x06, 00, 00, 0xe5, 0x06, 00, 00,
  0x3d, 00, 0x04, 00, 0x09, 00, 00, 00, 0xe7, 0x06, 00, 00,
  0xde, 0x06, 00, 00, 0x80, 00, 0x05, 00, 0x09, 00, 00, 00,
  0xe8, 0x06, 00, 00, 0xe7, 0x06, 00, 00, 0xd0, 00, 00, 00,
  0x87, 00, 0x05, 00, 0x09, 00, 00, 00, 0xe9, 0x06, 00, 00,
  0xe8, 0x06, 00, 00, 0x7d, 00, 00, 00, 0x3e, 00, 0x03, 00,
  0xe6, 0x06, 00, 00, 0xe9, 0x06, 00, 00, 0x3d, 00, 0x04, 00,
  0x09, 00, 00, 00, 0xeb, 0x06, 00, 00, 0xe2, 0x06, 00, 00,
  0x3d, 00, 0x04, 00, 0x09, 00, 00, 00, 0xec, 0x06, 00, 00,
  0xe6, 0x06, 00, 00, 0x84, 00, 0x05, 00, 0x09, 00, 00, 00,
  0xed, 0x06, 00, 00, 0xeb, 0x06, 00, 00, 0xec, 0x06, 00, 00,
  0x3e, 00, 0x03, 00, 0xea, 0x06, 00, 00, 0xed, 0x06, 00, 00,
  0x41, 00, 0x05, 00, 0x0a, 00, 00, 00, 0xef, 0x06, 00, 00,
  0xc7, 0x06, 00, 00, 0xb6, 0x06, 00, 00, 0x3d, 00, 0x04, 00,
  0x09, 00, 00, 00, 0xf0, 0x06, 00, 00, 0xef, 0x06, 00, 00,
  0x3d, 00, 0x04, 00, 0x09, 00, 00, 00, 0xf1, 0x06, 00, 00,
  0xea, 0x06, 00, 00, 0x84, 00, 0x05, 00, 0x09, 00, 00, 00,
  0xf2, 0x06, 00, 00, 0xf0, 0x06, 00, 00, 0xf1, 0x06, 00, 00,
  0x41, 00, 0x05, 00, 0x0a, 00, 00, 00, 0xf3, 0x06, 00, 00,
  0xc7, 0x06, 00, 00, 0x4d, 0x01, 00, 00, 0x3d, 00, 0x04, 00,
  0x09, 00, 00, 00, 0xf4, 0x06, 00, 00, 0xf3, 0x06, 00, 00,
  0x3d, 00, 0x04, 00, 0x09, 00, 00, 00, 0xf5, 0x06, 00, 00,
  0xe2, 0x06, 00, 00, 0x84, 00, 0x05, 00, 0x09, 00, 00, 00,
  0xf6, 0x06, 00, 00, 0xf4, 0x06, 00, 00, 0xf5, 0x06, 00, 00,
  0x80, 00, 0x05, 00, 0x09, 00, 00, 00, 0xf7, 0x06, 00, 00,
  0xf2, 0x06, 00, 00, 0xf6, 0x06, 00, 00, 0x41, 00, 0x05, 00,
  0x0a, 00, 00, 00, 0xf8, 0x06, 00, 00, 0xc7, 0x06, 00, 00,
  0x46, 0x01, 00, 00, 0x3d, 00, 0x04, 00, 0x09, 00, 00, 00,
  0xf9, 0x06, 00, 00, 0xf8, 0x06, 00, 00, 0x80, 00, 0x05, 00,
  0x09, 00, 00, 00, 0xfa, 0x06, 00, 00, 0xf7, 0x06, 00, 00,
  0xf9, 0x06, 00, 00, 0x3e, 00, 0x03, 00, 0xee, 0x06, 00, 00,
  0xfa, 0x06, 00, 00, 0x3d, 00, 0x04, 00, 0x09, 00, 00, 00,
  0xfc, 0x06, 00, 00, 0xee, 0x06, 00, 00, 0x84, 00, 0x05, 00,
  0x09, 00, 00, 00, 0xfd, 0x06, 00, 00, 0x7d, 00, 00, 00,
  0xfc, 0x06, 00, 00, 0x3e, 00, 0x03, 00, 0xfb, 0x06, 00, 00,
  0xfd, 0x06, 00, 00, 0x3d, 00, 0x04, 00, 0x09, 00, 00, 00,
  0x03, 0x07, 00, 00, 0xfb, 0x06, 00, 00, 0x41, 00, 0x06, 00,
  0x04, 0x07, 00, 00, 0x05, 0x07, 00, 00, 0x02, 0x07, 00, 00,
  0x3f, 00, 00, 00, 0x03, 0x07, 00, 00, 0x3d, 00, 0x04, 00,
  0x06, 00, 00, 00, 0x06, 0x07, 00, 00, 0x05, 0x07, 00, 00,
  0x3d, 00, 0x04, 00, 0x09, 00, 00, 00, 0x07, 0x07, 00, 00,
  0xfb, 0x06, 00, 00, 0x80, 00, 0x05, 00, 0x09, 00, 00, 00,
  0x08, 0x07, 00, 00, 0x07, 0x07, 00, 00, 0x3c, 00, 00, 00,
  0x41, 00, 0x06, 00, 0x04, 0x07, 00, 00, 0x09, 0x07, 00, 00,
  0x02, 0x07, 00, 00, 0x3f, 00, 00, 00, 0x08, 0x07, 00, 00,
  0x3d, 00, 0x04, 00, 0x06, 00, 00, 00, 0x0a, 0x07, 00, 00,
  0x09, 0x07, 00, 00, 0x3d, 00, 0x04, 00, 0x09, 00, 00, 00,
  0x0b, 0x07, 00, 00, 0xfb, 0x06, 00, 00, 0x80, 00, 0x05, 00,
  0x09, 00, 00, 00, 0x0c, 0x07, 00, 00, 0x0b, 0x07, 00, 00,
  0xcc, 00, 00, 00, 0x41, 00, 0x06, 00, 0x04, 0x07, 00, 00,
  0x0d, 0x07, 00, 00, 0x02, 0x07, 00, 00, 0x3f, 00, 00, 00,
  0x0c, 0x07, 00, 00, 0x3d, 00, 0x04, 00, 0x06, 00, 00, 00,
  0x0e, 0x07, 00, 00, 0x0d, 0x07, 00, 00, 0x3d, 00, 0x04, 00,
  0x09, 00, 00, 00, 0x0f, 0x07, 00, 00, 0xfb, 0x06, 00, 00,
  0x80, 00, 0x05, 00, 0x09, 00, 00, 00, 0x10, 0x07, 00, 00,
  0x0f, 0x07, 00, 00, 0xd0, 00, 00, 00, 0x41, 00, 0x06, 00,
  0x04, 0x07, 00, 00, 0x11, 0x07, 00, 00, 0x02, 0x07, 00, 00,
  0x3f, 00, 00, 00, 0x10, 0x07, 00, 00, 0x3d, 00, 0x04, 00,
  0x06, 00, 00, 00, 0x12, 0x07, 00, 00, 0x11, 0x07, 00, 00,
  0x50, 00, 0x07, 00, 0x07, 00, 00, 00, 0x13, 0x07, 00, 00,
  0x06, 0x07, 00, 00, 0x0a, 0x07, 00, 00, 0x0e, 0x07, 00, 00,
  0x12, 0x07, 00, 00, 0x3e, 00, 0x03, 00, 0xfe, 0x06, 00, 00,
  0x13, 0x07, 00, 00, 0x3d, 00, 0x04, 00, 0x09, 00, 00, 00,
  0x15, 0x07, 00, 00, 0x8c, 0x06, 00, 00, 0xaa, 00, 0x05, 00,
  0x40, 00, 00, 00, 0x17, 0x07, 00, 00, 0x15, 0x07, 00, 00,
  0x16, 0x07, 00, 00, 0x3e, 00, 0x03, 00, 0x14, 0x07, 00, 00,
  0x17, 0x07, 00, 00, 0x41, 00, 0x05, 00, 0x50, 00, 00, 00,
  0x19, 0x07, 00, 00, 0xfe, 0x06, 00, 00, 0x46, 0x01, 00, 00,
  0x3d, 00, 0x04, 00, 0x06, 00, 00, 00, 0x1a, 0x07, 00, 00,
  0x19, 0x07, 00, 00, 0x0c, 00, 0x06, 00, 0x09, 00, 00, 00,
  0x1b, 0x07, 00, 00, 0x01, 00, 00, 00, 0x49, 00, 00, 00,
  0x1a, 0x07, 00, 00, 0x3e, 00, 0x03, 00, 0x18, 0x07, 00, 00,
  0x1b, 0x07, 00, 00, 0x3d, 00, 0x04, 00, 0x09, 00, 00, 00,
  0x1c, 0x07, 00, 00, 0x18, 0x07, 00, 00, 0xf7, 00, 0x03, 00,
  0x26, 0x07, 00, 00, 00, 00, 00, 00, 0xfb, 00, 0x13, 00,
  0x1c, 0x07, 00, 00, 0x25, 0x07, 00, 00, 00, 00, 00, 00,
  0x1d, 0x07, 00, 00, 0x01, 00, 00, 00, 0x1e, 0x07, 00, 00,
  0x02, 00, 00, 00, 0x1f, 0x07, 00, 00, 0x03, 00, 00, 00,
  0x20, 0x07, 00, 00, 0x04, 00, 00, 00, 0x21, 0x07, 00, 00,
  0x05, 00, 00, 00, 0x22, 0x07, 00, 00, 0x06, 00, 00, 00,
  0x23, 0x07, 00, 00, 0x07, 00, 00, 00, 0x24, 0x07, 00, 00,
  0xf8, 00, 0x02, 00, 0x25, 0x07, 00, 00, 0x3e, 00, 0x03, 00,
  0x27, 0x07, 00, 00, 0x59, 0x07, 00, 00, 0xf9, 00, 0x02, 00,
  0x26, 0x07, 00, 00, 0xf8, 00, 0x02, 00, 0x1d, 0x07, 00, 00,
  0x3d, 00, 0x04, 00, 0x07, 00, 00, 00, 0x29, 0x07, 00, 00,
  0xfe, 0x06, 00, 00, 0x3e, 00, 0x03, 00, 0x28, 0x07, 00, 00,
  0x29, 0x07, 00, 00, 0x3d, 00, 0x04, 00, 0x09, 00, 00, 00,
  0x2b, 0x07, 00, 00, 0xd3, 0x06, 00, 00, 0x3e, 00, 0x03, 00,
  0x2a, 0x07, 00, 00, 0x2b, 0x07, 00, 00, 0x39, 00, 0x06, 00,
  0x11, 00, 00, 00, 0x2c, 0x07, 00, 00, 0x15, 00, 00, 00,
  0x28, 0x07, 00, 00, 0x2a, 0x07, 00, 00, 0x3e, 00, 0x03, 00,
  0x27, 0x07, 00, 00, 0x2c, 0x07, 00, 00, 0xf9, 00, 0x02, 00,
  0x26, 0x07, 00, 00, 0xf8, 00, 0x02, 00, 0x1e, 0x07, 00, 00,
  0x3d, 00, 0x04, 00, 0x07, 00, 00, 00, 0x2f, 0x07, 00, 00,
  0xfe, 0x06, 00, 00, 0x3e, 00, 0x03, 00, 0x2e, 0x07, 00, 00,
  0x2f, 0x07, 00, 00, 0x3d, 00, 0x04, 00, 0x09, 00, 00, 00,
  0x31, 0x07, 00, 00, 0xd3, 0x06, 00, 00, 0x3e, 00, 0x03, 00,
  0x30, 0x07, 00, 00, 0x31, 0x07, 00, 00, 0x39, 00, 0x06, 00,
  0x11, 00, 00, 00, 0x32, 0x07, 00, 00, 0x19, 00, 00, 00,
  0x2e, 0x07, 00, 00, 0x30, 0x07, 00, 00, 0x3e, 00, 0x03, 00,
  0x27, 0x07, 00, 00, 0x32, 0x07, 00, 00, 0xf9, 00, 0x02, 00,
  0x26, 0x07, 00, 00, 0xf8, 00, 0x02, 00, 0x1f, 0x07, 00, 00,
  0x3d, 00, 0x04, 00, 0x07, 00, 00, 00, 0x35, 0x07, 00, 00,
  0xfe, 0x06, 00, 00, 0x3e, 00, 0x03, 00, 0x34, 0x07, 00, 00,
  0x35, 0x07, 00, 00, 0x3d, 00, 0x04, 00, 0x09, 00, 00, 00,
  0x37, 0x07, 00, 00, 0xd3, 0x06, 00, 00, 0x3e, 00, 0x03, 00,
  0x36, 0x07, 00, 00, 0x37, 0x07, 00, 00, 0x39, 00, 0x06, 00,
  0x11, 00, 00, 00, 0x38, 0x07, 00, 00, 0x1d, 00, 00, 00,
  0x34, 0x07, 00, 00, 0x36, 0x07, 00, 00, 0x3e, 00, 0x03, 00,
  0x27, 0x07, 00, 00, 0x38, 0x07, 00, 00, 0xf9, 00, 0x02, 00,
  0x26, 0x07, 00, 00, 0xf8, 00, 0x02, 00, 0x20, 0x07, 00, 00,
  0x3d, 00, 0x04, 00, 0x07, 00, 00, 00, 0x3b, 0x07, 00, 00,
  0xfe, 0x06, 00, 00, 0x3e, 00, 0x03, 00, 0x3a, 0x07, 00, 00,
  0x3b, 0x07, 00, 00, 0x3d, 00, 0x04, 00, 0x09, 00, 00, 00,
  0x3d, 0x07, 00, 00, 0xd3, 0x06, 00, 00, 0x3e, 00, 0x03, 00,
  0x3c, 0x07, 00, 00, 0x3d, 0x07, 00, 00, 0x39, 00, 0x06, 00,
  0x11, 00, 00, 00, 0x3e, 0x07, 00, 00, 0x21, 00, 00, 00,
  0x3a, 0x07, 00, 00, 0x3c, 0x07, 00, 00, 0x3e, 00, 0x03, 00,
  0x27, 0x07, 00, 00, 0x3e, 0x07, 00, 00, 0xf9, 00, 0x02, 00,
  0x26, 0x07, 00, 00, 0xf8, 00, 0x02, 00, 0x21, 0x07, 00, 00,
  0x3d, 00, 0x04, 00, 0x07, 00, 00, 00, 0x41, 0x07, 00, 00,
  0xfe, 0x06, 00, 00, 0x3e, 00, 0x03, 00, 0x40, 0x07, 00, 00,
  0x41, 0x07, 00, 00, 0x3d, 00, 0x04, 00, 0x09, 00, 00, 00,
  0x43, 0x07, 00, 00, 0xd3, 0x06, 00, 00, 0x3e, 00, 0x03, 00,
  0x42, 0x07, 00, 00, 0x43, 0x07, 00, 00, 0x39, 00, 0x06, 00,
  0x11, 00, 00, 00, 0x44, 0x07, 00, 00, 0x25, 00, 00, 00,
  0x40, 0x07, 00, 00, 0x42, 0x07, 00, 00, 0x3e, 00, 0x03, 00,
  0x27, 0x07, 00, 00, 0x44, 0x07, 00, 00, 0xf9, 00, 0x02, 00,
  0x26, 0x07, 00, 00, 0xf8, 00, 0x02, 00, 0x22, 0x07, 00, 00,
  0x3d, 00, 0x04, 00, 0x07, 00, 00, 00, 0x47, 0x07, 00, 00,
  0xfe, 0x06, 00, 00, 0x3e, 00, 0x03, 00, 0x46, 0x07, 00, 00,
  0x47, 0x07, 00, 00, 0x3d, 00, 0x04, 00, 0x09, 00, 00, 00,
  0x49, 0x07, 00, 00, 0xd3, 0x06, 00, 00, 0x3e, 00, 0x03, 00,
  0x48, 0x07, 00, 00, 0x49, 0x07, 00, 00, 0x39, 00, 0x06, 00,
  0x11, 00, 00, 00, 0x4a, 0x07, 00, 00, 0x29, 00, 00, 00,
  0x46, 0x07, 00, 00, 0x48, 0x07, 00, 00, 0x3e, 00, 0x03, 00,
  0x27, 0x07, 00, 00, 0x4a, 0x07, 00, 00, 0xf9, 00, 0x02, 00,
  0x26, 0x07, 00, 00, 0xf8, 00, 0x02, 00, 0x23, 0x07, 00, 00,
  0x3d, 00, 0x04, 00, 0x07, 00, 00, 00, 0x4d, 0x07, 00, 00,
  0xfe, 0x06, 00, 00, 0x3e, 00, 0x03, 00, 0x4c, 0x07, 00, 00,
  0x4d, 0x07, 00, 00, 0x3d, 00, 0x04, 00, 0x09, 00, 00, 00,
  0x4f, 0x07, 00, 00, 0xd3, 0x06, 00, 00, 0x3e, 00, 0x03, 00,
  0x4e, 0x07, 00, 00, 0x4f, 0x07, 00, 00, 0x39, 00, 0x06, 00,
  0x11, 00, 00, 00, 0x50, 0x07, 00, 00, 0x2d, 00, 00, 00,
  0x4c, 0x07, 00, 00, 0x4e, 0x07, 00, 00, 0x3e, 00, 0x03, 00,
  0x27, 0x07, 00, 00, 0x50, 0x07, 00, 00, 0xf9, 00, 0x02, 00,
  0x26, 0x07, 00, 00, 0xf8, 00, 0x02, 00, 0x24, 0x07, 00, 00,
  0x3d, 00, 0x04, 00, 0x07, 00, 00, 00, 0x53, 0x07, 00, 00,
  0xfe, 0x06, 00, 00, 0x3e, 00, 0x03, 00, 0x52, 0x07, 00, 00,
  0x53, 0x07, 00, 00, 0x3d, 00, 0x04, 00, 0x09, 00, 00, 00,
  0x55, 0x07, 00, 00, 0xd3, 0x06, 00, 00, 0x3e, 00, 0x03, 00,
  0x54, 0x07, 00, 00, 0x55, 0x07, 00, 00, 0x39, 00, 0x06, 00,
  0x11, 00, 00, 00, 0x56, 0x07, 00, 00, 0x31, 00, 00, 00,
  0x52, 0x07, 00, 00, 0x54, 0x07, 00, 00, 0x3e, 00, 0x03, 00,
  0x27, 0x07, 00, 00, 0x56, 0x07, 00, 00, 0xf9, 00, 0x02, 00,
  0x26, 0x07, 00, 00, 0xf8, 00, 0x02, 00, 0x26, 0x07, 00, 00,
  0x3d, 00, 0x04, 00, 0x11, 00, 00, 00, 0x5e, 0x07, 00, 00,
  0x27, 0x07, 00, 00, 0x3e, 00, 0x03, 00, 0x5d, 0x07, 00, 00,
  0x5e, 0x07, 00, 00, 0x39, 00, 0x05, 00, 0x07, 00, 00, 00,
  0x5f, 0x07, 00, 00, 0x36, 00, 00, 00, 0x5d, 0x07, 00, 00,
  0x3e, 00, 0x03, 00, 0x5c, 0x07, 00, 00, 0x5f, 0x07, 00, 00,
  0x3d, 00, 0x04, 00, 0x07, 00, 00, 00, 0x64, 0x07, 00, 00,
  0x5c, 0x07, 00, 00, 0x70, 00, 0x04, 00, 0x61, 0x07, 00, 00,
  0x65, 0x07, 00, 00, 0x64, 0x07, 00, 00, 0x50, 00, 0x07, 00,
  0x61, 0x07, 00, 00, 0x67, 0x07, 00, 00, 0x66, 0x07, 00, 00,
  0x66, 0x07, 00, 00, 0x66, 0x07, 00, 00, 0x66, 0x07, 00, 00,
  0x88, 00, 0x05, 00, 0x61, 0x07, 00, 00, 0x68, 0x07, 00, 00,
  0x65, 0x07, 00, 00, 0x67, 0x07, 00, 00, 0x3e, 00, 0x03, 00,
  0x63, 0x07, 00, 00, 0x68, 0x07, 00, 00, 0x3d, 00, 0x04, 00,
  0x09, 00, 00, 00, 0x6a, 0x07, 00, 00, 0xb5, 0x06, 00, 00,
  0x3d, 00, 0x04, 00, 0x09, 00, 00, 00, 0x6b, 0x07, 00, 00,
  0x93, 0x06, 00, 00, 0x84, 00, 0x05, 00, 0x09, 00, 00, 00,
  0x6c, 0x07, 00, 00, 0x6a, 0x07, 00, 00, 0x6b, 0x07, 00, 00,
  0x3d, 00, 0x04, 00, 0x09, 00, 00, 00, 0x6d, 0x07, 00, 00,
  0x99, 0x06, 00, 00, 0x84, 00, 0x05, 00, 0x09, 00, 00, 00,
  0x6e, 0x07, 00, 00, 0x6c, 0x07, 00, 00, 0x6d, 0x07, 00, 00,
  0x3d, 00, 0x04, 00, 0x09, 00, 00, 00, 0x6f, 0x07, 00, 00,
  0xb1, 0x06, 00, 00, 0x3d, 00, 0x04, 00, 0x09, 00, 00, 00,
  0x70, 0x07, 00, 00, 0x93, 0x06, 00, 00, 0x84, 00, 0x05, 00,
  0x09, 00, 00, 00, 0x71, 0x07, 00, 00, 0x6f, 0x07, 00, 00,
  0x70, 0x07, 00, 00, 0x80, 00, 0x05, 00, 0x09, 00, 00, 00,
  0x72, 0x07, 00, 00, 0x6e, 0x07, 00, 00, 0x71, 0x07, 00, 00,
  0x3d, 00, 0x04, 00, 0x09, 00, 00, 00, 0x73, 0x07, 00, 00,
  0xaa, 0x06, 00, 00, 0x80, 00, 0x05, 00, 0x09, 00, 00, 00,
  0x74, 0x07, 00, 00, 0x72, 0x07, 00, 00, 0x73, 0x07, 00, 00,
  0x3e, 00, 0x03, 00, 0x69, 0x07, 00, 00, 0x74, 0x07, 00, 00,
  0x3d, 00, 0x04, 00, 0x09, 00, 00, 00, 0x79, 0x07, 00, 00,
  0x69, 0x07, 00, 00, 0x3d, 00, 0x04, 00, 0x61, 0x07, 00, 00,
  0x7a, 0x07, 00, 00, 0x63, 0x07, 00, 00, 0x0c, 00, 0x06, 00,
  0x06, 00, 00, 00, 0x7b, 0x07, 00, 00, 0x01, 00, 00, 00,
  0x37, 00, 00, 00, 0x7a, 0x07, 00, 00, 0x41, 00, 0x06, 00,
  0x04, 0x07, 00, 00, 0x7c, 0x07, 00, 00, 0x78, 0x07, 00, 00,
  0x3f, 00, 00, 00, 0x79, 0x07, 00, 00, 0x3e, 00, 0x03, 00,
  0x7c, 0x07, 00, 00, 0x7b, 0x07, 00, 00, 0xfd, 00, 0x01, 00,
  0x38, 00, 0x01, 00, 0x36, 00, 0x05, 00, 0x09, 00, 00, 00,
  0x0f, 00, 00, 00, 00, 00, 00, 00, 0x0b, 00, 00, 00,
  0x37, 00, 0x03, 00, 0x08, 00, 00, 00, 0x0c, 00, 00, 00,
  0x37, 00, 0x03, 00, 0x0a, 00, 00, 00, 0x0d, 00, 00, 00,
  0x37, 00, 0x03, 00, 0x0a, 00, 00, 00, 0x0e, 00, 00, 00,
  0xf8, 00, 0x02, 00, 0x10, 00, 00, 00, 0x3b, 00, 0x04, 00,
  0x0a, 00, 00, 00, 0x38, 00, 00, 00, 0x07, 00, 00, 00,
  0x3b, 00, 0x04, 00, 0x0a, 00, 00, 00, 0x44, 00, 00, 00,
  0x07, 00, 00, 00, 0x3b, 00, 0x04, 00, 0x0a, 00, 00, 00,
  0x5a, 00, 00, 00, 0x07, 00, 00, 00, 0x3b, 00, 0x04, 00,
  0x0a, 00, 00, 00, 0x5f, 00, 00, 00, 0x07, 00, 00, 00,
  0x3b, 00, 0x04, 00, 0x0a, 00, 00, 00, 0x69, 00, 00, 00,
  0x07, 00, 00, 00, 0x3d, 00, 0x04, 00, 0x09, 00, 00, 00,
  0x39, 00, 00, 00, 0x0d, 00, 00, 00, 0x3d, 00, 0x04, 00,
  0x09, 00, 00, 00, 0x3a, 00, 00, 00, 0x0e, 00, 00, 00,
  0x80, 00, 0x05, 00, 0x09, 00, 00, 00, 0x3b, 00, 00, 00,
  0x39, 00, 00, 00, 0x3a, 00, 00, 00, 0x82, 00, 0x05, 00,
  0x09, 00, 00, 00, 0x3d, 00, 00, 00, 0x3b, 00, 00, 00,
  0x3c, 00, 00, 00, 0x3e, 00, 0x03, 00, 0x38, 00, 00, 00,
  0x3d, 00, 00, 00, 0x3d, 00, 0x04, 00, 0x09, 00, 00, 00,
  0x3e, 00, 00, 00, 0x0e, 00, 00, 00, 0xb3, 00, 0x05, 00,
  0x40, 00, 00, 00, 0x41, 00, 00, 00, 0x3e, 00, 00, 00,
  0x3f, 00, 00, 00, 0xf7, 00, 0x03, 00, 0x43, 00, 00, 00,
  00, 00, 00, 00, 0xfa, 00, 0x04, 00, 0x41, 00, 00, 00,
  0x42, 00, 00, 00, 0x45, 00, 00, 00, 0xf8, 00, 0x02, 00,
  0x42, 00, 00, 00, 0x3e, 00, 0x03, 00, 0x44, 00, 00, 00,
  0x3f, 00, 00, 00, 0xf9, 00, 0x02, 00, 0x43, 00, 00, 00,
  0xf8, 00, 0x02, 00, 0x45, 00, 00, 00, 0x3d, 00, 0x04, 00,
  0x09, 00, 00, 00, 0x46, 00, 00, 00, 0x38, 00, 00, 00,
  0xc3, 00, 0x05, 00, 0x09, 00, 00, 00, 0x48, 00, 00, 00,
  0x46, 00, 00, 00, 0x47, 00, 00, 00, 0x3d, 00, 0x04, 00,
  0x09, 00, 00, 00, 0x49, 00, 00, 00, 0x0d, 00, 00, 00,
  0xc3, 00, 0x05, 00, 0x09, 00, 00, 00, 0x4a, 00, 00, 00,
  0x49, 00, 00, 00, 0x47, 00, 00, 00, 0xaa, 00, 0x05, 00,
  0x40, 00, 00, 00, 0x4b, 00, 00, 00, 0x48, 00, 00, 00,
  0x4a, 00, 00, 00, 0xf7, 00, 0x03, 00, 0x4d, 00, 00, 00,
  00, 00, 00, 00, 0xfa, 00, 0x04, 00, 0x4b, 00, 00, 00,
  0x4c, 00, 00, 00, 0x59, 00, 00, 00, 0xf8, 00, 0x02, 00,
  0x4c, 00, 00, 00, 0x3d, 00, 0x04, 00, 0x09, 00, 00, 00,
  0x4e, 00, 00, 00, 0x0d, 00, 00, 00, 0xc3, 00, 0x05, 00,
  0x09, 00, 00, 00, 0x4f, 00, 00, 00, 0x4e, 00, 00, 00,
  0x47, 00, 00, 00, 0x41, 00, 0x05, 00, 0x50, 00, 00, 00,
  0x51, 00, 00, 00, 0x0c, 00, 00, 00, 0x4f, 00, 00, 00,
  0x3d, 00, 0x04, 00, 0x06, 00, 00, 00, 0x52, 00, 00, 00,
  0x51, 00, 00, 00, 0x3d, 00, 0x04, 00, 0x09, 00, 00, 00,
  0x53, 00, 00, 00, 0x0d, 00, 00, 00, 0xc7, 00, 0x05, 00,
  0x09, 00, 00, 00, 0x55, 00, 00, 00, 0x53, 00, 00, 00,
  0x54, 00, 00, 00, 0x3d, 00, 0x04, 00, 0x09, 00, 00, 00,
  0x56, 00, 00, 00, 0x0e, 00, 00, 00, 0xcb, 00, 0x06, 00,
  0x06, 00, 00, 00, 0x57, 00, 00, 00, 0x52, 00, 00, 00,
  0x55, 00, 00, 00, 0x56, 00, 00, 00, 0x7c, 00, 0x04, 00,
  0x09, 00, 00, 00, 0x58, 00, 00, 00, 0x57, 00, 00, 00,
  0x3e, 00, 0x03, 00, 0x44, 00, 00, 00, 0x58, 00, 00, 00,
  0xf9, 00, 0x02, 00, 0x4d, 00, 00, 00, 0xf8, 00, 0x02, 00,
  0x59, 00, 00, 00, 0x3d, 00, 0x04, 00, 0x09, 00, 00, 00,
  0x5c, 00, 00, 00, 0x0d, 00, 00, 00, 0xc7, 00, 0x05, 00,
  0x09, 00, 00, 00, 0x5d, 00, 00, 00, 0x5c, 00, 00, 00,
  0x54, 00, 00, 00, 0x82, 00, 0x05, 00, 0x09, 00, 00, 00,
  0x5e, 00, 00, 00, 0x5b, 00, 00, 00, 0x5d, 00, 00, 00,
  0x3e, 00, 0x03, 00, 0x5a, 00, 00, 00, 0x5e, 00, 00, 00,
  0x3d, 00, 0x04, 00, 0x09, 00, 00, 00, 0x60, 00, 00, 00,
  0x0d, 00, 00, 00, 0xc3, 00, 0x05, 00, 0x09, 00, 00, 00,
  0x61, 00, 00, 00, 0x60, 00, 00, 00, 0x47, 00, 00, 00,
  0x41, 00, 0x05, 00, 0x50, 00, 00, 00, 0x62, 00, 00, 00,
  0x0c, 00, 00, 00, 0x61, 00, 00, 00, 0x3d, 00, 0x04, 00,
  0x06, 00, 00, 00, 0x63, 00, 00, 00, 0x62, 00, 00, 00,
  0x3d, 00, 0x04, 00, 0x09, 00, 00, 00, 0x64, 00, 00, 00,
  0x0d, 00, 00, 00, 0xc7, 00, 0x05, 00, 0x09, 00, 00, 00,
  0x65, 00, 00, 00, 0x64, 00, 00, 00, 0x54, 00, 00, 00,
  0x3d, 00, 0x04, 00, 0x09, 00, 00, 00, 0x66, 00, 00, 00,
  0x5a, 00, 00, 00, 0xcb, 00, 0x06, 00, 0x06, 00, 00, 00,
  0x67, 00, 00, 00, 0x63, 00, 00, 00, 0x65, 00, 00, 00,
  0x66, 00, 00, 00, 0x7c, 00, 0x04, 00, 0x09, 00, 00, 00,
  0x68, 00, 00, 00, 0x67, 00, 00, 00, 0x3e, 00, 0x03, 00,
  0x5f, 00, 00, 00, 0x68, 00, 00, 00, 0x3d, 00, 0x04, 00,
  0x09, 00, 00, 00, 0x6a, 00, 00, 00, 0x0d, 00, 00, 00,
  0xc3, 00, 0x05, 00, 0x09, 00, 00, 00, 0x6b, 00, 00, 00,
  0x6a, 00, 00, 00, 0x47, 00, 00, 00, 0x80, 00, 0x05, 00,
  0x09, 00, 00, 00, 0x6c, 00, 00, 00, 0x6b, 00, 00, 00,
  0x3c, 00, 00, 00, 0x41, 00, 0x05, 00, 0x50, 00, 00, 00,
  0x6d, 00, 00, 00, 0x0c, 00, 00, 00, 0x6c, 00, 00, 00,
  0x3d, 00, 0x04, 00, 0x06, 00, 00, 00, 0x6e, 00, 00, 00,
  0x6d, 00, 00, 00, 0x3d, 00, 0x04, 00, 0x09, 00, 00, 00,
  0x6f, 00, 00, 00, 0x0e, 00, 00, 00, 0x3d, 00, 0x04, 00,
  0x09, 00, 00, 00, 0x70, 00, 00, 00, 0x5a, 00, 00, 00,
  0x82, 00, 0x05, 00, 0x09, 00, 00, 00, 0x71, 00, 00, 00,
  0x6f, 00, 00, 00, 0x70, 00, 00, 00, 0xcb, 00, 0x06, 00,
  0x06, 00, 00, 00, 0x72, 00, 00, 00, 0x6e, 00, 00, 00,
  0x3f, 00, 00, 00, 0x71, 00, 00, 00, 0x7c, 00, 0x04, 00,
  0x09, 00, 00, 00, 0x73, 00, 00, 00, 0x72, 00, 00, 00,
  0x3e, 00, 0x03, 00, 0x69, 00, 00, 00, 0x73, 00, 00, 00,
  0x3d, 00, 0x04, 00, 0x09, 00, 00, 00, 0x74, 00, 00, 00,
  0x5f, 00, 00, 00, 0x3d, 00, 0x04, 00, 0x09, 00, 00, 00,
  0x75, 00, 00, 00, 0x69, 00, 00, 00, 0x3d, 00, 0x04, 00,
  0x09, 00, 00, 00, 0x76, 00, 00, 00, 0x5a, 00, 00, 00,
  0xc4, 00, 0x05, 00, 0x09, 00, 00, 00, 0x77, 00, 00, 00,
  0x75, 00, 00, 00, 0x76, 00, 00, 00, 0xc5, 00, 0x05, 00,
  0x09, 00, 00, 00, 0x78, 00, 00, 00, 0x74, 00, 00, 00,
  0x77, 00, 00, 00, 0x3e, 00, 0x03, 00, 0x44, 00, 00, 00,
  0x78, 00, 00, 00, 0xf9, 00, 0x02, 00, 0x4d, 00, 00, 00,
  0xf8, 00, 0x02, 00, 0x4d, 00, 00, 00, 0xf9, 00, 0x02, 00,
  0x43, 00, 00, 00, 0xf8, 00, 0x02, 00, 0x43, 00, 00, 00,
  0x3d, 00, 0x04, 00, 0x09, 00, 00, 00, 0x79, 00, 00, 00,
  0x44, 00, 00, 00, 0xfe, 00, 0x02, 00, 0x79, 00, 00, 00,
  0x38, 00, 0x01, 00, 0x36, 00, 0x05, 00, 0x11, 00, 00, 00,
  0x15, 00, 00, 00, 00, 00, 00, 00, 0x12, 00, 00, 00,
  0x37, 00, 0x03, 00, 0x08, 00, 00, 00, 0x13, 00, 00, 00,
  0x37, 00, 0x03, 00, 0x0a, 00, 00, 00, 0x14, 00, 00, 00,
  0xf8, 00, 0x02, 00, 0x16, 00, 00, 00, 0x3b, 00, 0x04, 00,
  0x0a, 00, 00, 00, 0x7c, 00, 00, 00, 0x07, 00, 00, 00,
  0x3b, 00, 0x04, 00, 0x08, 00, 00, 00, 0x7e, 00, 00, 00,
  0x07, 00, 00, 00, 0x3b, 00, 0x04, 00, 0x0a, 00, 00, 00,
  0x80, 00, 00, 00, 0x07, 00, 00, 00, 0x3b, 00, 0x04, 00,
  0x0a, 00, 00, 00, 0x81, 00, 00, 00, 0x07, 00, 00, 00,
  0x3b, 00, 0x04, 00, 0x0a, 00, 00, 00, 0x83, 00, 00, 00,
  0x07, 00, 00, 00, 0x3b, 00, 0x05, 00, 0xc8, 00, 00, 00,
  0xc9, 00, 00, 00, 0x07, 00, 00, 00, 0xc6, 00, 00, 00,
  0x3b, 00, 0x04, 00, 0x0a, 00, 00, 00, 0xd2, 00, 00, 00,
  0x07, 00, 00, 00, 0x3b, 00, 0x04, 00, 0x0a, 00, 00, 00,
  0xd6, 00, 00, 00, 0x07, 00, 00, 00, 0x3b, 00, 0x04, 00,
  0x08, 00, 00, 00, 0xd9, 00, 00, 00, 0x07, 00, 00, 00,
  0x3b, 00, 0x04, 00, 0x0a, 00, 00, 00, 0xdb, 00, 00, 00,
  0x07, 00, 00, 00, 0x3b, 00, 0x04, 00, 0x0a, 00, 00, 00,
  0xdc, 00, 00, 00, 0x07, 00, 00, 00, 0x3b, 00, 0x04, 00,
  0x0a, 00, 00, 00, 0xde, 00, 00, 00, 0x07, 00, 00, 00,
  0x3b, 00, 0x04, 00, 0x08, 00, 00, 00, 0xe2, 00, 00, 00,
  0x07, 00, 00, 00, 0x3b, 00, 0x04, 00, 0x0a, 00, 00, 00,
  0xe4, 00, 00, 00, 0x07, 00, 00, 00, 0x3b, 00, 0x04, 00,
  0x0a, 00, 00, 00, 0xe5, 00, 00, 00, 0x07, 00, 00, 00,
  0x3b, 00, 0x04, 00, 0x0a, 00, 00, 00, 0xe7, 00, 00, 00,
  0x07, 00, 00, 00, 0x3b, 00, 0x04, 00, 0x08, 00, 00, 00,
  0xeb, 00, 00, 00, 0x07, 00, 00, 00, 0x3b, 00, 0x04, 00,
  0x0a, 00, 00, 00, 0xed, 00, 00, 00, 0x07, 00, 00, 00,
  0x3b, 00, 0x04, 00, 0x0a, 00, 00, 00, 0xee, 00, 00, 00,
  0x07, 00, 00, 00, 0x3b, 00, 0x04, 00, 0x0a, 00, 00, 00,
  0xf0, 00, 00, 00, 0x07, 00, 00, 00, 0x3b, 00, 0x04, 00,
  0x08, 00, 00, 00, 0xf4, 00, 00, 00, 0x07, 00, 00, 00,
  0x3b, 00, 0x04, 00, 0x0a, 00, 00, 00, 0xf6, 00, 00, 00,
  0x07, 00, 00, 00, 0x3b, 00, 0x04, 00, 0x0a, 00, 00, 00,
  0xf7, 00, 00, 00, 0x07, 00, 00, 00, 0x3b, 00, 0x04, 00,
  0x0a, 00, 00, 00, 0xf9, 00, 00, 00, 0x07, 00, 00, 00,
  0x3b, 00, 0x04, 00, 0x08, 00, 00, 00, 0xfd, 00, 00, 00,
  0x07, 00, 00, 00, 0x3b, 00, 0x04, 00, 0x0a, 00, 00, 00,
  0xff, 00, 00, 00, 0x07, 00, 00, 00, 0x3b, 00, 0x04, 00,
  0x0a, 00, 00, 00, 00, 0x01, 00, 00, 0x07, 00, 00, 00,
  0x3b, 00, 0x04, 00, 0x0a, 00, 00, 00, 0x02, 0x01, 00, 00,
  0x07, 00, 00, 00, 0x3b, 00, 0x04, 00, 0x08, 00, 00, 00,
  0x06, 0x01, 00, 00, 0x07, 00, 00, 00, 0x3b, 00, 0x04, 00,
  0x0a, 00, 00, 00, 0x08, 0x01, 00, 00, 0x07, 00, 00, 00,
  0x3b, 00, 0x04, 00, 0x0a, 00, 00, 00, 0x09, 0x01, 00, 00,
  0x07, 00, 00, 00, 0x3b, 00, 0x04, 00, 0x0a, 00, 00, 00,
  0x0b, 0x01, 00, 00, 0x07, 00, 00, 00, 0x3b, 00, 0x04, 00,
  0x08, 00, 00, 00, 0x10, 0x01, 00, 00, 0x07, 00, 00, 00,
  0x3b, 00, 0x04, 00, 0x0a, 00, 00, 00, 0x12, 0x01, 00, 00,
  0x07, 00, 00, 00, 0x3b, 00, 0x04, 00, 0x0a, 00, 00, 00,
  0x13, 0x01, 00, 00, 0x07, 00, 00, 00, 0x3b, 00, 0x04, 00,
  0x0a, 00, 00, 00, 0x15, 0x01, 00, 00, 0x07, 00, 00, 00,
  0x3b, 00, 0x04, 00, 0x08, 00, 00, 00, 0x1a, 0x01, 00, 00,
  0x07, 00, 00, 00, 0x3b, 00, 0x04, 00, 0x0a, 00, 00, 00,
  0x1c, 0x01, 00, 00, 0x07, 00, 00, 00, 0x3b, 00, 0x04, 00,
  0x0a, 00, 00, 00, 0x1d, 0x01, 00, 00, 0x07, 00, 00, 00,
  0x3b, 00, 0x04, 00, 0x20, 0x01, 00, 00, 0x21, 0x01, 00, 00,
  0x07, 00, 00, 00, 0x3b, 00, 0x05, 00, 0x3c, 0x01, 00, 00,
  0x3d, 0x01, 00, 00, 0x07, 00, 00, 00, 0x3a, 0x01, 00, 00,
  0x3b, 00, 0x04, 00, 0x0a, 00, 00, 00, 0x40, 0x01, 00, 00,
  0x07, 00, 00, 00, 0x3b, 00, 0x04, 00, 0x08, 00, 00, 00,
  0x65, 0x01, 00, 00, 0x07, 00, 00, 00, 0x3b, 00, 0x04, 00,
  0x0a, 00, 00, 00, 0x67, 0x01, 00, 00, 0x07, 00, 00, 00,
  0x3b, 00, 0x04, 00, 0x0a, 00, 00, 00, 0x68, 0x01, 00, 00,
  0x07, 00, 00, 00, 0x3b, 00, 0x04, 00, 0x6b, 0x01, 00, 00,
  0x6c, 0x01, 00, 00, 0x07, 00, 00, 00, 0x3b, 00, 0x04, 00,
  0x6b, 0x01, 00, 00, 0x71, 0x01, 00, 00, 0x07, 00, 00, 00,
  0x3b, 00, 0x04, 00, 0x0a, 00, 00, 00, 0x8c, 0x01, 00, 00,
  0x07, 00, 00, 00, 0x3b, 00, 0x05, 00, 0x97, 0x01, 00, 00,
  0x98, 0x01, 00, 00, 0x07, 00, 00, 00, 0x95, 0x01, 00, 00,
  0x3d, 00, 0x04, 00, 0x07, 00, 00, 00, 0x7f, 00, 00, 00,
  0x13, 00, 00, 00, 0x3e, 00, 0x03, 00, 0x7e, 00, 00, 00,
  0x7f, 00, 00, 00, 0x3e, 00, 0x03, 00, 0x80, 00, 00, 00,
  0x3c, 00, 00, 00, 0x3e, 00, 0x03, 00, 0x81, 00, 00, 00,
  0x7d, 00, 00, 00, 0x39, 00, 0x07, 00, 0x09, 00, 00, 00,
  0x82, 00, 00, 00, 0x0f, 00, 00, 00, 0x7e, 00, 00, 00,
  0x80, 00, 00, 00, 0x81, 00, 00, 00, 0x3e, 00, 0x03, 00,
  0x7c, 00, 00, 00, 0x82, 00, 00, 00, 0x3d, 00, 0x04, 00,
  0x09, 00, 00, 00, 0xc7, 00, 00, 00, 0x7c, 00, 00, 00,
  0x41, 00, 0x05, 00, 0x0a, 00, 00, 00, 0xca, 00, 00, 00,
  0xc9, 00, 00, 00, 0xc7, 00, 00, 00, 0x3d, 00, 0x04, 00,
  0x09, 00, 00, 00, 0xcb, 00, 00, 00, 0xca, 00, 00, 00,
  0x3d, 00, 0x04, 00, 0x09, 00, 00, 00, 0xcd, 00, 00, 00,
  0x14, 00, 00, 00, 0x84, 00, 0x05, 00, 0x09, 00, 00, 00,
  0xce, 00, 00, 00, 0xcc, 00, 00, 00, 0xcd, 00, 00, 00,
  0xc3, 00, 0x05, 00, 0x09, 00, 00, 00, 0xcf, 00, 00, 00,
  0xcb, 00, 00, 00, 0xce, 00, 00, 00, 0xc7, 00, 0x05, 00,
  0x09, 00, 00, 00, 0xd1, 00, 00, 00, 0xcf, 00, 00, 00,
  0xd0, 00, 00, 00, 0x3e, 00, 0x03, 00, 0x83, 00, 00, 00,
  0xd1, 00, 00, 00, 0x3d, 00, 0x04, 00, 0x09, 00, 00, 00,
  0xd3, 00, 00, 00, 0x83, 00, 00, 00, 0x84, 00, 0x05, 00,
  0x09, 00, 00, 00, 0xd5, 00, 00, 00, 0xd3, 00, 00, 00,
  0xd4, 00, 00, 00, 0x3e, 00, 0x03, 00, 0xd2, 00, 00, 00,
  0xd5, 00, 00, 00, 0x3d, 00, 0x04, 00, 0x09, 00, 00, 00,
  0xd7, 00, 00, 00, 0xd2, 00, 00, 00, 0x80, 00, 0x05, 00,
  0x09, 00, 00, 00, 0xd8, 00, 00, 00, 0x47, 00, 00, 00,
  0xd7, 00, 00, 00, 0x3d, 00, 0x04, 00, 0x07, 00, 00, 00,
  0xda, 00, 00, 00, 0x13, 00, 00, 00, 0x3e, 00, 0x03, 00,
  0xd9, 00, 00, 00, 0xda, 00, 00, 00, 0x3e, 00, 0x03, 00,
  0xdb, 00, 00, 00, 0xd8, 00, 00, 00, 0x3e, 00, 0x03, 00,
  0xdc, 00, 00, 00, 0x7d, 00, 00, 00, 0x39, 00, 0x07, 00,
  0x09, 00, 00, 00, 0xdd, 00, 00, 00, 0x0f, 00, 00, 00,
  0xd9, 00, 00, 00, 0xdb, 00, 00, 00, 0xdc, 00, 00, 00,
  0x3e, 00, 0x03, 00, 0xd6, 00, 00, 00, 0xdd, 00, 00, 00,
  0x3d, 00, 0x04, 00, 0x09, 00, 00, 00, 0xe0, 00, 00, 00,
  0xd2, 00, 00, 00, 0x80, 00, 0x05, 00, 0x09, 00, 00, 00,
  0xe1, 00, 00, 00, 0xdf, 00, 00, 00, 0xe0, 00, 00, 00,
  0x3d, 00, 0x04, 00, 0x07, 00, 00, 00, 0xe3, 00, 00, 00,
  0x13, 00, 00, 00, 0x3e, 00, 0x03, 00, 0xe2, 00, 00, 00,
  0xe3, 00, 00, 00, 0x3e, 00, 0x03, 00, 0xe4, 00, 00, 00,
  0xe1, 00, 00, 00, 0x3e, 00, 0x03, 00, 0xe5, 00, 00, 00,
  0x7d, 00, 00, 00, 0x39, 00, 0x07, 00, 0x09, 00, 00, 00,
  0xe6, 00, 00, 00, 0x0f, 00, 00, 00, 0xe2, 00, 00, 00,
  0xe4, 00, 00, 00, 0xe5, 00, 00, 00, 0x3e, 00, 0x03, 00,
  0xde, 00, 00, 00, 0xe6, 00, 00, 00, 0x3d, 00, 0x04, 00,
  0x09, 00, 00, 00, 0xe9, 00, 00, 00, 0xd2, 00, 00, 00,
  0x80, 00, 0x05, 00, 0x09, 00, 00, 00, 0xea, 00, 00, 00,
  0xe8, 00, 00, 00, 0xe9, 00, 00, 00, 0x3d, 00, 0x04, 00,
  0x07, 00, 00, 00, 0xec, 00, 00, 00, 0x13, 00, 00, 00,
  0x3e, 00, 0x03, 00, 0xeb, 00, 00, 00, 0xec, 00, 00, 00,
  0x3e, 00, 0x03, 00, 0xed, 00, 00, 00, 0xea, 00, 00, 00,
  0x3e, 00, 0x03, 00, 0xee, 00, 00, 00, 0x7d, 00, 00, 00,
  0x39, 00, 0x07, 00, 0x09, 00, 00, 00, 0xef, 00, 00, 00,
  0x0f, 00, 00, 00, 0xeb, 00, 00, 00, 0xed, 00, 00, 00,
  0xee, 00, 00, 00, 0x3e, 00, 0x03, 00, 0xe7, 00, 00, 00,
  0xef, 00, 00, 00, 0x3d, 00, 0x04, 00, 0x09, 00, 00, 00,
  0xf2, 00, 00, 00, 0xd2, 00, 00, 00, 0x80, 00, 0x05, 00,
  0x09, 00, 00, 00, 0xf3, 00, 00, 00, 0xf1, 00, 00, 00,
  0xf2, 00, 00, 00, 0x3d, 00, 0x04, 00, 0x07, 00, 00, 00,
  0xf5, 00, 00, 00, 0x13, 00, 00, 00, 0x3e, 00, 0x03, 00,
  0xf4, 00, 00, 00, 0xf5, 00, 00, 00, 0x3e, 00, 0x03, 00,
  0xf6, 00, 00, 00, 0xf3, 00, 00, 00, 0x3e, 00, 0x03, 00,
  0xf7, 00, 00, 00, 0x7d, 00, 00, 00, 0x39, 00, 0x07, 00,
  0x09, 00, 00, 00, 0xf8, 00, 00, 00, 0x0f, 00, 00, 00,
  0xf4, 00, 00, 00, 0xf6, 00, 00, 00, 0xf7, 00, 00, 00,
  0x3e, 00, 0x03, 00, 0xf0, 00, 00, 00, 0xf8, 00, 00, 00,
  0x3d, 00, 0x04, 00, 0x09, 00, 00, 00, 0xfb, 00, 00, 00,
  0xd2, 00, 00, 00, 0x80, 00, 0x05, 00, 0x09, 00, 00, 00,
  0xfc, 00, 00, 00, 0xfa, 00, 00, 00, 0xfb, 00, 00, 00,
  0x3d, 00, 0x04, 00, 0x07, 00, 00, 00, 0xfe, 00, 00, 00,
  0x13, 00, 00, 00, 0x3e, 00, 0x03, 00, 0xfd, 00, 00, 00,
  0xfe, 00, 00, 00, 0x3e, 00, 0x03, 00, 0xff, 00, 00, 00,
  0xfc, 00, 00, 00, 0x3e, 00, 0x03, 00, 00, 0x01, 00, 00,
  0x7d, 00, 00, 00, 0x39, 00, 0x07, 00, 0x09, 00, 00, 00,
  0x01, 0x01, 00, 00, 0x0f, 00, 00, 00, 0xfd, 00, 00, 00,
  0xff, 00, 00, 00, 00, 0x01, 00, 00, 0x3e, 00, 0x03, 00,
  0xf9, 00, 00, 00, 0x01, 0x01, 00, 00, 0x3d, 00, 0x04, 00,
  0x09, 00, 00, 00, 0x04, 0x01, 00, 00, 0xd2, 00, 00, 00,
  0x80, 00, 0x05, 00, 0x09, 00, 00, 00, 0x05, 0x01, 00, 00,
  0x03, 0x01, 00, 00, 0x04, 0x01, 00, 00, 0x3d, 00, 0x04, 00,
  0x07, 00, 00, 00, 0x07, 0x01, 00, 00, 0x13, 00, 00, 00,
  0x3e, 00, 0x03, 00, 0x06, 0x01, 00, 00, 0x07, 0x01, 00, 00,
  0x3e, 00, 0x03, 00, 0x08, 0x01, 00, 00, 0x05, 0x01, 00, 00,
  0x3e, 00, 0x03, 00, 0x09, 0x01, 00, 00, 0x7d, 00, 00, 00,
  0x39, 00, 0x07, 00, 0x09, 00, 00, 00, 0x0a, 0x01, 00, 00,
  0x0f, 00, 00, 00, 0x06, 0x01, 00, 00, 0x08, 0x01, 00, 00,
  0x09, 0x01, 00, 00, 0x3e, 00, 0x03, 00, 0x02, 0x01, 00, 00,
  0x0a, 0x01, 00, 00, 0x3d, 00, 0x04, 00, 0x09, 00, 00, 00,
  0x0d, 0x01, 00, 00, 0x83, 00, 00, 00, 0x84, 00, 0x05, 00,
  0x09, 00, 00, 00, 0x0e, 0x01, 00, 00, 0x0d, 0x01, 00, 00,
  0xcc, 00, 00, 00, 0x80, 00, 0x05, 00, 0x09, 00, 00, 00,
  0x0f, 0x01, 00, 00, 0x0c, 0x01, 00, 00, 0x0e, 0x01, 00, 00,
  0x3d, 00, 0x04, 00, 0x07, 00, 00, 00, 0x11, 0x01, 00, 00,
  0x13, 00, 00, 00, 0x3e, 00, 0x03, 00, 0x10, 0x01, 00, 00,
  0x11, 0x01, 00, 00, 0x3e, 00, 0x03, 00, 0x12, 0x01, 00, 00,
  0x0f, 0x01, 00, 00, 0x3e, 00, 0x03, 00, 0x13, 0x01, 00, 00,
  0x3c, 00, 00, 00, 0x39, 00, 0x07, 00, 0x09, 00, 00, 00,
  0x14, 0x01, 00, 00, 0x0f, 00, 00, 00, 0x10, 0x01, 00, 00,
  0x12, 0x01, 00, 00, 0x13, 0x01, 00, 00, 0x3e, 00, 0x03, 00,
  0x0b, 0x01, 00, 00, 0x14, 0x01, 00, 00, 0x3d, 00, 0x04, 00,
  0x09, 00, 00, 00, 0x17, 0x01, 00, 00, 0x83, 00, 00, 00,
  0x84, 00, 0x05, 00, 0x09, 00, 00, 00, 0x18, 0x01, 00, 00,
  0x17, 0x01, 00, 00, 0xcc, 00, 00, 00, 0x80, 00, 0x05, 00,
  0x09, 00, 00, 00, 0x19, 0x01, 00, 00, 0x16, 0x01, 00, 00,
  0x18, 0x01, 00, 00, 0x3d, 00, 0x04, 00, 0x07, 00, 00, 00,
  0x1b, 0x01, 00, 00, 0x13, 00, 00, 00, 0x3e, 00, 0x03, 00,
  0x1a, 0x01, 00, 00, 0x1b, 0x01, 00, 00, 0x3e, 00, 0x03, 00,
  0x1c, 0x01, 00, 00, 0x19, 0x01, 00, 00, 0x3e, 00, 0x03, 00,
  0x1d, 0x01, 00, 00, 0x3c, 00, 00, 00, 0x39, 00, 0x07, 00,
  0x09, 00, 00, 00, 0x1e, 0x01, 00, 00, 0x0f, 00, 00, 00,
  0x1a, 0x01, 00, 00, 0x1c, 0x01, 00, 00, 0x1d, 0x01, 00, 00,
  0x3e, 00, 0x03, 00, 0x15, 0x01, 00, 00, 0x1e, 0x01, 00, 00,
  0x3d, 00, 0x04, 00, 0x09, 00, 00, 00, 0x3b, 0x01, 00, 00,
  0x7c, 00, 00, 00, 0x41, 00, 0x05, 00, 0x20, 0x01, 00, 00,
  0x3e, 0x01, 00, 00, 0x3d, 0x01, 00, 00, 0x3b, 0x01, 00, 00,
  0x3d, 00, 0x04, 00, 0x1f, 0x01, 00, 00, 0x3f, 0x01, 00, 00,
  0x3e, 0x01, 00, 00, 0x3e, 00, 0x03, 00, 0x21, 0x01, 00, 00,
  0x3f, 0x01, 00, 00, 0x3d, 00, 0x04, 00, 0x09, 00, 00, 00,
  0x42, 0x01, 00, 00, 0x14, 00, 00, 00, 0x84, 00, 0x05, 00,
  0x09, 00, 00, 00, 0x43, 0x01, 00, 00, 0x42, 0x01, 00, 00,
  0xd0, 00, 00, 00, 0x80, 00, 0x05, 00, 0x09, 00, 00, 00,
  0x44, 0x01, 00, 00, 0x41, 0x01, 00, 00, 0x43, 0x01, 00, 00,
  0x3d, 00, 0x04, 00, 0x09, 00, 00, 00, 0x45, 0x01, 00, 00,
  0x14, 00, 00, 00, 0x41, 00, 0x05, 00, 0x0a, 00, 00, 00,
  0x47, 0x01, 00, 00, 0x21, 0x01, 00, 00, 0x46, 0x01, 00, 00,
  0x3d, 00, 0x04, 00, 0x09, 00, 00, 00, 0x48, 0x01, 00, 00,
  0x47, 0x01, 00, 00, 0xad, 00, 0x05, 00, 0x40, 00, 00, 00,
  0x49, 0x01, 00, 00, 0x45, 0x01, 00, 00, 0x48, 0x01, 00, 00,
  0xa9, 00, 0x06, 00, 0x09, 00, 00, 00, 0x4a, 0x01, 00, 00,
  0x49, 0x01, 00, 00, 0x3c, 00, 00, 00, 0x3f, 00, 00, 00,
  0x82, 00, 0x05, 00, 0x09, 00, 00, 00, 0x4b, 0x01, 00, 00,
  0x44, 0x01, 00, 00, 0x4a, 0x01, 00, 00, 0x3d, 00, 0x04, 00,
  0x09, 00, 00, 00, 0x4c, 0x01, 00, 00, 0x14, 00, 00, 00,
  0x41, 00, 0x05, 00, 0x0a, 00, 00, 00, 0x4e, 0x01, 00, 00,
  0x21, 0x01, 00, 00, 0x4d, 0x01, 00, 00, 0x3d, 00, 0x04, 00,
  0x09, 00, 00, 00, 0x4f, 0x01, 00, 00, 0x4e, 0x01, 00, 00,
  0xad, 00, 0x05, 00, 0x40, 00, 00, 00, 0x50, 0x01, 00, 00,
  0x4c, 0x01, 00, 00, 0x4f, 0x01, 00, 00, 0xa9, 00, 0x06, 00,
  0x09, 00, 00, 00, 0x51, 0x01, 00, 00, 0x50, 0x01, 00, 00,
  0x3c, 00, 00, 00, 0x3f, 00, 00, 00, 0x82, 00, 0x05, 00,
  0x09, 00, 00, 00, 0x52, 0x01, 00, 00, 0x4b, 0x01, 00, 00,
  0x51, 0x01, 00, 00, 0x0c, 00, 0x07, 00, 0x09, 00, 00, 00,
  0x54, 0x01, 00, 00, 0x01, 00, 00, 00, 0x2a, 00, 00, 00,
  0x52, 0x01, 00, 00, 0x53, 0x01, 00, 00, 0x3d, 00, 0x04, 00,
  0x09, 00, 00, 00, 0x55, 0x01, 00, 00, 0x14, 00, 00, 00,
  0x41, 00, 0x05, 00, 0x0a, 00, 00, 00, 0x56, 0x01, 00, 00,
  0x21, 0x01, 00, 00, 0x4d, 0x01, 00, 00, 0x3d, 00, 0x04, 00,
  0x09, 00, 00, 00, 0x57, 0x01, 00, 00, 0x56, 0x01, 00, 00,
  0xaa, 00, 0x05, 00, 0x40, 00, 00, 00, 0x58, 0x01, 00, 00,
  0x55, 0x01, 00, 00, 0x57, 0x01, 00, 00, 0xa8, 00, 0x04, 00,
  0x40, 00, 00, 00, 0x59, 0x01, 00, 00, 0x58, 0x01, 00, 00,
  0xf7, 00, 0x03, 00, 0x5b, 0x01, 00, 00, 00, 00, 00, 00,
  0xfa, 00, 0x04, 00, 0x59, 0x01, 00, 00, 0x5a, 0x01, 00, 00,
  0x5b, 0x01, 00, 00, 0xf8, 00, 0x02, 00, 0x5a, 0x01, 00, 00,
  0x3d, 00, 0x04, 00, 0x09, 00, 00, 00, 0x5c, 0x01, 00, 00,
  0x14, 00, 00, 00, 0x41, 00, 0x05, 00, 0x0a, 00, 00, 00,
  0x5d, 0x01, 00, 00, 0x21, 0x01, 00, 00, 0x46, 0x01, 00, 00,
  0x3d, 00, 0x04, 00, 0x09, 00, 00, 00, 0x5e, 0x01, 00, 00,
  0x5d, 0x01, 00, 00, 0xaa, 00, 0x05, 00, 0x40, 00, 00, 00,
  0x5f, 0x01, 00, 00, 0x5c, 0x01, 00, 00, 0x5e, 0x01, 00, 00,
  0xf9, 00, 0x02, 00, 0x5b, 0x01, 00, 00, 0xf8, 00, 0x02, 00,
  0x5b, 0x01, 00, 00, 0xf5, 00, 0x07, 00, 0x40, 00, 00, 00,
  0x60, 0x01, 00, 00, 0x58, 0x01, 00, 00, 0x16, 00, 00, 00,
  0x5f, 0x01, 00, 00, 0x5a, 0x01, 00, 00, 0x3d, 00, 0x04, 00,
  0x09, 00, 00, 00, 0x61, 0x01, 00, 00, 0x14, 00, 00, 00,
  0xaa, 00, 0x05, 00, 0x40, 00, 00, 00, 0x62, 0x01, 00, 00,
  0x61, 0x01, 00, 00, 0x3f, 00, 00, 00, 0xa6, 00, 0x05, 00,
  0x40, 00, 00, 00, 0x63, 0x01, 00, 00, 0x60, 0x01, 00, 00,
  0x62, 0x01, 00, 00, 0xa9, 00, 0x06, 00, 0x09, 00, 00, 00,
  0x64, 0x01, 00, 00, 0x63, 0x01, 00, 00, 0xcc, 00, 00, 00,
  0xd0, 00, 00, 00, 0x3d, 00, 0x04, 00, 0x07, 00, 00, 00,
  0x66, 0x01, 00, 00, 0x13, 00, 00, 00, 0x3e, 00, 0x03, 00,
  0x65, 0x01, 00, 00, 0x66, 0x01, 00, 00, 0x3e, 00, 0x03, 00,
  0x67, 0x01, 00, 00, 0x54, 0x01, 00, 00, 0x3e, 00, 0x03, 00,
  0x68, 0x01, 00, 00, 0x64, 0x01, 00, 00, 0x39, 00, 0x07, 00,
  0x09, 00, 00, 00, 0x69, 0x01, 00, 00, 0x0f, 00, 00, 00,
  0x65, 0x01, 00, 00, 0x67, 0x01, 00, 00, 0x68, 0x01, 00, 00,
  0x3e, 00, 0x03, 00, 0x40, 0x01, 00, 00, 0x69, 0x01, 00, 00,
  0x3d, 00, 0x04, 00, 0x09, 00, 00, 00, 0x6d, 0x01, 00, 00,
  0xd6, 00, 00, 00, 0x3d, 00, 0x04, 00, 0x09, 00, 00, 00,
  0x6e, 0x01, 00, 00, 0xe7, 00, 00, 00, 0x3d, 00, 0x04, 00,
  0x09, 00, 00, 00, 0x6f, 0x01, 00, 00, 0xf9, 00, 00, 00,
  0x50, 00, 0x06, 00, 0x6a, 0x01, 00, 00, 0x70, 0x01, 00, 00,
  0x6d, 0x01, 00, 00, 0x6e, 0x01, 00, 00, 0x6f, 0x01, 00, 00,
  0x3e, 00, 0x03, 00, 0x6c, 0x01, 00, 00, 0x70, 0x01, 00, 00,
  0x3d, 00, 0x04, 00, 0x09, 00, 00, 00, 0x72, 0x01, 00, 00,
  0xde, 00, 00, 00, 0x3d, 00, 0x04, 00, 0x09, 00, 00, 00,
  0x73, 0x01, 00, 00, 0xf0, 00, 00, 00, 0x3d, 00, 0x04, 00,
  0x09, 00, 00, 00, 0x74, 0x01, 00, 00, 0x02, 0x01, 00, 00,
  0x50, 00, 0x06, 00, 0x6a, 0x01, 00, 00, 0x75, 0x01, 00, 00,
  0x72, 0x01, 00, 00, 0x73, 0x01, 00, 00, 0x74, 0x01, 00, 00,
  0x3e, 00, 0x03, 00, 0x71, 0x01, 00, 00, 0x75, 0x01, 00, 00,
  0x3d, 00, 0x04, 00, 0x6a, 0x01, 00, 00, 0x76, 0x01, 00, 00,
  0x6c, 0x01, 00, 00, 0x50, 00, 0x06, 00, 0x6a, 0x01, 00, 00,
  0x77, 0x01, 00, 00, 0x7d, 00, 00, 00, 0x7d, 00, 00, 00,
  0x7d, 00, 00, 00, 0xc4, 00, 0x05, 00, 0x6a, 0x01, 00, 00,
  0x78, 0x01, 00, 00, 0x76, 0x01, 00, 00, 0x77, 0x01, 00, 00,
  0x3d, 00, 0x04, 00, 0x09, 00, 00, 00, 0x79, 0x01, 00, 00,
  0x0b, 0x01, 00, 00, 0xc4, 00, 0x05, 00, 0x09, 00, 00, 00,
  0x7a, 0x01, 00, 00, 0x79, 0x01, 00, 00, 0xd0, 00, 00, 00,
  0x50, 00, 0x06, 00, 0x6a, 0x01, 00, 00, 0x7b, 0x01, 00, 00,
  0x7a, 0x01, 00, 00, 0x7a, 0x01, 00, 00, 0x7a, 0x01, 00, 00,
  0xc5, 00, 0x05, 00, 0x6a, 0x01, 00, 00, 0x7c, 0x01, 00, 00,
  0x78, 0x01, 00, 00, 0x7b, 0x01, 00, 00, 0x3d, 00, 0x04, 00,
  0x6a, 0x01, 00, 00, 0x7d, 0x01, 00, 00, 0x6c, 0x01, 00, 00,
  0x50, 00, 0x06, 00, 0x6a, 0x01, 00, 00, 0x7e, 0x01, 00, 00,
  0x3c, 00, 00, 00, 0x3c, 00, 00, 00, 0x3c, 00, 00, 00,
  0xc3, 00, 0x05, 00, 0x6a, 0x01, 00, 00, 0x7f, 0x01, 00, 00,
  0x7d, 0x01, 00, 00, 0x7e, 0x01, 00, 00, 0xc5, 00, 0x05, 00,
  0x6a, 0x01, 00, 00, 0x80, 0x01, 00, 00, 0x7c, 0x01, 00, 00,
  0x7f, 0x01, 00, 00, 0x3e, 00, 0x03, 00, 0x6c, 0x01, 00, 00,
  0x80, 0x01, 00, 00, 0x3d, 00, 0x04, 00, 0x6a, 0x01, 00, 00,
  0x81, 0x01, 00, 00, 0x71, 0x01, 00, 00, 0x50, 00, 0x06, 00,
  0x6a, 0x01, 00, 00, 0x82, 0x01, 00, 00, 0x7d, 00, 00, 00,
  0x7d, 00, 00, 00, 0x7d, 00, 00, 00, 0xc4, 00, 0x05, 00,
  0x6a, 0x01, 00, 00, 0x83, 0x01, 00, 00, 0x81, 0x01, 00, 00,
  0x82, 0x01, 00, 00, 0x3d, 00, 0x04, 00, 0x09, 00, 00, 00,
  0x84, 0x01, 00, 00, 0x15, 0x01, 00, 00, 0xc4, 00, 0x05, 00,
  0x09, 00, 00, 00, 0x85, 0x01, 00, 00, 0x84, 0x01, 00, 00,
  0xd0, 00, 00, 00, 0x50, 00, 0x06, 00, 0x6a, 0x01, 00, 00,
  0x86, 0x01, 00, 00, 0x85, 0x01, 00, 00, 0x85, 0x01, 00, 00,
  0x85, 0x01, 00, 00, 0xc5, 00, 0x05, 00, 0x6a, 0x01, 00, 00,
  0x87, 0x01, 00, 00, 0x83, 0x01, 00, 00, 0x86, 0x01, 00, 00,
  0x3d, 00, 0x04, 00, 0x6a, 0x01, 00, 00, 0x88, 0x01, 00, 00,
  0x71, 0x01, 00, 00, 0x50, 00, 0x06, 00, 0x6a, 0x01, 00, 00,
  0x89, 0x01, 00, 00, 0x3c, 00, 00, 00, 0x3c, 00, 00, 00,
  0x3c, 00, 00, 00, 0xc3, 00, 0x05, 00, 0x6a, 0x01, 00, 00,
  0x8a, 0x01, 00, 00, 0x88, 0x01, 00, 00, 0x89, 0x01, 00, 00,
  0xc5, 00, 0x05, 00, 0x6a, 0x01, 00, 00, 0x8b, 0x01, 00, 00,
  0x87, 0x01, 00, 00, 0x8a, 0x01, 00, 00, 0x3e, 00, 0x03, 00,
  0x71, 0x01, 00, 00, 0x8b, 0x01, 00, 00, 0x3d, 00, 0x04, 00,
  0x09, 00, 00, 00, 0x96, 0x01, 00, 00, 0x40, 0x01, 00, 00,
  0x41, 00, 0x05, 00, 0x0a, 00, 00, 00, 0x99, 0x01, 00, 00,
  0x98, 0x01, 00, 00, 0x96, 0x01, 00, 00, 0x3d, 00, 0x04, 00,
  0x09, 00, 00, 00, 0x9a, 0x01, 00, 00, 0x99, 0x01, 00, 00,
  0x3e, 00, 0x03, 00, 0x8c, 0x01, 00, 00, 0x9a, 0x01, 00, 00,
  0x3d, 00, 0x04, 00, 0x6a, 0x01, 00, 00, 0x9b, 0x01, 00, 00,
  0x6c, 0x01, 00, 00, 0x7c, 00, 0x04, 00, 0x9c, 0x01, 00, 00,
  0x9d, 0x01, 00, 00, 0x9b, 0x01, 00, 00, 0x51, 00, 0x05, 00,
  0x06, 00, 00, 00, 0x9f, 0x01, 00, 00, 0x9d, 0x01, 00, 00,
  00, 00, 00, 00, 0x51, 00, 0x05, 00, 0x06, 00, 00, 00,
  0xa0, 0x01, 00, 00, 0x9d, 0x01, 00, 00, 0x01, 00, 00, 00,
  0x51, 00, 0x05, 00, 0x06, 00, 00, 00, 0xa1, 0x01, 00, 00,
  0x9d, 0x01, 00, 00, 0x02, 00, 00, 00, 0x50, 00, 0x07, 00,
  0x07, 00, 00, 00, 0xa2, 0x01, 00, 00, 0x9f, 0x01, 00, 00,
  0xa0, 0x01, 00, 00, 0xa1, 0x01, 00, 00, 0x9e, 0x01, 00, 00,
  0x3d, 00, 0x04, 00, 0x6a, 0x01, 00, 00, 0xa3, 0x01, 00, 00,
  0x71, 0x01, 00, 00, 0x7c, 00, 0x04, 00, 0x9c, 0x01, 00, 00,
  0xa4, 0x01, 00, 00, 0xa3, 0x01, 00, 00, 0x51, 00, 0x05, 00,
  0x06, 00, 00, 00, 0xa5, 0x01, 00, 00, 0xa4, 0x01, 00, 00,
  00, 00, 00, 00, 0x51, 00, 0x05, 00, 0x06, 00, 00, 00,
  0xa6, 0x01, 00, 00, 0xa4, 0x01, 00, 00, 0x01, 00, 00, 00,
  0x51, 00, 0x05, 00, 0x06, 00, 00, 00, 0xa7, 0x01, 00, 00,
  0xa4, 0x01, 00, 00, 0x02, 00, 00, 00, 0x50, 00, 0x07, 00,
  0x07, 00, 00, 00, 0xa8, 0x01, 00, 00, 0xa5, 0x01, 00, 00,
  0xa6, 0x01, 00, 00, 0xa7, 0x01, 00, 00, 0x9e, 0x01, 00, 00,
  0x3d, 00, 0x04, 00, 0x09, 00, 00, 00, 0xa9, 0x01, 00, 00,
  0x8c, 0x01, 00, 00, 0x7c, 00, 0x04, 00, 0x06, 00, 00, 00,
  0xaa, 0x01, 00, 00, 0xa9, 0x01, 00, 00, 0x3d, 00, 0x04, 00,
  0x09, 00, 00, 00, 0xab, 0x01, 00, 00, 0x8c, 0x01, 00, 00,
  0x7c, 00, 0x04, 00, 0x06, 00, 00, 00, 0xac, 0x01, 00, 00,
  0xab, 0x01, 00, 00, 0x50, 00, 0x08, 00, 0x11, 00, 00, 00,
  0xad, 0x01, 00, 00, 0xa2, 0x01, 00, 00, 0xa8, 0x01, 00, 00,
  0xaa, 0x01, 00, 00, 0xac, 0x01, 00, 00, 0x46, 0x01, 00, 00,
  0xfe, 00, 0x02, 00, 0xad, 0x01, 00, 00, 0x38, 00, 0x01, 00,
  0x36, 00, 0x05, 00, 0x11, 00, 00, 00, 0x19, 00, 00, 00,
  00, 00, 00, 00, 0x12, 00, 00, 00, 0x37, 00, 0x03, 00,
  0x08, 00, 00, 00, 0x17, 00, 00, 00, 0x37, 00, 0x03, 00,
  0x0a, 00, 00, 00, 0x18, 00, 00, 00, 0xf8, 00, 0x02, 00,
  0x1a, 00, 00, 00, 0x3b, 00, 0x04, 00, 0x0a, 00, 00, 00,
  0xb0, 0x01, 00, 00, 0x07, 00, 00, 00, 0x3b, 00, 0x04, 00,
  0x08, 00, 00, 00, 0xb1, 0x01, 00, 00, 0x07, 00, 00, 00,
  0x3b, 00, 0x04, 00, 0x0a, 00, 00, 00, 0xb3, 0x01, 00, 00,
  0x07, 00, 00, 00, 0x3b, 00, 0x04, 00, 0x0a, 00, 00, 00,
  0xb4, 0x01, 00, 00, 0x07, 00, 00, 00, 0x3b, 00, 0x04, 00,
  0x0a, 00, 00, 00, 0xb6, 0x01, 00, 00, 0x07, 00, 00, 00,
  0x3b, 00, 0x05, 00, 0xc8, 00, 00, 00, 0xf9, 0x01, 00, 00,
  0x07, 00, 00, 00, 0xf7, 0x01, 00, 00, 0x3b, 00, 0x04, 00,
  0x0a, 00, 00, 00, 0xff, 0x01, 00, 00, 0x07, 00, 00, 00,
  0x3b, 00, 0x04, 00, 0x0a, 00, 00, 00, 0x02, 0x02, 00, 00,
  0x07, 00, 00, 00, 0x3b, 00, 0x04, 00, 0x08, 00, 00, 00,
  0x05, 0x02, 00, 00, 0x07, 00, 00, 00, 0x3b, 00, 0x04, 00,
  0x0a, 00, 00, 00, 0x07, 0x02, 00, 00, 0x07, 00, 00, 00,
  0x3b, 00, 0x04, 00, 0x0a, 00, 00, 00, 0x08, 0x02, 00, 00,
  0x07, 00, 00, 00, 0x3b, 00, 0x04, 00, 0x0a, 00, 00, 00,
  0x0a, 0x02, 00, 00, 0x07, 00, 00, 00, 0x3b, 00, 0x04, 00,
  0x08, 00, 00, 00, 0x0e, 0x02, 00, 00, 0x07, 00, 00, 00,
  0x3b, 00, 0x04, 00, 0x0a, 00, 00, 00, 0x10, 0x02, 00, 00,
  0x07, 00, 00, 00, 0x3b, 00, 0x04, 00, 0x0a, 00, 00, 00,
  0x11, 0x02, 00, 00, 0x07, 00, 00, 00, 0x3b, 00, 0x04, 00,
  0x0a, 00, 00, 00, 0x13, 0x02, 00, 00, 0x07, 00, 00, 00,
  0x3b, 00, 0x04, 00, 0x08, 00, 00, 00, 0x16, 0x02, 00, 00,
  0x07, 00, 00, 00, 0x3b, 00, 0x04, 00, 0x0a, 00, 00, 00,
  0x18, 0x02, 00, 00, 0x07, 00, 00, 00, 0x3b, 00, 0x04, 00,
  0x0a, 00, 00, 00, 0x19, 0x02, 00, 00, 0x07, 00, 00, 00,
  0x3b, 00, 0x04, 00, 0x0a, 00, 00, 00, 0x1b, 0x02, 00, 00,
  0x07, 00, 00, 00, 0x3b, 00, 0x04, 00, 0x08, 00, 00, 00,
  0x1f, 0x02, 00, 00, 0x07, 00, 00, 00, 0x3b, 00, 0x04, 00,
  0x0a, 00, 00, 00, 0x21, 0x02, 00, 00, 0x07, 00, 00, 00,
  0x3b, 00, 0x04, 00, 0x0a, 00, 00, 00, 0x22, 0x02, 00, 00,
  0x07, 00, 00, 00, 0x3b, 00, 0x04, 00, 0x0a, 00, 00, 00,
  0x24, 0x02, 00, 00, 0x07, 00, 00, 00, 0x3b, 00, 0x04, 00,
  0x08, 00, 00, 00, 0x28, 0x02, 00, 00, 0x07, 00, 00, 00,
  0x3b, 00, 0x04, 00, 0x0a, 00, 00, 00, 0x2a, 0x02, 00, 00,
  0x07, 00, 00, 00, 0x3b, 00, 0x04, 00, 0x0a, 00, 00, 00,
  0x2b, 0x02, 00, 00, 0x07, 00, 00, 00, 0x3b, 00, 0x04, 00,
  0x0a, 00, 00, 00, 0x2d, 0x02, 00, 00, 0x07, 00, 00, 00,
  0x3b, 00, 0x04, 00, 0x08, 00, 00, 00, 0x31, 0x02, 00, 00,
  0x07, 00, 00, 00, 0x3b, 00, 0x04, 00, 0x0a, 00, 00, 00,
  0x33, 0x02, 00, 00, 0x07, 00, 00, 00, 0x3b, 00, 0x04, 00,
  0x0a, 00, 00, 00, 0x34, 0x02, 00, 00, 0x07, 00, 00, 00,
  0x3b, 00, 0x04, 00, 0x0a, 00, 00, 00, 0x36, 0x02, 00, 00,
  0x07, 00, 00, 00, 0x3b, 00, 0x04, 00, 0x08, 00, 00, 00,
  0x3a, 0x02, 00, 00, 0x07, 00, 00, 00, 0x3b, 00, 0x04, 00,
  0x0a, 00, 00, 00, 0x3c, 0x02, 00, 00, 0x07, 00, 00, 00,
  0x3b, 00, 0x04, 00, 0x0a, 00, 00, 00, 0x3d, 0x02, 00, 00,
  0x07, 00, 00, 00, 0x3b, 00, 0x04, 00, 0x0a, 00, 00, 00,
  0x40, 0x02, 00, 00, 0x07, 00, 00, 00, 0x3b, 00, 0x05, 00,
  0xc8, 00, 00, 00, 0x43, 0x02, 00, 00, 0x07, 00, 00, 00,
  0x41, 0x02, 00, 00, 0x3b, 00, 0x04, 00, 0x0a, 00, 00, 00,
  0x46, 0x02, 00, 00, 0x07, 00, 00, 00, 0x3b, 00, 0x04, 00,
  0x08, 00, 00, 00, 0x58, 0x02, 00, 00, 0x07, 00, 00, 00,
  0x3b, 00, 0x04, 00, 0x0a, 00, 00, 00, 0x5a, 0x02, 00, 00,
  0x07, 00, 00, 00, 0x3b, 00, 0x04, 00, 0x0a, 00, 00, 00,
  0x5b, 0x02, 00, 00, 0x07, 00, 00, 00, 0x3b, 00, 0x04, 00,
  0x6b, 0x01, 00, 00, 0x5d, 0x02, 00, 00, 0x07, 00, 00, 00,
  0x3b, 00, 0x04, 00, 0x6b, 0x01, 00, 00, 0x62, 0x02, 00, 00,
  0x07, 00, 00, 00, 0x3b, 00, 0x04, 00, 0x0a, 00, 00, 00,
  0x7b, 0x02, 00, 00, 0x07, 00, 00, 00, 0x3b, 00, 0x05, 00,
  0x97, 0x01, 00, 00, 0x7d, 0x02, 00, 00, 0x07, 00, 00, 00,
  0x95, 0x01, 00, 00, 0x3d, 00, 0x04, 00, 0x07, 00, 00, 00,
  0xb2, 0x01, 00, 00, 0x17, 00, 00, 00, 0x3e, 00, 0x03, 00,
  0xb1, 0x01, 00, 00, 0xb2, 0x01, 00, 00, 0x3e, 00, 0x03, 00,
  0xb3, 0x01, 00, 00, 0xcc, 00, 00, 00, 0x3e, 00, 0x03, 00,
  0xb4, 0x01, 00, 00, 0x29, 0x01, 00, 00, 0x39, 00, 0x07, 00,
  0x09, 00, 00, 00, 0xb5, 0x01, 00, 00, 0x0f, 00, 00, 00,
  0xb1, 0x01, 00, 00, 0xb3, 0x01, 00, 00, 0xb4, 0x01, 00, 00,
  0x3e, 00, 0x03, 00, 0xb0, 0x01, 00, 00, 0xb5, 0x01, 00, 00,
  0x3d, 00, 0x04, 00, 0x09, 00, 00, 00, 0xf8, 0x01, 00, 00,
  0xb0, 0x01, 00, 00, 0x41, 00, 0x05, 00, 0x0a, 00, 00, 00,
  0xfa, 0x01, 00, 00, 0xf9, 0x01, 00, 00, 0xf8, 0x01, 00, 00,
  0x3d, 00, 0x04, 00, 0x09, 00, 00, 00, 0xfb, 0x01, 00, 00,
  0xfa, 0x01, 00, 00, 0x3d, 00, 0x04, 00, 0x09, 00, 00, 00,
  0xfc, 0x01, 00, 00, 0x18, 00, 00, 00, 0xc3, 00, 0x05, 00,
  0x09, 00, 00, 00, 0xfd, 0x01, 00, 00, 0xfb, 0x01, 00, 00,
  0xfc, 0x01, 00, 00, 0xc7, 00, 0x05, 00, 0x09, 00, 00, 00,
  0xfe, 0x01, 00, 00, 0xfd, 0x01, 00, 00, 0x3c, 00, 00, 00,
  0x3e, 00, 0x03, 00, 0xb6, 0x01, 00, 00, 0xfe, 0x01, 00, 00,
  0x3d, 00, 0x04, 00, 0x09, 00, 00, 00, 00, 0x02, 00, 00,
  0xb6, 0x01, 00, 00, 0x84, 00, 0x05, 00, 0x09, 00, 00, 00,
  0x01, 0x02, 00, 00, 00, 0x02, 00, 00, 0x38, 0x01, 00, 00,
  0x3e, 00, 0x03, 00, 0xff, 0x01, 00, 00, 0x01, 0x02, 00, 00,
  0x3d, 00, 0x04, 00, 0x09, 00, 00, 00, 0x03, 0x02, 00, 00,
  0xff, 0x01, 00, 00, 0x80, 00, 0x05, 00, 0x09, 00, 00, 00,
  0x04, 0x02, 00, 00, 0xd4, 00, 00, 00, 0x03, 0x02, 00, 00,
  0x3d, 00, 0x04, 00, 0x07, 00, 00, 00, 0x06, 0x02, 00, 00,
  0x17, 00, 00, 00, 0x3e, 00, 0x03, 00, 0x05, 0x02, 00, 00,
  0x06, 0x02, 00, 00, 0x3e, 00, 0x03, 00, 0x07, 0x02, 00, 00,
  0x04, 0x02, 00, 00, 0x3e, 00, 0x03, 00, 0x08, 0x02, 00, 00,
  0x29, 0x01, 00, 00, 0x39, 00, 0x07, 00, 0x09, 00, 00, 00,
  0x09, 0x02, 00, 00, 0x0f, 00, 00, 00, 0x05, 0x02, 00, 00,
  0x07, 0x02, 00, 00, 0x08, 0x02, 00, 00, 0x3e, 00, 0x03, 00,
  0x02, 0x02, 00, 00, 0x09, 0x02, 00, 00, 0x3d, 00, 0x04, 00,
  0x09, 00, 00, 00, 0x0c, 0x02, 00, 00, 0xff, 0x01, 00, 00,
  0x80, 00, 0x05, 00, 0x09, 00, 00, 00, 0x0d, 0x02, 00, 00,
  0x0b, 0x02, 00, 00, 0x0c, 0x02, 00, 00, 0x3d, 00, 0x04, 00,
  0x07, 00, 00, 00, 0x0f, 0x02, 00, 00, 0x17, 00, 00, 00,
  0x3e, 00, 0x03, 00, 0x0e, 0x02, 00, 00, 0x0f, 0x02, 00, 00,
  0x3e, 00, 0x03, 00, 0x10, 0x02, 00, 00, 0x0d, 0x02, 00, 00,
  0x3e, 00, 0x03, 00, 0x11, 0x02, 00, 00, 0x29, 0x01, 00, 00,
  0x39, 00, 0x07, 00, 0x09, 00, 00, 00, 0x12, 0x02, 00, 00,
  0x0f, 00, 00, 00, 0x0e, 0x02, 00, 00, 0x10, 0x02, 00, 00,
  0x11, 0x02, 00, 00, 0x3e, 00, 0x03, 00, 0x0a, 0x02, 00, 00,
  0x12, 0x02, 00, 00, 0x3d, 00, 0x04, 00, 0x09, 00, 00, 00,
  0x14, 0x02, 00, 00, 0xff, 0x01, 00, 00, 0x80, 00, 0x05, 00,
  0x09, 00, 00, 00, 0x15, 0x02, 00, 00, 0x5b, 00, 00, 00,
  0x14, 0x02, 00, 00, 0x3d, 00, 0x04, 00, 0x07, 00, 00, 00,
  0x17, 0x02, 00, 00, 0x17, 00, 00, 00, 0x3e, 00, 0x03, 00,
  0x16, 0x02, 00, 00, 0x17, 0x02, 00, 00, 0x3e, 00, 0x03, 00,
  0x18, 0x02, 00, 00, 0x15, 0x02, 00, 00, 0x3e, 00, 0x03, 00,
  0x19, 0x02, 00, 00, 0x29, 0x01, 00, 00, 0x39, 00, 0x07, 00,
  0x09, 00, 00, 00, 0x1a, 0x02, 00, 00, 0x0f, 00, 00, 00,
  0x16, 0x02, 00, 00, 0x18, 0x02, 00, 00, 0x19, 0x02, 00, 00,
  0x3e, 00, 0x03, 00, 0x13, 0x02, 00, 00, 0x1a, 0x02, 00, 00,
  0x3d, 00, 0x04, 00, 0x09, 00, 00, 00, 0x1d, 0x02, 00, 00,
  0xff, 0x01, 00, 00, 0x80, 00, 0x05, 00, 0x09, 00, 00, 00,
  0x1e, 0x02, 00, 00, 0x1c, 0x02, 00, 00, 0x1d, 0x02, 00, 00,
  0x3d, 00, 0x04, 00, 0x07, 00, 00, 00, 0x20, 0x02, 00, 00,
  0x17, 00, 00, 00, 0x3e, 00, 0x03, 00, 0x1f, 0x02, 00, 00,
  0x20, 0x02, 00, 00, 0x3e, 00, 0x03, 00, 0x21, 0x02, 00, 00,
  0x1e, 0x02, 00, 00, 0x3e, 00, 0x03, 00, 0x22, 0x02, 00, 00,
  0x29, 0x01, 00, 00, 0x39, 00, 0x07, 00, 0x09, 00, 00, 00,
  0x23, 0x02, 00, 00, 0x0f, 00, 00, 00, 0x1f, 0x02, 00, 00,
  0x21, 0x02, 00, 00, 0x22, 0x02, 00, 00, 0x3e, 00, 0x03, 00,
  0x1b, 0x02, 00, 00, 0x23, 0x02, 00, 00, 0x3d, 00, 0x04, 00,
  0x09, 00, 00, 00, 0x26, 0x02, 00, 00, 0xff, 0x01, 00, 00,
  0x80, 00, 0x05, 00, 0x09, 00, 00, 00, 0x27, 0x02, 00, 00,
  0x25, 0x02, 00, 00, 0x26, 0x02, 00, 00, 0x3d, 00, 0x04, 00,
  0x07, 00, 00, 00, 0x29, 0x02, 00, 00, 0x17, 00, 00, 00,
  0x3e, 00, 0x03, 00, 0x28, 0x02, 00, 00, 0x29, 0x02, 00, 00,
  0x3e, 00, 0x03, 00, 0x2a, 0x02, 00, 00, 0x27, 0x02, 00, 00,
  0x3e, 00, 0x03, 00, 0x2b, 0x02, 00, 00, 0x29, 0x01, 00, 00,
  0x39, 00, 0x07, 00, 0x09, 00, 00, 00, 0x2c, 0x02, 00, 00,
  0x0f, 00, 00, 00, 0x28, 0x02, 00, 00, 0x2a, 0x02, 00, 00,
  0x2b, 0x02, 00, 00, 0x3e, 00, 0x03, 00, 0x24, 0x02, 00, 00,
  0x2c, 0x02, 00, 00, 0x3d, 00, 0x04, 00, 0x09, 00, 00, 00,
  0x2f, 0x02, 00, 00, 0xff, 0x01, 00, 00, 0x80, 00, 0x05, 00,
  0x09, 00, 00, 00, 0x30, 0x02, 00, 00, 0x2e, 0x02, 00, 00,
  0x2f, 0x02, 00, 00, 0x3d, 00, 0x04, 00, 0x07, 00, 00, 00,
  0x32, 0x02, 00, 00, 0x17, 00, 00, 00, 0x3e, 00, 0x03, 00,
  0x31, 0x02, 00, 00, 0x32, 0x02, 00, 00, 0x3e, 00, 0x03, 00,
  0x33, 0x02, 00, 00, 0x30, 0x02, 00, 00, 0x3e, 00, 0x03, 00,
  0x34, 0x02, 00, 00, 0x29, 0x01, 00, 00, 0x39, 00, 0x07, 00,
  0x09, 00, 00, 00, 0x35, 0x02, 00, 00, 0x0f, 00, 00, 00,
  0x31, 0x02, 00, 00, 0x33, 0x02, 00, 00, 0x34, 0x02, 00, 00,
  0x3e, 00, 0x03, 00, 0x2d, 0x02, 00, 00, 0x35, 0x02, 00, 00,
  0x3d, 00, 0x04, 00, 0x09, 00, 00, 00, 0x38, 0x02, 00, 00,
  0xb6, 0x01, 00, 00, 0x80, 00, 0x05, 00, 0x09, 00, 00, 00,
  0x39, 0x02, 00, 00, 0x37, 0x02, 00, 00, 0x38, 0x02, 00, 00,
  0x3d, 00, 0x04, 00, 0x07, 00, 00, 00, 0x3b, 0x02, 00, 00,
  0x17, 00, 00, 00, 0x3e, 00, 0x03, 00, 0x3a, 0x02, 00, 00,
  0x3b, 0x02, 00, 00, 0x3e, 00, 0x03, 00, 0x3c, 0x02, 00, 00,
  0x39, 0x02, 00, 00, 0x3e, 00, 0x03, 00, 0x3d, 0x02, 00, 00,
  0x3c, 00, 00, 00, 0x39, 00, 0x07, 00, 0x09, 00, 00, 00,
  0x3e, 0x02, 00, 00, 0x0f, 00, 00, 00, 0x3a, 0x02, 00, 00,
  0x3c, 0x02, 00, 00, 0x3d, 0x02, 00, 00, 0xc4, 00, 0x05, 00,
  0x09, 00, 00, 00, 0x3f, 0x02, 00, 00, 0x3e, 0x02, 00, 00,
  0x3c, 00, 00, 00, 0x3e, 00, 0x03, 00, 0x36, 0x02, 00, 00,
  0x3f, 0x02, 00, 00, 0x3d, 00, 0x04, 00, 0x09, 00, 00, 00,
  0x42, 0x02, 00, 00, 0xb0, 0x01, 00, 00, 0x41, 00, 0x05, 00,
  0x0a, 00, 00, 00, 0x44, 0x02, 00, 00, 0x43, 0x02, 00, 00,
  0x42, 0x02, 00, 00, 0x3d, 00, 0x04, 00, 0x09, 00, 00, 00,
  0x45, 0x02, 00, 00, 0x44, 0x02, 00, 00, 0x3e, 00, 0x03, 00,
  0x40, 0x02, 00, 00, 0x45, 0x02, 00, 00, 0x3d, 00, 0x04, 00,
  0x09, 00, 00, 00, 0x48, 0x02, 00, 00, 0x18, 00, 00, 00,
  0x84, 00, 0x05, 00, 0x09, 00, 00, 00, 0x49, 0x02, 00, 00,
  0x48, 0x02, 00, 00, 0xd0, 00, 00, 00, 0x80, 00, 0x05, 00,
  0x09, 00, 00, 00, 0x4a, 0x02, 00, 00, 0x47, 0x02, 00, 00,
  0x49, 0x02, 00, 00, 0x3d, 00, 0x04, 00, 0x09, 00, 00, 00,
  0x4b, 0x02, 00, 00, 0x18, 00, 00, 00, 0x3d, 00, 0x04, 00,
  0x09, 00, 00, 00, 0x4c, 0x02, 00, 00, 0x40, 0x02, 00, 00,
  0xad, 00, 0x05, 00, 0x40, 00, 00, 00, 0x4d, 0x02, 00, 00,
  0x4b, 0x02, 00, 00, 0x4c, 0x02, 00, 00, 0xa9, 00, 0x06, 00,
  0x09, 00, 00, 00, 0x4e, 0x02, 00, 00, 0x4d, 0x02, 00, 00,
  0x3c, 00, 00, 00, 0x3f, 00, 00, 00, 0x82, 00, 0x05, 00,
  0x09, 00, 00, 00, 0x4f, 0x02, 00, 00, 0x4a, 0x02, 00, 00,
  0x4e, 0x02, 00, 00, 0x0c, 00, 0x07, 00, 0x09, 00, 00, 00,
  0x50, 0x02, 00, 00, 0x01, 00, 00, 00, 0x2a, 00, 00, 00,
  0x4f, 0x02, 00, 00, 0x41, 0x01, 00, 00, 0x3d, 00, 0x04, 00,
  0x09, 00, 00, 00, 0x51, 0x02, 00, 00, 0x18, 00, 00, 00,
  0x3d, 00, 0x04, 00, 0x09, 00, 00, 00, 0x52, 0x02, 00, 00,
  0x40, 0x02, 00, 00, 0xaa, 00, 0x05, 00, 0x40, 00, 00, 00,
  0x53, 0x02, 00, 00, 0x51, 0x02, 00, 00, 0x52, 0x02, 00, 00,
  0x3d, 00, 0x04, 00, 0x09, 00, 00, 00, 0x54, 0x02, 00, 00,
  0x18, 00, 00, 00, 0xaa, 00, 0x05, 00, 0x40, 00, 00, 00,
  0x55, 0x02, 00, 00, 0x54, 0x02, 00, 00, 0x3f, 00, 00, 00,
  0xa6, 00, 0x05, 00, 0x40, 00, 00, 00, 0x56, 0x02, 00, 00,
  0x53, 0x02, 00, 00, 0x55, 0x02, 00, 00, 0xa9, 00, 0x06, 00,
  0x09, 00, 00, 00, 0x57, 0x02, 00, 00, 0x56, 0x02, 00, 00,
  0xcc, 00, 00, 00, 0xd0, 00, 00, 00, 0x3d, 00, 0x04, 00,
  0x07, 00, 00, 00, 0x59, 0x02, 00, 00, 0x17, 00, 00, 00,
  0x3e, 00, 0x03, 00, 0x58, 0x02, 00, 00, 0x59, 0x02, 00, 00,
  0x3e, 00, 0x03, 00, 0x5a, 0x02, 00, 00, 0x50, 0x02, 00, 00,
  0x3e, 00, 0x03, 00, 0x5b, 0x02, 00, 00, 0x57, 0x02, 00, 00,
  0x39, 00, 0x07, 00, 0x09, 00, 00, 00, 0x5c, 0x02, 00, 00,
  0x0f, 00, 00, 00, 0x58, 0x02, 00, 00, 0x5a, 0x02, 00, 00,
  0x5b, 0x02, 00, 00, 0x3e, 00, 0x03, 00, 0x46, 0x02, 00, 00,
  0x5c, 0x02, 00, 00, 0x3d, 00, 0x04, 00, 0x09, 00, 00, 00,
  0x5e, 0x02, 00, 00, 0x02, 0x02, 00, 00, 0x3d, 00, 0x04, 00,
  0x09, 00, 00, 00, 0x5f, 0x02, 00, 00, 0x13, 0x02, 00, 00,
  0x3d, 00, 0x04, 00, 0x09, 00, 00, 00, 0x60, 0x02, 00, 00,
  0x24, 0x02, 00, 00, 0x50, 00, 0x06, 00, 0x6a, 0x01, 00, 00,
  0x61, 0x02, 00, 00, 0x5e, 0x02, 00, 00, 0x5f, 0x02, 00, 00,
  0x60, 0x02, 00, 00, 0x3e, 00, 0x03, 00, 0x5d, 0x02, 00, 00,
  0x61, 0x02, 00, 00, 0x3d, 00, 0x04, 00, 0x09, 00, 00, 00,
  0x63, 0x02, 00, 00, 0x0a, 0x02, 00, 00, 0x3d, 00, 0x04, 00,
  0x09, 00, 00, 00, 0x64, 0x02, 00, 00, 0x1b, 0x02, 00, 00,
  0x3d, 00, 0x04, 00, 0x09, 00, 00, 00, 0x65, 0x02, 00, 00,
  0x2d, 0x02, 00, 00, 0x50, 00, 0x06, 00, 0x6a, 0x01, 00, 00,
  0x66, 0x02, 00, 00, 0x63, 0x02, 00, 00, 0x64, 0x02, 00, 00,
  0x65, 0x02, 00, 00, 0x3e, 00, 0x03, 00, 0x62, 0x02, 00, 00,
  0x66, 0x02, 00, 00, 0x3d, 00, 0x04, 00, 0x6a, 0x01, 00, 00,
  0x67, 0x02, 00, 00, 0x5d, 0x02, 00, 00, 0x50, 00, 0x06, 00,
  0x6a, 0x01, 00, 00, 0x68, 0x02, 00, 00, 0xcc, 00, 00, 00,
  0xcc, 00, 00, 00, 0xcc, 00, 00, 00, 0xc4, 00, 0x05, 00,
  0x6a, 0x01, 00, 00, 0x69, 0x02, 00, 00, 0x67, 0x02, 00, 00,
  0x68, 0x02, 00, 00, 0x3d, 00, 0x04, 00, 0x09, 00, 00, 00,
  0x6a, 0x02, 00, 00, 0x36, 0x02, 00, 00, 0x50, 00, 0x06, 00,
  0x6a, 0x01, 00, 00, 0x6b, 0x02, 00, 00, 0x6a, 0x02, 00, 00,
  0x6a, 0x02, 00, 00, 0x6a, 0x02, 00, 00, 0xc5, 00, 0x05, 00,
  0x6a, 0x01, 00, 00, 0x6c, 0x02, 00, 00, 0x69, 0x02, 00, 00,
  0x6b, 0x02, 00, 00, 0x3d, 00, 0x04, 00, 0x6a, 0x01, 00, 00,
  0x6d, 0x02, 00, 00, 0x5d, 0x02, 00, 00, 0x50, 00, 0x06, 00,
  0x6a, 0x01, 00, 00, 0x6e, 0x02, 00, 00, 0x47, 00, 00, 00,
  0x47, 00, 00, 00, 0x47, 00, 00, 00, 0xc3, 00, 0x05, 00,
  0x6a, 0x01, 00, 00, 0x6f, 0x02, 00, 00, 0x6d, 0x02, 00, 00,
  0x6e, 0x02, 00, 00, 0xc5, 00, 0x05, 00, 0x6a, 0x01, 00, 00,
  0x70, 0x02, 00, 00, 0x6c, 0x02, 00, 00, 0x6f, 0x02, 00, 00,
  0x3e, 00, 0x03, 00, 0x5d, 0x02, 00, 00, 0x70, 0x02, 00, 00,
  0x3d, 00, 0x04, 00, 0x6a, 0x01, 00, 00, 0x71, 0x02, 00, 00,
  0x62, 0x02, 00, 00, 0x50, 00, 0x06, 00, 0x6a, 0x01, 00, 00,
  0x72, 0x02, 00, 00, 0xcc, 00, 00, 00, 0xcc, 00, 00, 00,
  0xcc, 00, 00, 00, 0xc4, 00, 0x05, 00, 0x6a, 0x01, 00, 00,
  0x73, 0x02, 00, 00, 0x71, 0x02, 00, 00, 0x72, 0x02, 00, 00,
  0x3d, 00, 0x04, 00, 0x09, 00, 00, 00, 0x74, 0x02, 00, 00,
  0x36, 0x02, 00, 00, 0x50, 00, 0x06, 00, 0x6a, 0x01, 00, 00,
  0x75, 0x02, 00, 00, 0x74, 0x02, 00, 00, 0x74, 0x02, 00, 00,
  0x74, 0x02, 00, 00, 0xc5, 00, 0x05, 00, 0x6a, 0x01, 00, 00,
  0x76, 0x02, 00, 00, 0x73, 0x02, 00, 00, 0x75, 0x02, 00, 00,
  0x3d, 00, 0x04, 00, 0x6a, 0x01, 00, 00, 0x77, 0x02, 00, 00,
  0x62, 0x02, 00, 00, 0x50, 00, 0x06, 00, 0x6a, 0x01, 00, 00,
  0x78, 0x02, 00, 00, 0x47, 00, 00, 00, 0x47, 00, 00, 00,
  0x47, 00, 00, 00, 0xc3, 00, 0x05, 00, 0x6a, 0x01, 00, 00,
  0x79, 0x02, 00, 00, 0x77, 0x02, 00, 00, 0x78, 0x02, 00, 00,
  0xc5, 00, 0x05, 00, 0x6a, 0x01, 00, 00, 0x7a, 0x02, 00, 00,
  0x76, 0x02, 00, 00, 0x79, 0x02, 00, 00, 0x3e, 00, 0x03, 00,
  0x62, 0x02, 00, 00, 0x7a, 0x02, 00, 00, 0x3d, 00, 0x04, 00,
  0x09, 00, 00, 00, 0x7c, 0x02, 00, 00, 0x46, 0x02, 00, 00,
  0x41, 00, 0x05, 00, 0x0a, 00, 00, 00, 0x7e, 0x02, 00, 00,
  0x7d, 0x02, 00, 00, 0x7c, 0x02, 00, 00, 0x3d, 00, 0x04, 00,
  0x09, 00, 00, 00, 0x7f, 0x02, 00, 00, 0x7e, 0x02, 00, 00,
  0x3e, 00, 0x03, 00, 0x7b, 0x02, 00, 00, 0x7f, 0x02, 00, 00,
  0x3d, 00, 0x04, 00, 0x6a, 0x01, 00, 00, 0x80, 0x02, 00, 00,
  0x5d, 0x02, 00, 00, 0x7c, 00, 0x04, 00, 0x9c, 0x01, 00, 00,
  0x81, 0x02, 00, 00, 0x80, 0x02, 00, 00, 0x51, 00, 0x05, 00,
  0x06, 00, 00, 00, 0x82, 0x02, 00, 00, 0x81, 0x02, 00, 00,
  00, 00, 00, 00, 0x51, 00, 0x05, 00, 0x06, 00, 00, 00,
  0x83, 0x02, 00, 00, 0x81, 0x02, 00, 00, 0x01, 00, 00, 00,
  0x51, 00, 0x05, 00, 0x06, 00, 00, 00, 0x84, 0x02, 00, 00,
  0x81, 0x02, 00, 00, 0x02, 00, 00, 00, 0x50, 00, 0x07, 00,
  0x07, 00, 00, 00, 0x85, 0x02, 00, 00, 0x82, 0x02, 00, 00,
  0x83, 0x02, 00, 00, 0x84, 0x02, 00, 00, 0x9e, 0x01, 00, 00,
  0x3d, 00, 0x04, 00, 0x6a, 0x01, 00, 00, 0x86, 0x02, 00, 00,
  0x62, 0x02, 00, 00, 0x7c, 00, 0x04, 00, 0x9c, 0x01, 00, 00,
  0x87, 0x02, 00, 00, 0x86, 0x02, 00, 00, 0x51, 00, 0x05, 00,
  0x06, 00, 00, 00, 0x88, 0x02, 00, 00, 0x87, 0x02, 00, 00,
  00, 00, 00, 00, 0x51, 00, 0x05, 00, 0x06, 00, 00, 00,
  0x89, 0x02, 00, 00, 0x87, 0x02, 00, 00, 0x01, 00, 00, 00,
  0x51, 00, 0x05, 00, 0x06, 00, 00, 00, 0x8a, 0x02, 00, 00,
  0x87, 0x02, 00, 00, 0x02, 00, 00, 00, 0x50, 00, 0x07, 00,
  0x07, 00, 00, 00, 0x8b, 0x02, 00, 00, 0x88, 0x02, 00, 00,
  0x89, 0x02, 00, 00, 0x8a, 0x02, 00, 00, 0x9e, 0x01, 00, 00,
  0x3d, 00, 0x04, 00, 0x09, 00, 00, 00, 0x8c, 0x02, 00, 00,
  0x7b, 0x02, 00, 00, 0x7c, 00, 0x04, 00, 0x06, 00, 00, 00,
  0x8d, 0x02, 00, 00, 0x8c, 0x02, 00, 00, 0x3d, 00, 0x04, 00,
  0x09, 00, 00, 00, 0x8e, 0x02, 00, 00, 0x7b, 0x02, 00, 00,
  0x7c, 00, 0x04, 00, 0x06, 00, 00, 00, 0x8f, 0x02, 00, 00,
  0x8e, 0x02, 00, 00, 0x50, 00, 0x08, 00, 0x11, 00, 00, 00,
  0x90, 0x02, 00, 00, 0x85, 0x02, 00, 00, 0x8b, 0x02, 00, 00,
  0x8d, 0x02, 00, 00, 0x8f, 0x02, 00, 00, 0x46, 0x01, 00, 00,
  0xfe, 00, 0x02, 00, 0x90, 0x02, 00, 00, 0x38, 00, 0x01, 00,
  0x36, 00, 0x05, 00, 0x11, 00, 00, 00, 0x1d, 00, 00, 00,
  00, 00, 00, 00, 0x12, 00, 00, 00, 0x37, 00, 0x03, 00,
  0x08, 00, 00, 00, 0x1b, 00, 00, 00, 0x37, 00, 0x03, 00,
  0x0a, 00, 00, 00, 0x1c, 00, 00, 00, 0xf8, 00, 0x02, 00,
  0x1e, 00, 00, 00, 0x3b, 00, 0x04, 00, 0x0a, 00, 00, 00,
  0x93, 0x02, 00, 00, 0x07, 00, 00, 00, 0x3b, 00, 0x04, 00,
  0x08, 00, 00, 00, 0x94, 0x02, 00, 00, 0x07, 00, 00, 00,
  0x3b, 00, 0x04, 00, 0x0a, 00, 00, 00, 0x96, 0x02, 00, 00,
  0x07, 00, 00, 00, 0x3b, 00, 0x04, 00, 0x0a, 00, 00, 00,
  0x97, 0x02, 00, 00, 0x07, 00, 00, 00, 0x3b, 00, 0x04, 00,
  0x0a, 00, 00, 00, 0x99, 0x02, 00, 00, 0x07, 00, 00, 00,
  0x3b, 00, 0x05, 00, 0xc8, 00, 00, 00, 0x9b, 0x02, 00, 00,
  0x07, 00, 00, 00, 0xc6, 00, 00, 00, 0x3b, 00, 0x04, 00,
  0x0a, 00, 00, 00, 0xa2, 0x02, 00, 00, 0x07, 00, 00, 00,
  0x3b, 00, 0x04, 00, 0x0a, 00, 00, 00, 0xa5, 0x02, 00, 00,
  0x07, 00, 00, 00, 0x3b, 00, 0x04, 00, 0x08, 00, 00, 00,
  0xa8, 0x02, 00, 00, 0x07, 00, 00, 00, 0x3b, 00, 0x04, 00,
  0x0a, 00, 00, 00, 0xaa, 0x02, 00, 00, 0x07, 00, 00, 00,
  0x3b, 00, 0x04, 00, 0x0a, 00, 00, 00, 0xab, 0x02, 00, 00,
  0x07, 00, 00, 00, 0x3b, 00, 0x04, 00, 0x0a, 00, 00, 00,
  0xad, 0x02, 00, 00, 0x07, 00, 00, 00, 0x3b, 00, 0x04, 00,
  0x08, 00, 00, 00, 0xb0, 0x02, 00, 00, 0x07, 00, 00, 00,
  0x3b, 00, 0x04, 00, 0x0a, 00, 00, 00, 0xb2, 0x02, 00, 00,
  0x07, 00, 00, 00, 0x3b, 00, 0x04, 00, 0x0a, 00, 00, 00,
  0xb3, 0x02, 00, 00, 0x07, 00, 00, 00, 0x3b, 00, 0x04, 00,
  0x0a, 00, 00, 00, 0xb5, 0x02, 00, 00, 0x07, 00, 00, 00,
  0x3b, 00, 0x04, 00, 0x08, 00, 00, 00, 0xb9, 0x02, 00, 00,
  0x07, 00, 00, 00, 0x3b, 00, 0x04, 00, 0x0a, 00, 00, 00,
  0xbb, 0x02, 00, 00, 0x07, 00, 00, 00, 0x3b, 00, 0x04, 00,
  0x0a, 00, 00, 00, 0xbc, 0x02, 00, 00, 0x07, 00, 00, 00,
  0x3b, 00, 0x04, 00, 0x0a, 00, 00, 00, 0xbe, 0x02, 00, 00,
  0x07, 00, 00, 00, 0x3b, 00, 0x04, 00, 0x08, 00, 00, 00,
  0xc2, 0x02, 00, 00, 0x07, 00, 00, 00, 0x3b, 00, 0x04, 00,
  0x0a, 00, 00, 00, 0xc4, 0x02, 00, 00, 0x07, 00, 00, 00,
  0x3b, 00, 0x04, 00, 0x0a, 00, 00, 00, 0xc5, 0x02, 00, 00,
  0x07, 00, 00, 00, 0x3b, 00, 0x04, 00, 0x0a, 00, 00, 00,
  0xc7, 0x02, 00, 00, 0x07, 00, 00, 00, 0x3b, 00, 0x04, 00,
  0x08, 00, 00, 00, 0xcb, 0x02, 00, 00, 0x07, 00, 00, 00,
  0x3b, 00, 0x04, 00, 0x0a, 00, 00, 00, 0xcd, 0x02, 00, 00,
  0x07, 00, 00, 00, 0x3b, 00, 0x04, 00, 0x0a, 00, 00, 00,
  0xce, 0x02, 00, 00, 0x07, 00, 00, 00, 0x3b, 00, 0x04, 00,
  0x0a, 00, 00, 00, 0xd0, 0x02, 00, 00, 0x07, 00, 00, 00,
  0x3b, 00, 0x04, 00, 0x08, 00, 00, 00, 0xd4, 0x02, 00, 00,
  0x07, 00, 00, 00, 0x3b, 00, 0x04, 00, 0x0a, 00, 00, 00,
  0xd6, 0x02, 00, 00, 0x07, 00, 00, 00, 0x3b, 00, 0x04, 00,
  0x0a, 00, 00, 00, 0xd7, 0x02, 00, 00, 0x07, 00, 00, 00,
  0x3b, 00, 0x04, 00, 0x20, 0x01, 00, 00, 0xd9, 0x02, 00, 00,
  0x07, 00, 00, 00, 0x3b, 00, 0x05, 00, 0x3c, 0x01, 00, 00,
  0xdb, 0x02, 00, 00, 0x07, 00, 00, 00, 0x3a, 0x01, 00, 00,
  0x3b, 00, 0x04, 00, 0x0a, 00, 00, 00, 0xde, 0x02, 00, 00,
  0x07, 00, 00, 00, 0x3b, 00, 0x04, 00, 0x08, 00, 00, 00,
  0x01, 0x03, 00, 00, 0x07, 00, 00, 00, 0x3b, 00, 0x04, 00,
  0x0a, 00, 00, 00, 0x03, 0x03, 00, 00, 0x07, 00, 00, 00,
  0x3b, 00, 0x04, 00, 0x0a, 00, 00, 00, 0x04, 0x03, 00, 00,
  0x07, 00, 00, 00, 0x3b, 00, 0x04, 00, 0x6b, 0x01, 00, 00,
  0x06, 0x03, 00, 00, 0x07, 00, 00, 00, 0x3b, 00, 0x04, 00,
  0x6b, 0x01, 00, 00, 0x0b, 0x03, 00, 00, 0x07, 00, 00, 00,
  0x3b, 00, 0x04, 00, 0x0a, 00, 00, 00, 0x1e, 0x03, 00, 00,
  0x07, 00, 00, 00, 0x3b, 00, 0x05, 00, 0x25, 0x03, 00, 00,
  0x26, 0x03, 00, 00, 0x07, 00, 00, 00, 0x23, 0x03, 00, 00,
  0x3d, 00, 0x04, 00, 0x07, 00, 00, 00, 0x95, 0x02, 00, 00,
  0x1b, 00, 00, 00, 0x3e, 00, 0x03, 00, 0x94, 0x02, 00, 00,
  0x95, 0x02, 00, 00, 0x3e, 00, 0x03, 00, 0x96, 0x02, 00, 00,
  0xd0, 00, 00, 00, 0x3e, 00, 0x03, 00, 0x97, 0x02, 00, 00,
  0x29, 0x01, 00, 00, 0x39, 00, 0x07, 00, 0x09, 00, 00, 00,
  0x98, 0x02, 00, 00, 0x0f, 00, 00, 00, 0x94, 0x02, 00, 00,
  0x96, 0x02, 00, 00, 0x97, 0x02, 00, 00, 0x3e, 00, 0x03, 00,
  0x93, 0x02, 00, 00, 0x98, 0x02, 00, 00, 0x3d, 00, 0x04, 00,
  0x09, 00, 00, 00, 0x9a, 0x02, 00, 00, 0x93, 0x02, 00, 00,
  0x41, 00, 0x05, 00, 0x0a, 00, 00, 00, 0x9c, 0x02, 00, 00,
  0x9b, 0x02, 00, 00, 0x9a, 0x02, 00, 00, 0x3d, 00, 0x04, 00,
  0x09, 00, 00, 00, 0x9d, 0x02, 00, 00, 0x9c, 0x02, 00, 00,
  0x3d, 00, 0x04, 00, 0x09, 00, 00, 00, 0x9e, 0x02, 00, 00,
  0x1c, 00, 00, 00, 0x84, 00, 0x05, 00, 0x09, 00, 00, 00,
  0x9f, 0x02, 00, 00, 0xcc, 00, 00, 00, 0x9e, 0x02, 00, 00,
  0xc3, 00, 0x05, 00, 0x09, 00, 00, 00, 0xa0, 0x02, 00, 00,
  0x9d, 0x02, 00, 00, 0x9f, 0x02, 00, 00, 0xc7, 00, 0x05, 00,
  0x09, 00, 00, 00, 0xa1, 0x02, 00, 00, 0xa0, 0x02, 00, 00,
  0xd0, 00, 00, 00, 0x3e, 00, 0x03, 00, 0x99, 0x02, 00, 00,
  0xa1, 0x02, 00, 00, 0x3d, 00, 0x04, 00, 0x09, 00, 00, 00,
  0xa3, 0x02, 00, 00, 0x99, 0x02, 00, 00, 0x84, 00, 0x05, 00,
  0x09, 00, 00, 00, 0xa4, 0x02, 00, 00, 0xa3, 0x02, 00, 00,
  0x2c, 0x01, 00, 00, 0x3e, 00, 0x03, 00, 0xa2, 0x02, 00, 00,
  0xa4, 0x02, 00, 00, 0x3d, 00, 0x04, 00, 0x09, 00, 00, 00,
  0xa6, 0x02, 00, 00, 0xa2, 0x02, 00, 00, 0x80, 00, 0x05, 00,
  0x09, 00, 00, 00, 0xa7, 0x02, 00, 00, 0xdf, 00, 00, 00,
  0xa6, 0x02, 00, 00, 0x3d, 00, 0x04, 00, 0x07, 00, 00, 00,
  0xa9, 0x02, 00, 00, 0x1b, 00, 00, 00, 0x3e, 00, 0x03, 00,
  0xa8, 0x02, 00, 00, 0xa9, 0x02, 00, 00, 0x3e, 00, 0x03, 00,
  0xaa, 0x02, 00, 00, 0xa7, 0x02, 00, 00, 0x3e, 00, 0x03, 00,
  0xab, 0x02, 00, 00, 0x47, 00, 00, 00, 0x39, 00, 0x07, 00,
  0x09, 00, 00, 00, 0xac, 0x02, 00, 00, 0x0f, 00, 00, 00,
  0xa8, 0x02, 00, 00, 0xaa, 0x02, 00, 00, 0xab, 0x02, 00, 00,
  0x3e, 00, 0x03, 00, 0xa5, 0x02, 00, 00, 0xac, 0x02, 00, 00,
  0x3d, 00, 0x04, 00, 0x09, 00, 00, 00, 0xae, 0x02, 00, 00,
  0xa2, 0x02, 00, 00, 0x80, 00, 0x05, 00, 0x09, 00, 00, 00,
  0xaf, 0x02, 00, 00, 0x0b, 0x02, 00, 00, 0xae, 0x02, 00, 00,
  0x3d, 00, 0x04, 00, 0x07, 00, 00, 00, 0xb1, 0x02, 00, 00,
  0x1b, 00, 00, 00, 0x3e, 00, 0x03, 00, 0xb0, 0x02, 00, 00,
  0xb1, 0x02, 00, 00, 0x3e, 00, 0x03, 00, 0xb2, 0x02, 00, 00,
  0xaf, 0x02, 00, 00, 0x3e, 00, 0x03, 00, 0xb3, 0x02, 00, 00,
  0x47, 00, 00, 00, 0x39, 00, 0x07, 00, 0x09, 00, 00, 00,
  0xb4, 0x02, 00, 00, 0x0f, 00, 00, 00, 0xb0, 0x02, 00, 00,
  0xb2, 0x02, 00, 00, 0xb3, 0x02, 00, 00, 0x3e, 00, 0x03, 00,
  0xad, 0x02, 00, 00, 0xb4, 0x02, 00, 00, 0x3d, 00, 0x04, 00,
  0x09, 00, 00, 00, 0xb7, 0x02, 00, 00, 0xa2, 0x02, 00, 00,
  0x80, 00, 0x05, 00, 0x09, 00, 00, 00, 0xb8, 0x02, 00, 00,
  0xb6, 0x02, 00, 00, 0xb7, 0x02, 00, 00, 0x3d, 00, 0x04, 00,
  0x07, 00, 00, 00, 0xba, 0x02, 00, 00, 0x1b, 00, 00, 00,
  0x3e, 00, 0x03, 00, 0xb9, 0x02, 00, 00, 0xba, 0x02, 00, 00,
  0x3e, 00, 0x03, 00, 0xbb, 0x02, 00, 00, 0xb8, 0x02, 00, 00,
  0x3e, 00, 0x03, 00, 0xbc, 0x02, 00, 00, 0x47, 00, 00, 00,
  0x39, 00, 0x07, 00, 0x09, 00, 00, 00, 0xbd, 0x02, 00, 00,
  0x0f, 00, 00, 00, 0xb9, 0x02, 00, 00, 0xbb, 0x02, 00, 00,
  0xbc, 0x02, 00, 00, 0x3e, 00, 0x03, 00, 0xb5, 0x02, 00, 00,
  0xbd, 0x02, 00, 00, 0x3d, 00, 0x04, 00, 0x09, 00, 00, 00,
  0xc0, 0x02, 00, 00, 0xa2, 0x02, 00, 00, 0x80, 00, 0x05, 00,
  0x09, 00, 00, 00, 0xc1, 0x02, 00, 00, 0xbf, 0x02, 00, 00,
  0xc0, 0x02, 00, 00, 0x3d, 00, 0x04, 00, 0x07, 00, 00, 00,
  0xc3, 0x02, 00, 00, 0x1b, 00, 00, 00, 0x3e, 00, 0x03, 00,
  0xc2, 0x02, 00, 00, 0xc3, 0x02, 00, 00, 0x3e, 00, 0x03, 00,
  0xc4, 0x02, 00, 00, 0xc1, 0x02, 00, 00, 0x3e, 00, 0x03, 00,
  0xc5, 0x02, 00, 00, 0x47, 00, 00, 00, 0x39, 00, 0x07, 00,
  0x09, 00, 00, 00, 0xc6, 0x02, 00, 00, 0x0f, 00, 00, 00,
  0xc2, 0x02, 00, 00, 0xc4, 0x02, 00, 00, 0xc5, 0x02, 00, 00,
  0x3e, 00, 0x03, 00, 0xbe, 0x02, 00, 00, 0xc6, 0x02, 00, 00,
  0x3d, 00, 0x04, 00, 0x09, 00, 00, 00, 0xc9, 0x02, 00, 00,
  0xa2, 0x02, 00, 00, 0x80, 00, 0x05, 00, 0x09, 00, 00, 00,
  0xca, 0x02, 00, 00, 0xc8, 0x02, 00, 00, 0xc9, 0x02, 00, 00,
  0x3d, 00, 0x04, 00, 0x07, 00, 00, 00, 0xcc, 0x02, 00, 00,
  0x1b, 00, 00, 00, 0x3e, 00, 0x03, 00, 0xcb, 0x02, 00, 00,
  0xcc, 0x02, 00, 00, 0x3e, 00, 0x03, 00, 0xcd, 0x02, 00, 00,
  0xca, 0x02, 00, 00, 0x3e, 00, 0x03, 00, 0xce, 0x02, 00, 00,
  0x47, 00, 00, 00, 0x39, 00, 0x07, 00, 0x09, 00, 00, 00,
  0xcf, 0x02, 00, 00, 0x0f, 00, 00, 00, 0xcb, 0x02, 00, 00,
  0xcd, 0x02, 00, 00, 0xce, 0x02, 00, 00, 0x3e, 00, 0x03, 00,
  0xc7, 0x02, 00, 00, 0xcf, 0x02, 00, 00, 0x3d, 00, 0x04, 00,
  0x09, 00, 00, 00, 0xd2, 0x02, 00, 00, 0xa2, 0x02, 00, 00,
  0x80, 00, 0x05, 00, 0x09, 00, 00, 00, 0xd3, 0x02, 00, 00,
  0xd1, 0x02, 00, 00, 0xd2, 0x02, 00, 00, 0x3d, 00, 0x04, 00,
  0x07, 00, 00, 00, 0xd5, 0x02, 00, 00, 0x1b, 00, 00, 00,
  0x3e, 00, 0x03, 00, 0xd4, 0x02, 00, 00, 0xd5, 0x02, 00, 00,
  0x3e, 00, 0x03, 00, 0xd6, 0x02, 00, 00, 0xd3, 0x02, 00, 00,
  0x3e, 00, 0x03, 00, 0xd7, 0x02, 00, 00, 0x47, 00, 00, 00,
  0x39, 00, 0x07, 00, 0x09, 00, 00, 00, 0xd8, 0x02, 00, 00,
  0x0f, 00, 00, 00, 0xd4, 0x02, 00, 00, 0xd6, 0x02, 00, 00,
  0xd7, 0x02, 00, 00, 0x3e, 00, 0x03, 00, 0xd0, 0x02, 00, 00,
  0xd8, 0x02, 00, 00, 0x3d, 00, 0x04, 00, 0x09, 00, 00, 00,
  0xda, 0x02, 00, 00, 0x93, 0x02, 00, 00, 0x41, 00, 0x05, 00,
  0x20, 0x01, 00, 00, 0xdc, 0x02, 00, 00, 0xdb, 0x02, 00, 00,
  0xda, 0x02, 00, 00, 0x3d, 00, 0x04, 00, 0x1f, 0x01, 00, 00,
  0xdd, 0x02, 00, 00, 0xdc, 0x02, 00, 00, 0x3e, 00, 0x03, 00,
  0xd9, 0x02, 00, 00, 0xdd, 0x02, 00, 00, 0x3d, 00, 0x04, 00,
  0x09, 00, 00, 00, 0xe0, 0x02, 00, 00, 0x1c, 00, 00, 00,
  0x84, 00, 0x05, 00, 0x09, 00, 00, 00, 0xe1, 0x02, 00, 00,
  0xe0, 0x02, 00, 00, 0xcc, 00, 00, 00, 0x80, 00, 0x05, 00,
  0x09, 00, 00, 00, 0xe2, 0x02, 00, 00, 0xdf, 0x02, 00, 00,
  0xe1, 0x02, 00, 00, 0x3d, 00, 0x04, 00, 0x09, 00, 00, 00,
  0xe3, 0x02, 00, 00, 0x1c, 00, 00, 00, 0x41, 00, 0x05, 00,
  0x0a, 00, 00, 00, 0xe4, 0x02, 00, 00, 0xd9, 0x02, 00, 00,
  0x46, 0x01, 00, 00, 0x3d, 00, 0x04, 00, 0x09, 00, 00, 00,
  0xe5, 0x02, 00, 00, 0xe4, 0x02, 00, 00, 0xad, 00, 0x05, 00,
  0x40, 00, 00, 00, 0xe6, 0x02, 00, 00, 0xe3, 0x02, 00, 00,
  0xe5, 0x02, 00, 00, 0xa9, 00, 0x06, 00, 0x09, 00, 00, 00,
  0xe7, 0x02, 00, 00, 0xe6, 0x02, 00, 00, 0x3c, 00, 00, 00,
  0x3f, 00, 00, 00, 0x82, 00, 0x05, 00, 0x09, 00, 00, 00,
  0xe8, 0x02, 00, 00, 0xe2, 0x02, 00, 00, 0xe7, 0x02, 00, 00,
  0x3d, 00, 0x04, 00, 0x09, 00, 00, 00, 0xe9, 0x02, 00, 00,
  0x1c, 00, 00, 00, 0x41, 00, 0x05, 00, 0x0a, 00, 00, 00,
  0xea, 0x02, 00, 00, 0xd9, 0x02, 00, 00, 0x4d, 0x01, 00, 00,
  0x3d, 00, 0x04, 00, 0x09, 00, 00, 00, 0xeb, 0x02, 00, 00,
  0xea, 0x02, 00, 00, 0xad, 00, 0x05, 00, 0x40, 00, 00, 00,
  0xec, 0x02, 00, 00, 0xe9, 0x02, 00, 00, 0xeb, 0x02, 00, 00,
  0xa9, 00, 0x06, 00, 0x09, 00, 00, 00, 0xed, 0x02, 00, 00,
  0xec, 0x02, 00, 00, 0x3c, 00, 00, 00, 0x3f, 00, 00, 00,
  0x82, 00, 0x05, 00, 0x09, 00, 00, 00, 0xee, 0x02, 00, 00,
  0xe8, 0x02, 00, 00, 0xed, 0x02, 00, 00, 0x0c, 00, 0x07, 00,
  0x09, 00, 00, 00, 0xf0, 0x02, 00, 00, 0x01, 00, 00, 00,
  0x2a, 00, 00, 00, 0xee, 0x02, 00, 00, 0xef, 0x02, 00, 00,
  0x3d, 00, 0x04, 00, 0x09, 00, 00, 00, 0xf1, 0x02, 00, 00,
  0x1c, 00, 00, 00, 0x41, 00, 0x05, 00, 0x0a, 00, 00, 00,
  0xf2, 0x02, 00, 00, 0xd9, 0x02, 00, 00, 0x4d, 0x01, 00, 00,
  0x3d, 00, 0x04, 00, 0x09, 00, 00, 00, 0xf3, 0x02, 00, 00,
  0xf2, 0x02, 00, 00, 0xaa, 00, 0x05, 00, 0x40, 00, 00, 00,
  0xf4, 0x02, 00, 00, 0xf1, 0x02, 00, 00, 0xf3, 0x02, 00, 00,
  0xa8, 00, 0x04, 00, 0x40, 00, 00, 00, 0xf5, 0x02, 00, 00,
  0xf4, 0x02, 00, 00, 0xf7, 00, 0x03, 00, 0xf7, 0x02, 00, 00,
  00, 00, 00, 00, 0xfa, 00, 0x04, 00, 0xf5, 0x02, 00, 00,
  0xf6, 0x02, 00, 00, 0xf7, 0x02, 00, 00, 0xf8, 00, 0x02, 00,
  0xf6, 0x02, 00, 00, 0x3d, 00, 0x04, 00, 0x09, 00, 00, 00,
  0xf8, 0x02, 00, 00, 0x1c, 00, 00, 00, 0x41, 00, 0x05, 00,
  0x0a, 00, 00, 00, 0xf9, 0x02, 00, 00, 0xd9, 0x02, 00, 00,
  0x46, 0x01, 00, 00, 0x3d, 00, 0x04, 00, 0x09, 00, 00, 00,
  0xfa, 0x02, 00, 00, 0xf9, 0x02, 00, 00, 0xaa, 00, 0x05, 00,
  0x40, 00, 00, 00, 0xfb, 0x02, 00, 00, 0xf8, 0x02, 00, 00,
  0xfa, 0x02, 00, 00, 0xf9, 00, 0x02, 00, 0xf7, 0x02, 00, 00,
  0xf8, 00, 0x02, 00, 0xf7, 0x02, 00, 00, 0xf5, 00, 0x07, 00,
  0x40, 00, 00, 00, 0xfc, 0x02, 00, 00, 0xf4, 0x02, 00, 00,
  0x1e, 00, 00, 00, 0xfb, 0x02, 00, 00, 0xf6, 0x02, 00, 00,
  0x3d, 00, 0x04, 00, 0x09, 00, 00, 00, 0xfd, 0x02, 00, 00,
  0x1c, 00, 00, 00, 0xaa, 00, 0x05, 00, 0x40, 00, 00, 00,
  0xfe, 0x02, 00, 00, 0xfd, 0x02, 00, 00, 0x3f, 00, 00, 00,
  0xa6, 00, 0x05, 00, 0x40, 00, 00, 00, 0xff, 0x02, 00, 00,
  0xfc, 0x02, 00, 00, 0xfe, 0x02, 00, 00, 0xa9, 00, 0x06, 00,
  0x09, 00, 00, 00, 00, 0x03, 00, 00, 0xff, 0x02, 00, 00,
  0x3c, 00, 00, 00, 0xcc, 00, 00, 00, 0x3d, 00, 0x04, 00,
  0x07, 00, 00, 00, 0x02, 0x03, 00, 00, 0x1b, 00, 00, 00,
  0x3e, 00, 0x03, 00, 0x01, 0x03, 00, 00, 0x02, 0x03, 00, 00,
  0x3e, 00, 0x03, 00, 0x03, 0x03, 00, 00, 0xf0, 0x02, 00, 00,
  0x3e, 00, 0x03, 00, 0x04, 0x03, 00, 00, 00, 0x03, 00, 00,
  0x39, 00, 0x07, 00, 0x09, 00, 00, 00, 0x05, 0x03, 00, 00,
  0x0f, 00, 00, 00, 0x01, 0x03, 00, 00, 0x03, 0x03, 00, 00,
  0x04, 0x03, 00, 00, 0x3e, 00, 0x03, 00, 0xde, 0x02, 00, 00,
  0x05, 0x03, 00, 00, 0x3d, 00, 0x04, 00, 0x09, 00, 00, 00,
  0x07, 0x03, 00, 00, 0xa5, 0x02, 00, 00, 0x3d, 00, 0x04, 00,
  0x09, 00, 00, 00, 0x08, 0x03, 00, 00, 0xb5, 0x02, 00, 00,
  0x3d, 00, 0x04, 00, 0x09, 00, 00, 00, 0x09, 0x03, 00, 00,
  0xc7, 0x02, 00, 00, 0x50, 00, 0x06, 00, 0x6a, 0x01, 00, 00,
  0x0a, 0x03, 00, 00, 0x07, 0x03, 00, 00, 0x08, 0x03, 00, 00,
  0x09, 0x03, 00, 00, 0x3e, 00, 0x03, 00, 0x06, 0x03, 00, 00,
  0x0a, 0x03, 00, 00, 0x3d, 00, 0x04, 00, 0x09, 00, 00, 00,
  0x0c, 0x03, 00, 00, 0xad, 0x02, 00, 00, 0x3d, 00, 0x04, 00,
  0x09, 00, 00, 00, 0x0d, 0x03, 00, 00, 0xbe, 0x02, 00, 00,
  0x3d, 00, 0x04, 00, 0x09, 00, 00, 00, 0x0e, 0x03, 00, 00,
  0xd0, 0x02, 00, 00, 0x50, 00, 0x06, 00, 0x6a, 0x01, 00, 00,
  0x0f, 0x03, 00, 00, 0x0c, 0x03, 00, 00, 0x0d, 0x03, 00, 00,
  0x0e, 0x03, 00, 00, 0x3e, 00, 0x03, 00, 0x0b, 0x03, 00, 00,
  0x0f, 0x03, 00, 00, 0x3d, 00, 0x04, 00, 0x6a, 0x01, 00, 00,
  0x10, 0x03, 00, 00, 0x06, 0x03, 00, 00, 0x50, 00, 0x06, 00,
  0x6a, 0x01, 00, 00, 0x11, 0x03, 00, 00, 0xd0, 00, 00, 00,
  0xd0, 00, 00, 00, 0xd0, 00, 00, 00, 0xc4, 00, 0x05, 00,
  0x6a, 0x01, 00, 00, 0x12, 0x03, 00, 00, 0x10, 0x03, 00, 00,
  0x11, 0x03, 00, 00, 0x3d, 00, 0x04, 00, 0x6a, 0x01, 00, 00,
  0x13, 0x03, 00, 00, 0x06, 0x03, 00, 00, 0x50, 00, 0x06, 00,
  0x6a, 0x01, 00, 00, 0x14, 0x03, 00, 00, 0xcc, 00, 00, 00,
  0xcc, 00, 00, 00, 0xcc, 00, 00, 00, 0xc3, 00, 0x05, 00,
  0x6a, 0x01, 00, 00, 0x15, 0x03, 00, 00, 0x13, 0x03, 00, 00,
  0x14, 0x03, 00, 00, 0xc5, 00, 0x05, 00, 0x6a, 0x01, 00, 00,
  0x16, 0x03, 00, 00, 0x12, 0x03, 00, 00, 0x15, 0x03, 00, 00,
  0x3e, 00, 0x03, 00, 0x06, 0x03, 00, 00, 0x16, 0x03, 00, 00,
  0x3d, 00, 0x04, 00, 0x6a, 0x01, 00, 00, 0x17, 0x03, 00, 00,
  0x0b, 0x03, 00, 00, 0x50, 00, 0x06, 00, 0x6a, 0x01, 00, 00,
  0x18, 0x03, 00, 00, 0xd0, 00, 00, 00, 0xd0, 00, 00, 00,
  0xd0, 00, 00, 00, 0xc4, 00, 0x05, 00, 0x6a, 0x01, 00, 00,
  0x19, 0x03, 00, 00, 0x17, 0x03, 00, 00, 0x18, 0x03, 00, 00,
  0x3d, 00, 0x04, 00, 0x6a, 0x01, 00, 00, 0x1a, 0x03, 00, 00,
  0x0b, 0x03, 00, 00, 0x50, 00, 0x06, 00, 0x6a, 0x01, 00, 00,
  0x1b, 0x03, 00, 00, 0xcc, 00, 00, 00, 0xcc, 00, 00, 00,
  0xcc, 00, 00, 00, 0xc3, 00, 0x05, 00, 0x6a, 0x01, 00, 00,
  0x1c, 0x03, 00, 00, 0x1a, 0x03, 00, 00, 0x1b, 0x03, 00, 00,
  0xc5, 00, 0x05, 00, 0x6a, 0x01, 00, 00, 0x1d, 0x03, 00, 00,
  0x19, 0x03, 00, 00, 0x1c, 0x03, 00, 00, 0x3e, 00, 0x03, 00,
  0x0b, 0x03, 00, 00, 0x1d, 0x03, 00, 00, 0x3d, 00, 0x04, 00,
  0x09, 00, 00, 00, 0x24, 0x03, 00, 00, 0xde, 0x02, 00, 00,
  0x41, 00, 0x05, 00, 0x0a, 00, 00, 00, 0x27, 0x03, 00, 00,
  0x26, 0x03, 00, 00, 0x24, 0x03, 00, 00, 0x3d, 00, 0x04, 00,
  0x09, 00, 00, 00, 0x28, 0x03, 00, 00, 0x27, 0x03, 00, 00,
  0x3e, 00, 0x03, 00, 0x1e, 0x03, 00, 00, 0x28, 0x03, 00, 00,
  0x3d, 00, 0x04, 00, 0x6a, 0x01, 00, 00, 0x29, 0x03, 00, 00,
  0x06, 0x03, 00, 00, 0x7c, 00, 0x04, 00, 0x9c, 0x01, 00, 00,
  0x2a, 0x03, 00, 00, 0x29, 0x03, 00, 00, 0x51, 00, 0x05, 00,
  0x06, 00, 00, 00, 0x2b, 0x03, 00, 00, 0x2a, 0x03, 00, 00,
  00, 00, 00, 00, 0x51, 00, 0x05, 00, 0x06, 00, 00, 00,
  0x2c, 0x03, 00, 00, 0x2a, 0x03, 00, 00, 0x01, 00, 00, 00,
  0x51, 00, 0x05, 00, 0x06, 00, 00, 00, 0x2d, 0x03, 00, 00,
  0x2a, 0x03, 00, 00, 0x02, 00, 00, 00, 0x50, 00, 0x07, 00,
  0x07, 00, 00, 00, 0x2e, 0x03, 00, 00, 0x2b, 0x03, 00, 00,
  0x2c, 0x03, 00, 00, 0x2d, 0x03, 00, 00, 0x9e, 0x01, 00, 00,
  0x3d, 00, 0x04, 00, 0x6a, 0x01, 00, 00, 0x2f, 0x03, 00, 00,
  0x0b, 0x03, 00, 00, 0x7c, 00, 0x04, 00, 0x9c, 0x01, 00, 00,
  0x30, 0x03, 00, 00, 0x2f, 0x03, 00, 00, 0x51, 00, 0x05, 00,
  0x06, 00, 00, 00, 0x31, 0x03, 00, 00, 0x30, 0x03, 00, 00,
  00, 00, 00, 00, 0x51, 00, 0x05, 00, 0x06, 00, 00, 00,
  0x32, 0x03, 00, 00, 0x30, 0x03, 00, 00, 0x01, 00, 00, 00,
  0x51, 00, 0x05, 00, 0x06, 00, 00, 00, 0x33, 0x03, 00, 00,
  0x30, 0x03, 00, 00, 0x02, 00, 00, 00, 0x50, 00, 0x07, 00,
  0x07, 00, 00, 00, 0x34, 0x03, 00, 00, 0x31, 0x03, 00, 00,
  0x32, 0x03, 00, 00, 0x33, 0x03, 00, 00, 0x9e, 0x01, 00, 00,
  0x3d, 00, 0x04, 00, 0x09, 00, 00, 00, 0x35, 0x03, 00, 00,
  0x1e, 0x03, 00, 00, 0x7c, 00, 0x04, 00, 0x06, 00, 00, 00,
  0x36, 0x03, 00, 00, 0x35, 0x03, 00, 00, 0x3d, 00, 0x04, 00,
  0x09, 00, 00, 00, 0x37, 0x03, 00, 00, 0x1e, 0x03, 00, 00,
  0x7c, 00, 0x04, 00, 0x06, 00, 00, 00, 0x38, 0x03, 00, 00,
  0x37, 0x03, 00, 00, 0x50, 00, 0x08, 00, 0x11, 00, 00, 00,
  0x39, 0x03, 00, 00, 0x2e, 0x03, 00, 00, 0x34, 0x03, 00, 00,
  0x36, 0x03, 00, 00, 0x38, 0x03, 00, 00, 0x46, 0x01, 00, 00,
  0xfe, 00, 0x02, 00, 0x39, 0x03, 00, 00, 0x38, 00, 0x01, 00,
  0x36, 00, 0x05, 00, 0x11, 00, 00, 00, 0x21, 00, 00, 00,
  00, 00, 00, 00, 0x12, 00, 00, 00, 0x37, 00, 0x03, 00,
  0x08, 00, 00, 00, 0x1f, 00, 00, 00, 0x37, 00, 0x03, 00,
  0x0a, 00, 00, 00, 0x20, 00, 00, 00, 0xf8, 00, 0x02, 00,
  0x22, 00, 00, 00, 0x3b, 00, 0x04, 00, 0x0a, 00, 00, 00,
  0x3c, 0x03, 00, 00, 0x07, 00, 00, 00, 0x3b, 00, 0x04, 00,
  0x08, 00, 00, 00, 0x3d, 0x03, 00, 00, 0x07, 00, 00, 00,
  0x3b, 00, 0x04, 00, 0x0a, 00, 00, 00, 0x3f, 0x03, 00, 00,
  0x07, 00, 00, 00, 0x3b, 00, 0x04, 00, 0x0a, 00, 00, 00,
  0x40, 0x03, 00, 00, 0x07, 00, 00, 00, 0x3b, 00, 0x04, 00,
  0x0a, 00, 00, 00, 0x42, 0x03, 00, 00, 0x07, 00, 00, 00,
  0x3b, 00, 0x05, 00, 0xc8, 00, 00, 00, 0x44, 0x03, 00, 00,
  0x07, 00, 00, 00, 0xf7, 0x01, 00, 00, 0x3b, 00, 0x04, 00,
  0x0a, 00, 00, 00, 0x4a, 0x03, 00, 00, 0x07, 00, 00, 00,
  0x3b, 00, 0x04, 00, 0x0a, 00, 00, 00, 0x4d, 0x03, 00, 00,
  0x07, 00, 00, 00, 0x3b, 00, 0x04, 00, 0x08, 00, 00, 00,
  0x51, 0x03, 00, 00, 0x07, 00, 00, 00, 0x3b, 00, 0x04, 00,
  0x0a, 00, 00, 00, 0x53, 0x03, 00, 00, 0x07, 00, 00, 00,
  0x3b, 00, 0x04, 00, 0x0a, 00, 00, 00, 0x54, 0x03, 00, 00,
  0x07, 00, 00, 00, 0x3b, 00, 0x04, 00, 0x0a, 00, 00, 00,
  0x56, 0x03, 00, 00, 0x07, 00, 00, 00, 0x3b, 00, 0x04, 00,
  0x08, 00, 00, 00, 0x5a, 0x03, 00, 00, 0x07, 00, 00, 00,
  0x3b, 00, 0x04, 00, 0x0a, 00, 00, 00, 0x5c, 0x03, 00, 00,
  0x07, 00, 00, 00, 0x3b, 00, 0x04, 00, 0x0a, 00, 00, 00,
  0x5d, 0x03, 00, 00, 0x07, 00, 00, 00, 0x3b, 00, 0x04, 00,
  0x0a, 00, 00, 00, 0x5f, 0x03, 00, 00, 0x07, 00, 00, 00,
  0x3b, 00, 0x04, 00, 0x08, 00, 00, 00, 0x62, 0x03, 00, 00,
  0x07, 00, 00, 00, 0x3b, 00, 0x04, 00, 0x0a, 00, 00, 00,
  0x64, 0x03, 00, 00, 0x07, 00, 00, 00, 0x3b, 00, 0x04, 00,
  0x0a, 00, 00, 00, 0x65, 0x03, 00, 00, 0x07, 00, 00, 00,
  0x3b, 00, 0x04, 00, 0x0a, 00, 00, 00, 0x67, 0x03, 00, 00,
  0x07, 00, 00, 00, 0x3b, 00, 0x04, 00, 0x08, 00, 00, 00,
  0x6b, 0x03, 00, 00, 0x07, 00, 00, 00, 0x3b, 00, 0x04, 00,
  0x0a, 00, 00, 00, 0x6d, 0x03, 00, 00, 0x07, 00, 00, 00,
  0x3b, 00, 0x04, 00, 0x0a, 00, 00, 00, 0x6e, 0x03, 00, 00,
  0x07, 00, 00, 00, 0x3b, 00, 0x04, 00, 0x0a, 00, 00, 00,
  0x70, 0x03, 00, 00, 0x07, 00, 00, 00, 0x3b, 00, 0x04, 00,
  0x08, 00, 00, 00, 0x74, 0x03, 00, 00, 0x07, 00, 00, 00,
  0x3b, 00, 0x04, 00, 0x0a, 00, 00, 00, 0x76, 0x03, 00, 00,
  0x07, 00, 00, 00, 0x3b, 00, 0x04, 00, 0x0a, 00, 00, 00,
  0x77, 0x03, 00, 00, 0x07, 00, 00, 00, 0x3b, 00, 0x04, 00,
  0x0a, 00, 00, 00, 0x79, 0x03, 00, 00, 0x07, 00, 00, 00,
  0x3b, 00, 0x04, 00, 0x08, 00, 00, 00, 0x7d, 0x03, 00, 00,
  0x07, 00, 00, 00, 0x3b, 00, 0x04, 00, 0x0a, 00, 00, 00,
  0x7f, 0x03, 00, 00, 0x07, 00, 00, 00, 0x3b, 00, 0x04, 00,
  0x0a, 00, 00, 00, 0x80, 0x03, 00, 00, 0x07, 00, 00, 00,
  0x3b, 00, 0x04, 00, 0x0a, 00, 00, 00, 0x82, 0x03, 00, 00,
  0x07, 00, 00, 00, 0x3b, 00, 0x04, 00, 0x08, 00, 00, 00,
  0x87, 0x03, 00, 00, 0x07, 00, 00, 00, 0x3b, 00, 0x04, 00,
  0x0a, 00, 00, 00, 0x89, 0x03, 00, 00, 0x07, 00, 00, 00,
  0x3b, 00, 0x04, 00, 0x0a, 00, 00, 00, 0x8a, 0x03, 00, 00,
  0x07, 00, 00, 00, 0x3b, 00, 0x04, 00, 0x0a, 00, 00, 00,
  0x8c, 0x03, 00, 00, 0x07, 00, 00, 00, 0x3b, 00, 0x04, 00,
  0x08, 00, 00, 00, 0x91, 0x03, 00, 00, 0x07, 00, 00, 00,
  0x3b, 00, 0x04, 00, 0x0a, 00, 00, 00, 0x93, 0x03, 00, 00,
  0x07, 00, 00, 00, 0x3b, 00, 0x04, 00, 0x0a, 00, 00, 00,
  0x94, 0x03, 00, 00, 0x07, 00, 00, 00, 0x3b, 00, 0x04, 00,
  0x0a, 00, 00, 00, 0x96, 0x03, 00, 00, 0x07, 00, 00, 00,
  0x3b, 00, 0x05, 00, 0xc8, 00, 00, 00, 0x98, 0x03, 00, 00,
  0x07, 00, 00, 00, 0x41, 0x02, 00, 00, 0x3b, 00, 0x04, 00,
  0x0a, 00, 00, 00, 0x9b, 0x03, 00, 00, 0x07, 00, 00, 00,
  0x3b, 00, 0x04, 00, 0x08, 00, 00, 00, 0xad, 0x03, 00, 00,
  0x07, 00, 00, 00, 0x3b, 00, 0x04, 00, 0x0a, 00, 00, 00,
  0xaf, 0x03, 00, 00, 0x07, 00, 00, 00, 0x3b, 00, 0x04, 00,
  0x0a, 00, 00, 00, 0xb0, 0x03, 00, 00, 0x07, 00, 00, 00,
  0x3b, 00, 0x04, 00, 0x6b, 0x01, 00, 00, 0xb2, 0x03, 00, 00,
  0x07, 00, 00, 00, 0x3b, 00, 0x04, 00, 0x6b, 0x01, 00, 00,
  0xb7, 0x03, 00, 00, 0x07, 00, 00, 00, 0x3b, 00, 0x04, 00,
  0x0a, 00, 00, 00, 0xc8, 0x03, 00, 00, 0x07, 00, 00, 00,
  0x3b, 00, 0x05, 00, 0x25, 0x03, 00, 00, 0xca, 0x03, 00, 00,
  0x07, 00, 00, 00, 0x23, 0x03, 00, 00, 0x3d, 00, 0x04, 00,
  0x07, 00, 00, 00, 0x3e, 0x03, 00, 00, 0x1f, 00, 00, 00,
  0x3e, 00, 0x03, 00, 0x3d, 0x03, 00, 00, 0x3e, 0x03, 00, 00,
  0x3e, 00, 0x03, 00, 0x3f, 0x03, 00, 00, 0x7d, 00, 00, 00,
  0x3e, 00, 0x03, 00, 0x40, 0x03, 00, 00, 0x29, 0x01, 00, 00,
  0x39, 00, 0x07, 00, 0x09, 00, 00, 00, 0x41, 0x03, 00, 00,
  0x0f, 00, 00, 00, 0x3d, 0x03, 00, 00, 0x3f, 0x03, 00, 00,
  0x40, 0x03, 00, 00, 0x3e, 00, 0x03, 00, 0x3c, 0x03, 00, 00,
  0x41, 0x03, 00, 00, 0x3d, 00, 0x04, 00, 0x09, 00, 00, 00,
  0x43, 0x03, 00, 00, 0x3c, 0x03, 00, 00, 0x41, 00, 0x05, 00,
  0x0a, 00, 00, 00, 0x45, 0x03, 00, 00, 0x44, 0x03, 00, 00,
  0x43, 0x03, 00, 00, 0x3d, 00, 0x04, 00, 0x09, 00, 00, 00,
  0x46, 0x03, 00, 00, 0x45, 0x03, 00, 00, 0x3d, 00, 0x04, 00,
  0x09, 00, 00, 00, 0x47, 0x03, 00, 00, 0x20, 00, 00, 00,
  0xc3, 00, 0x05, 00, 0x09, 00, 00, 00, 0x48, 0x03, 00, 00,
  0x46, 0x03, 00, 00, 0x47, 0x03, 00, 00, 0xc7, 00, 0x05, 00,
  0x09, 00, 00, 00, 0x49, 0x03, 00, 00, 0x48, 0x03, 00, 00,
  0x3c, 00, 00, 00, 0x3e, 00, 0x03, 00, 0x42, 0x03, 00, 00,
  0x49, 0x03, 00, 00, 0x3d, 00, 0x04, 00, 0x09, 00, 00, 00,
  0x4b, 0x03, 00, 00, 0x42, 0x03, 00, 00, 0x84, 00, 0x05, 00,
  0x09, 00, 00, 00, 0x4c, 0x03, 00, 00, 0x4b, 0x03, 00, 00,
  0x0b, 0x02, 00, 00, 0x3e, 00, 0x03, 00, 0x4a, 0x03, 00, 00,
  0x4c, 0x03, 00, 00, 0x3d, 00, 0x04, 00, 0x09, 00, 00, 00,
  0x4e, 0x03, 00, 00, 0x4a, 0x03, 00, 00, 0x80, 00, 0x05, 00,
  0x09, 00, 00, 00, 0x4f, 0x03, 00, 00, 0x2c, 0x01, 00, 00,
  0x4e, 0x03, 00, 00, 0x3d, 00, 0x04, 00, 0x07, 00, 00, 00,
  0x52, 0x03, 00, 00, 0x1f, 00, 00, 00, 0x3e, 00, 0x03, 00,
  0x51, 0x03, 00, 00, 0x52, 0x03, 00, 00, 0x3e, 00, 0x03, 00,
  0x53, 0x03, 00, 00, 0x4f, 0x03, 00, 00, 0x3e, 00, 0x03, 00,
  0x54, 0x03, 00, 00, 0x50, 0x03, 00, 00, 0x39, 00, 0x07, 00,
  0x09, 00, 00, 00, 0x55, 0x03, 00, 00, 0x0f, 00, 00, 00,
  0x51, 0x03, 00, 00, 0x53, 0x03, 00, 00, 0x54, 0x03, 00, 00,
  0x3e, 00, 0x03, 00, 0x4d, 0x03, 00, 00, 0x55, 0x03, 00, 00,
  0x3d, 00, 0x04, 00, 0x09, 00, 00, 00, 0x58, 0x03, 00, 00,
  0x4a, 0x03, 00, 00, 0x80, 00, 0x05, 00, 0x09, 00, 00, 00,
  0x59, 0x03, 00, 00, 0x57, 0x03, 00, 00, 0x58, 0x03, 00, 00,
  0x3d, 00, 0x04, 00, 0x07, 00, 00, 00, 0x5b, 0x03, 00, 00,
  0x1f, 00, 00, 00, 0x3e, 00, 0x03, 00, 0x5a, 0x03, 00, 00,
  0x5b, 0x03, 00, 00, 0x3e, 00, 0x03, 00, 0x5c, 0x03, 00, 00,
  0x59, 0x03, 00, 00, 0x3e, 00, 0x03, 00, 0x5d, 0x03, 00, 00,
  0x50, 0x03, 00, 00, 0x39, 00, 0x07, 00, 0x09, 00, 00, 00,
  0x5e, 0x03, 00, 00, 0x0f, 00, 00, 00, 0x5a, 0x03, 00, 00,
  0x5c, 0x03, 00, 00, 0x5d, 0x03, 00, 00, 0x3e, 00, 0x03, 00,
  0x56, 0x03, 00, 00, 0x5e, 0x03, 00, 00, 0x3d, 00, 0x04, 00,
  0x09, 00, 00, 00, 0x60, 0x03, 00, 00, 0x4a, 0x03, 00, 00,
  0x80, 00, 0x05, 00, 0x09, 00, 00, 00, 0x61, 0x03, 00, 00,
  0x1c, 0x02, 00, 00, 0x60, 0x03, 00, 00, 0x3d, 00, 0x04, 00,
  0x07, 00, 00, 00, 0x63, 0x03, 00, 00, 0x1f, 00, 00, 00,
  0x3e, 00, 0x03, 00, 0x62, 0x03, 00, 00, 0x63, 0x03, 00, 00,
  0x3e, 00, 0x03, 00, 0x64, 0x03, 00, 00, 0x61, 0x03, 00, 00,
  0x3e, 00, 0x03, 00, 0x65, 0x03, 00, 00, 0x50, 0x03, 00, 00,
  0x39, 00, 0x07, 00, 0x09, 00, 00, 00, 0x66, 0x03, 00, 00,
  0x0f, 00, 00, 00, 0x62, 0x03, 00, 00, 0x64, 0x03, 00, 00,
  0x65, 0x03, 00, 00, 0x3e, 00, 0x03, 00, 0x5f, 0x03, 00, 00,
  0x66, 0x03, 00, 00, 0x3d, 00, 0x04, 00, 0x09, 00, 00, 00,
  0x69, 0x03, 00, 00, 0x4a, 0x03, 00, 00, 0x80, 00, 0x05, 00,
  0x09, 00, 00, 00, 0x6a, 0x03, 00, 00, 0x68, 0x03, 00, 00,
  0x69, 0x03, 00, 00, 0x3d, 00, 0x04, 00, 0x07, 00, 00, 00,
  0x6c, 0x03, 00, 00, 0x1f, 00, 00, 00, 0x3e, 00, 0x03, 00,
  0x6b, 0x03, 00, 00, 0x6c, 0x03, 00, 00, 0x3e, 00, 0x03, 00,
  0x6d, 0x03, 00, 00, 0x6a, 0x03, 00, 00, 0x3e, 00, 0x03, 00,
  0x6e, 0x03, 00, 00, 0x50, 0x03, 00, 00, 0x39, 00, 0x07, 00,
  0x09, 00, 00, 00, 0x6f, 0x03, 00, 00, 0x0f, 00, 00, 00,
  0x6b, 0x03, 00, 00, 0x6d, 0x03, 00, 00, 0x6e, 0x03, 00, 00,
  0x3e, 00, 0x03, 00, 0x67, 0x03, 00, 00, 0x6f, 0x03, 00, 00,
  0x3d, 00, 0x04, 00, 0x09, 00, 00, 00, 0x72, 0x03, 00, 00,
  0x4a, 0x03, 00, 00, 0x80, 00, 0x05, 00, 0x09, 00, 00, 00,
  0x73, 0x03, 00, 00, 0x71, 0x03, 00, 00, 0x72, 0x03, 00, 00,
  0x3d, 00, 0x04, 00, 0x07, 00, 00, 00, 0x75, 0x03, 00, 00,
  0x1f, 00, 00, 00, 0x3e, 00, 0x03, 00, 0x74, 0x03, 00, 00,
  0x75, 0x03, 00, 00, 0x3e, 00, 0x03, 00, 0x76, 0x03, 00, 00,
  0x73, 0x03, 00, 00, 0x3e, 00, 0x03, 00, 0x77, 0x03, 00, 00,
  0x50, 0x03, 00, 00, 0x39, 00, 0x07, 00, 0x09, 00, 00, 00,
  0x78, 0x03, 00, 00, 0x0f, 00, 00, 00, 0x74, 0x03, 00, 00,
  0x76, 0x03, 00, 00, 0x77, 0x03, 00, 00, 0x3e, 00, 0x03, 00,
  0x70, 0x03, 00, 00, 0x78, 0x03, 00, 00, 0x3d, 00, 0x04, 00,
  0x09, 00, 00, 00, 0x7b, 0x03, 00, 00, 0x4a, 0x03, 00, 00,
  0x80, 00, 0x05, 00, 0x09, 00, 00, 00, 0x7c, 0x03, 00, 00,
  0x7a, 0x03, 00, 00, 0x7b, 0x03, 00, 00, 0x3d, 00, 0x04, 00,
  0x07, 00, 00, 00, 0x7e, 0x03, 00, 00, 0x1f, 00, 00, 00,
  0x3e, 00, 0x03, 00, 0x7d, 0x03, 00, 00, 0x7e, 0x03, 00, 00,
  0x3e, 00, 0x03, 00, 0x7f, 0x03, 00, 00, 0x7c, 0x03, 00, 00,
  0x3e, 00, 0x03, 00, 0x80, 0x03, 00, 00, 0x50, 0x03, 00, 00,
  0x39, 00, 0x07, 00, 0x09, 00, 00, 00, 0x81, 0x03, 00, 00,
  0x0f, 00, 00, 00, 0x7d, 0x03, 00, 00, 0x7f, 0x03, 00, 00,
  0x80, 0x03, 00, 00, 0x3e, 00, 0x03, 00, 0x79, 0x03, 00, 00,
  0x81, 0x03, 00, 00, 0x3d, 00, 0x04, 00, 0x09, 00, 00, 00,
  0x84, 0x03, 00, 00, 0x42, 0x03, 00, 00, 0x84, 00, 0x05, 00,
  0x09, 00, 00, 00, 0x85, 0x03, 00, 00, 0x84, 0x03, 00, 00,
  0xcc, 00, 00, 00, 0x80, 00, 0x05, 00, 0x09, 00, 00, 00,
  0x86, 0x03, 00, 00, 0x83, 0x03, 00, 00, 0x85, 0x03, 00, 00,
  0x3d, 00, 0x04, 00, 0x07, 00, 00, 00, 0x88, 0x03, 00, 00,
  0x1f, 00, 00, 00, 0x3e, 00, 0x03, 00, 0x87, 0x03, 00, 00,
  0x88, 0x03, 00, 00, 0x3e, 00, 0x03, 00, 0x89, 0x03, 00, 00,
  0x86, 0x03, 00, 00, 0x3e, 00, 0x03, 00, 0x8a, 0x03, 00, 00,
  0x3c, 00, 00, 00, 0x39, 00, 0x07, 00, 0x09, 00, 00, 00,
  0x8b, 0x03, 00, 00, 0x0f, 00, 00, 00, 0x87, 0x03, 00, 00,
  0x89, 0x03, 00, 00, 0x8a, 0x03, 00, 00, 0x3e, 00, 0x03, 00,
  0x82, 0x03, 00, 00, 0x8b, 0x03, 00, 00, 0x3d, 00, 0x04, 00,
  0x09, 00, 00, 00, 0x8e, 0x03, 00, 00, 0x42, 0x03, 00, 00,
  0x84, 00, 0x05, 00, 0x09, 00, 00, 00, 0x8f, 0x03, 00, 00,
  0x8e, 0x03, 00, 00, 0xcc, 00, 00, 00, 0x80, 00, 0x05, 00,
  0x09, 00, 00, 00, 0x90, 0x03, 00, 00, 0x8d, 0x03, 00, 00,
  0x8f, 0x03, 00, 00, 0x3d, 00, 0x04, 00, 0x07, 00, 00, 00,
  0x92, 0x03, 00, 00, 0x1f, 00, 00, 00, 0x3e, 00, 0x03, 00,
  0x91, 0x03, 00, 00, 0x92, 0x03, 00, 00, 0x3e, 00, 0x03, 00,
  0x93, 0x03, 00, 00, 0x90, 0x03, 00, 00, 0x3e, 00, 0x03, 00,
  0x94, 0x03, 00, 00, 0x3c, 00, 00, 00, 0x39, 00, 0x07, 00,
  0x09, 00, 00, 00, 0x95, 0x03, 00, 00, 0x0f, 00, 00, 00,
  0x91, 0x03, 00, 00, 0x93, 0x03, 00, 00, 0x94, 0x03, 00, 00,
  0x3e, 00, 0x03, 00, 0x8c, 0x03, 00, 00, 0x95, 0x03, 00, 00,
  0x3d, 00, 0x04, 00, 0x09, 00, 00, 00, 0x97, 0x03, 00, 00,
  0x3c, 0x03, 00, 00, 0x41, 00, 0x05, 00, 0x0a, 00, 00, 00,
  0x99, 0x03, 00, 00, 0x98, 0x03, 00, 00, 0x97, 0x03, 00, 00,
  0x3d, 00, 0x04, 00, 0x09, 00, 00, 00, 0x9a, 0x03, 00, 00,
  0x99, 0x03, 00, 00, 0x3e, 00, 0x03, 00, 0x96, 0x03, 00, 00,
  0x9a, 0x03, 00, 00, 0x3d, 00, 0x04, 00, 0x09, 00, 00, 00,
  0x9d, 0x03, 00, 00, 0x20, 00, 00, 00, 0x84, 00, 0x05, 00,
  0x09, 00, 00, 00, 0x9e, 0x03, 00, 00, 0x9d, 0x03, 00, 00,
  0xcc, 00, 00, 00, 0x80, 00, 0x05, 00, 0x09, 00, 00, 00,
  0x9f, 0x03, 00, 00, 0x9c, 0x03, 00, 00, 0x9e, 0x03, 00, 00,
  0x3d, 00, 0x04, 00, 0x09, 00, 00, 00, 0xa0, 0x03, 00, 00,
  0x20, 00, 00, 00, 0x3d, 00, 0x04, 00, 0x09, 00, 00, 00,
  0xa1, 0x03, 00, 00, 0x96, 0x03, 00, 00, 0xad, 00, 0x05, 00,
  0x40, 00, 00, 00, 0xa2, 0x03, 00, 00, 0xa0, 0x03, 00, 00,
  0xa1, 0x03, 00, 00, 0xa9, 00, 0x06, 00, 0x09, 00, 00, 00,
  0xa3, 0x03, 00, 00, 0xa2, 0x03, 00, 00, 0x3c, 00, 00, 00,
  0x3f, 00, 00, 00, 0x82, 00, 0x05, 00, 0x09, 00, 00, 00,
  0xa4, 0x03, 00, 00, 0x9f, 0x03, 00, 00, 0xa3, 0x03, 00, 00,
  0x0c, 00, 0x07, 00, 0x09, 00, 00, 00, 0xa5, 0x03, 00, 00,
  0x01, 00, 00, 00, 0x2a, 00, 00, 00, 0xa4, 0x03, 00, 00,
  0xdf, 0x02, 00, 00, 0x3d, 00, 0x04, 00, 0x09, 00, 00, 00,
  0xa6, 0x03, 00, 00, 0x20, 00, 00, 00, 0x3d, 00, 0x04, 00,
  0x09, 00, 00, 00, 0xa7, 0x03, 00, 00, 0x96, 0x03, 00, 00,
  0xaa, 00, 0x05, 00, 0x40, 00, 00, 00, 0xa8, 0x03, 00, 00,
  0xa6, 0x03, 00, 00, 0xa7, 0x03, 00, 00, 0x3d, 00, 0x04, 00,
  0x09, 00, 00, 00, 0xa9, 0x03, 00, 00, 0x20, 00, 00, 00,
  0xaa, 00, 0x05, 00, 0x40, 00, 00, 00, 0xaa, 0x03, 00, 00,
  0xa9, 0x03, 00, 00, 0x3f, 00, 00, 00, 0xa6, 00, 0x05, 00,
  0x40, 00, 00, 00, 0xab, 0x03, 00, 00, 0xa8, 0x03, 00, 00,
  0xaa, 0x03, 00, 00, 0xa9, 00, 0x06, 00, 0x09, 00, 00, 00,
  0xac, 0x03, 00, 00, 0xab, 0x03, 00, 00, 0x3c, 00, 00, 00,
  0xcc, 00, 00, 00, 0x3d, 00, 0x04, 00, 0x07, 00, 00, 00,
  0xae, 0x03, 00, 00, 0x1f, 00, 00, 00, 0x3e, 00, 0x03, 00,
  0xad, 0x03, 00, 00, 0xae, 0x03, 00, 00, 0x3e, 00, 0x03, 00,
  0xaf, 0x03, 00, 00, 0xa5, 0x03, 00, 00, 0x3e, 00, 0x03, 00,
  0xb0, 0x03, 00, 00, 0xac, 0x03, 00, 00, 0x39, 00, 0x07, 00,
  0x09, 00, 00, 00, 0xb1, 0x03, 00, 00, 0x0f, 00, 00, 00,
  0xad, 0x03, 00, 00, 0xaf, 0x03, 00, 00, 0xb0, 0x03, 00, 00,
  0x3e, 00, 0x03, 00, 0x9b, 0x03, 00, 00, 0xb1, 0x03, 00, 00,
  0x3d, 00, 0x04, 00, 0x09, 00, 00, 00, 0xb3, 0x03, 00, 00,
  0x4d, 0x03, 00, 00, 0x3d, 00, 0x04, 00, 0x09, 00, 00, 00,
  0xb4, 0x03, 00, 00, 0x5f, 0x03, 00, 00, 0x3d, 00, 0x04, 00,
  0x09, 00, 00, 00, 0xb5, 0x03, 00, 00, 0x70, 0x03, 00, 00,
  0x50, 00, 0x06, 00, 0x6a, 0x01, 00, 00, 0xb6, 0x03, 00, 00,
  0xb3, 0x03, 00, 00, 0xb4, 0x03, 00, 00, 0xb5, 0x03, 00, 00,
  0x3e, 00, 0x03, 00, 0xb2, 0x03, 00, 00, 0xb6, 0x03, 00, 00,
  0x3d, 00, 0x04, 00, 0x09, 00, 00, 00, 0xb8, 0x03, 00, 00,
  0x56, 0x03, 00, 00, 0x3d, 00, 0x04, 00, 0x09, 00, 00, 00,
  0xb9, 0x03, 00, 00, 0x67, 0x03, 00, 00, 0x3d, 00, 0x04, 00,
  0x09, 00, 00, 00, 0xba, 0x03, 00, 00, 0x79, 0x03, 00, 00,
  0x50, 00, 0x06, 00, 0x6a, 0x01, 00, 00, 0xbb, 0x03, 00, 00,
  0xb8, 0x03, 00, 00, 0xb9, 0x03, 00, 00, 0xba, 0x03, 00, 00,
  0x3e, 00, 0x03, 00, 0xb7, 0x03, 00, 00, 0xbb, 0x03, 00, 00,
  0x3d, 00, 0x04, 00, 0x6a, 0x01, 00, 00, 0xbc, 0x03, 00, 00,
  0xb2, 0x03, 00, 00, 0x50, 00, 0x06, 00, 0x6a, 0x01, 00, 00,
  0xbd, 0x03, 00, 00, 0x3c, 00, 00, 00, 0x3c, 00, 00, 00,
  0x3c, 00, 00, 00, 0xc4, 00, 0x05, 00, 0x6a, 0x01, 00, 00,
  0xbe, 0x03, 00, 00, 0xbc, 0x03, 00, 00, 0xbd, 0x03, 00, 00,
  0x3d, 00, 0x04, 00, 0x09, 00, 00, 00, 0xbf, 0x03, 00, 00,
  0x82, 0x03, 00, 00, 0x50, 00, 0x06, 00, 0x6a, 0x01, 00, 00,
  0xc0, 0x03, 00, 00, 0xbf, 0x03, 00, 00, 0xbf, 0x03, 00, 00,
  0xbf, 0x03, 00, 00, 0xc5, 00, 0x05, 00, 0x6a, 0x01, 00, 00,
  0xc1, 0x03, 00, 00, 0xbe, 0x03, 00, 00, 0xc0, 0x03, 00, 00,
  0x3e, 00, 0x03, 00, 0xb2, 0x03, 00, 00, 0xc1, 0x03, 00, 00,
  0x3d, 00, 0x04, 00, 0x6a, 0x01, 00, 00, 0xc2, 0x03, 00, 00,
  0xb7, 0x03, 00, 00, 0x50, 00, 0x06, 00, 0x6a, 0x01, 00, 00,
  0xc3, 0x03, 00, 00, 0x3c, 00, 00, 00, 0x3c, 00, 00, 00,
  0x3c, 00, 00, 00, 0xc4, 00, 0x05, 00, 0x6a, 0x01, 00, 00,
  0xc4, 0x03, 00, 00, 0xc2, 0x03, 00, 00, 0xc3, 0x03, 00, 00,
  0x3d, 00, 0x04, 00, 0x09, 00, 00, 00, 0xc5, 0x03, 00, 00,
  0x8c, 0x03, 00, 00, 0x50, 00, 0x06, 00, 0x6a, 0x01, 00, 00,
  0xc6, 0x03, 00, 00, 0xc5, 0x03, 00, 00, 0xc5, 0x03, 00, 00,
  0xc5, 0x03, 00, 00, 0xc5, 00, 0x05, 00, 0x6a, 0x01, 00, 00,
  0xc7, 0x03, 00, 00, 0xc4, 0x03, 00, 00, 0xc6, 0x03, 00, 00,
  0x3e, 00, 0x03, 00, 0xb7, 0x03, 00, 00, 0xc7, 0x03, 00, 00,
  0x3d, 00, 0x04, 00, 0x09, 00, 00, 00, 0xc9, 0x03, 00, 00,
  0x9b, 0x03, 00, 00, 0x41, 00, 0x05, 00, 0x0a, 00, 00, 00,
  0xcb, 0x03, 00, 00, 0xca, 0x03, 00, 00, 0xc9, 0x03, 00, 00,
  0x3d, 00, 0x04, 00, 0x09, 00, 00, 00, 0xcc, 0x03, 00, 00,
  0xcb, 0x03, 00, 00, 0x3e, 00, 0x03, 00, 0xc8, 0x03, 00, 00,
  0xcc, 0x03, 00, 00, 0x3d, 00, 0x04, 00, 0x6a, 0x01, 00, 00,
  0xcd, 0x03, 00, 00, 0xb2, 0x03, 00, 00, 0x7c, 00, 0x04, 00,
  0x9c, 0x01, 00, 00, 0xce, 0x03, 00, 00, 0xcd, 0x03, 00, 00,
  0x51, 00, 0x05, 00, 0x06, 00, 00, 00, 0xcf, 0x03, 00, 00,
  0xce, 0x03, 00, 00, 00, 00, 00, 00, 0x51, 00, 0x05, 00,
  0x06, 00, 00, 00, 0xd0, 0x03, 00, 00, 0xce, 0x03, 00, 00,
  0x01, 00, 00, 00, 0x51, 00, 0x05, 00, 0x06, 00, 00, 00,
  0xd1, 0x03, 00, 00, 0xce, 0x03, 00, 00, 0x02, 00, 00, 00,
  0x50, 00, 0x07, 00, 0x07, 00, 00, 00, 0xd2, 0x03, 00, 00,
  0xcf, 0x03, 00, 00, 0xd0, 0x03, 00, 00, 0xd1, 0x03, 00, 00,
  0x9e, 0x01, 00, 00, 0x3d, 00, 0x04, 00, 0x6a, 0x01, 00, 00,
  0xd3, 0x03, 00, 00, 0xb7, 0x03, 00, 00, 0x7c, 00, 0x04, 00,
  0x9c, 0x01, 00, 00, 0xd4, 0x03, 00, 00, 0xd3, 0x03, 00, 00,
  0x51, 00, 0x05, 00, 0x06, 00, 00, 00, 0xd5, 0x03, 00, 00,
  0xd4, 0x03, 00, 00, 00, 00, 00, 00, 0x51, 00, 0x05, 00,
  0x06, 00, 00, 00, 0xd6, 0x03, 00, 00, 0xd4, 0x03, 00, 00,
  0x01, 00, 00, 00, 0x51, 00, 0x05, 00, 0x06, 00, 00, 00,
  0xd7, 0x03, 00, 00, 0xd4, 0x03, 00, 00, 0x02, 00, 00, 00,
  0x50, 00, 0x07, 00, 0x07, 00, 00, 00, 0xd8, 0x03, 00, 00,
  0xd5, 0x03, 00, 00, 0xd6, 0x03, 00, 00, 0xd7, 0x03, 00, 00,
  0x9e, 0x01, 00, 00, 0x3d, 00, 0x04, 00, 0x09, 00, 00, 00,
  0xd9, 0x03, 00, 00, 0xc8, 0x03, 00, 00, 0x7c, 00, 0x04, 00,
  0x06, 00, 00, 00, 0xda, 0x03, 00, 00, 0xd9, 0x03, 00, 00,
  0x3d, 00, 0x04, 00, 0x09, 00, 00, 00, 0xdb, 0x03, 00, 00,
  0xc8, 0x03, 00, 00, 0x7c, 00, 0x04, 00, 0x06, 00, 00, 00,
  0xdc, 0x03, 00, 00, 0xdb, 0x03, 00, 00, 0x50, 00, 0x08, 00,
  0x11, 00, 00, 00, 0xdd, 0x03, 00, 00, 0xd2, 0x03, 00, 00,
  0xd8, 0x03, 00, 00, 0xda, 0x03, 00, 00, 0xdc, 0x03, 00, 00,
  0x46, 0x01, 00, 00, 0xfe, 00, 0x02, 00, 0xdd, 0x03, 00, 00,
  0x38, 00, 0x01, 00, 0x36, 00, 0x05, 00, 0x11, 00, 00, 00,
  0x25, 00, 00, 00, 00, 00, 00, 00, 0x12, 00, 00, 00,
  0x37, 00, 0x03, 00, 0x08, 00, 00, 00, 0x23, 00, 00, 00,
  0x37, 00, 0x03, 00, 0x0a, 00, 00, 00, 0x24, 00, 00, 00,
  0xf8, 00, 0x02, 00, 0x26, 00, 00, 00, 0x3b, 00, 0x04, 00,
  0x0a, 00, 00, 00, 0xe0, 0x03, 00, 00, 0x07, 00, 00, 00,
  0x3b, 00, 0x04, 00, 0x08, 00, 00, 00, 0xe1, 0x03, 00, 00,
  0x07, 00, 00, 00, 0x3b, 00, 0x04, 00, 0x0a, 00, 00, 00,
  0xe3, 0x03, 00, 00, 0x07, 00, 00, 00, 0x3b, 00, 0x04, 00,
  0x0a, 00, 00, 00, 0xe4, 0x03, 00, 00, 0x07, 00, 00, 00,
  0x3b, 00, 0x04, 00, 0xe6, 0x03, 00, 00, 0xe7, 0x03, 00, 00,
  0x07, 00, 00, 00, 0x3b, 00, 0x04, 00, 0x0a, 00, 00, 00,
  0xed, 0x03, 00, 00, 0x07, 00, 00, 00, 0x3b, 00, 0x04, 00,
  0x08, 00, 00, 00, 0xee, 0x03, 00, 00, 0x07, 00, 00, 00,
  0x3b, 00, 0x04, 00, 0x0a, 00, 00, 00, 0xf0, 0x03, 00, 00,
  0x07, 00, 00, 00, 0x3b, 00, 0x04, 00, 0x0a, 00, 00, 00,
  0xf1, 0x03, 00, 00, 0x07, 00, 00, 00, 0x3b, 00, 0x04, 00,
  0x0a, 00, 00, 00, 0xf3, 0x03, 00, 00, 0x07, 00, 00, 00,
  0x3b, 00, 0x04, 00, 0x08, 00, 00, 00, 0xf4, 0x03, 00, 00,
  0x07, 00, 00, 00, 0x3b, 00, 0x04, 00, 0x0a, 00, 00, 00,
  0xf6, 0x03, 00, 00, 0x07, 00, 00, 00, 0x3b, 00, 0x04, 00,
  0x0a, 00, 00, 00, 0xf7, 0x03, 00, 00, 0x07, 00, 00, 00,
  0x3b, 00, 0x04, 00, 0x0a, 00, 00, 00, 0xf9, 0x03, 00, 00,
  0x07, 00, 00, 00, 0x3b, 00, 0x04, 00, 0x08, 00, 00, 00,
  0xfa, 0x03, 00, 00, 0x07, 00, 00, 00, 0x3b, 00, 0x04, 00,
  0x0a, 00, 00, 00, 0xfc, 0x03, 00, 00, 0x07, 00, 00, 00,
  0x3b, 00, 0x04, 00, 0x0a, 00, 00, 00, 0xfd, 0x03, 00, 00,
  0x07, 00, 00, 00, 0x3b, 00, 0x04, 00, 0x0a, 00, 00, 00,
  0xff, 0x03, 00, 00, 0x07, 00, 00, 00, 0x3b, 00, 0x04, 00,
  0x08, 00, 00, 00, 0x01, 0x04, 00, 00, 0x07, 00, 00, 00,
  0x3b, 00, 0x04, 00, 0x0a, 00, 00, 00, 0x03, 0x04, 00, 00,
  0x07, 00, 00, 00, 0x3b, 00, 0x04, 00, 0x0a, 00, 00, 00,
  0x04, 0x04, 00, 00, 0x07, 00, 00, 00, 0x3b, 00, 0x04, 00,
  0x0a, 00, 00, 00, 0x06, 0x04, 00, 00, 0x07, 00, 00, 00,
  0x3b, 00, 0x04, 00, 0x08, 00, 00, 00, 0x08, 0x04, 00, 00,
  0x07, 00, 00, 00, 0x3b, 00, 0x04, 00, 0x0a, 00, 00, 00,
  0x0a, 0x04, 00, 00, 0x07, 00, 00, 00, 0x3b, 00, 0x04, 00,
  0x0a, 00, 00, 00, 0x0b, 0x04, 00, 00, 0x07, 00, 00, 00,
  0x3b, 00, 0x04, 00, 0x0a, 00, 00, 00, 0x0d, 0x04, 00, 00,
  0x07, 00, 00, 00, 0x3b, 00, 0x04, 00, 0x08, 00, 00, 00,
  0x0e, 0x04, 00, 00, 0x07, 00, 00, 00, 0x3b, 00, 0x04, 00,
  0x0a, 00, 00, 00, 0x10, 0x04, 00, 00, 0x07, 00, 00, 00,
  0x3b, 00, 0x04, 00, 0x0a, 00, 00, 00, 0x11, 0x04, 00, 00,
  0x07, 00, 00, 00, 0x3b, 00, 0x04, 00, 0x0a, 00, 00, 00,
  0x13, 0x04, 00, 00, 0x07, 00, 00, 00, 0x3b, 00, 0x04, 00,
  0x08, 00, 00, 00, 0x14, 0x04, 00, 00, 0x07, 00, 00, 00,
  0x3b, 00, 0x04, 00, 0x0a, 00, 00, 00, 0x16, 0x04, 00, 00,
  0x07, 00, 00, 00, 0x3b, 00, 0x04, 00, 0x0a, 00, 00, 00,
  0x17, 0x04, 00, 00, 0x07, 00, 00, 00, 0x3b, 00, 0x04, 00,
  0x0a, 00, 00, 00, 0x19, 0x04, 00, 00, 0x07, 00, 00, 00,
  0x3b, 00, 0x04, 00, 0x08, 00, 00, 00, 0x1a, 0x04, 00, 00,
  0x07, 00, 00, 00, 0x3b, 00, 0x04, 00, 0x0a, 00, 00, 00,
  0x1c, 0x04, 00, 00, 0x07, 00, 00, 00, 0x3b, 00, 0x04, 00,
  0x0a, 00, 00, 00, 0x1d, 0x04, 00, 00, 0x07, 00, 00, 00,
  0x3b, 00, 0x04, 00, 0x0a, 00, 00, 00, 0x1f, 0x04, 00, 00,
  0x07, 00, 00, 00, 0x3b, 00, 0x04, 00, 0x08, 00, 00, 00,
  0x29, 0x04, 00, 00, 0x07, 00, 00, 00, 0x3b, 00, 0x04, 00,
  0x0a, 00, 00, 00, 0x2b, 0x04, 00, 00, 0x07, 00, 00, 00,
  0x3b, 00, 0x04, 00, 0x0a, 00, 00, 00, 0x2c, 0x04, 00, 00,
  0x07, 00, 00, 00, 0x3b, 00, 0x04, 00, 0x0a, 00, 00, 00,
  0x2e, 0x04, 00, 00, 0x07, 00, 00, 00, 0x3b, 00, 0x04, 00,
  0x08, 00, 00, 00, 0x36, 0x04, 00, 00, 0x07, 00, 00, 00,
  0x3b, 00, 0x04, 00, 0x0a, 00, 00, 00, 0x38, 0x04, 00, 00,
  0x07, 00, 00, 00, 0x3b, 00, 0x04, 00, 0x0a, 00, 00, 00,
  0x39, 0x04, 00, 00, 0x07, 00, 00, 00, 0x3b, 00, 0x04, 00,
  0x0a, 00, 00, 00, 0x3b, 0x04, 00, 00, 0x07, 00, 00, 00,
  0x3b, 00, 0x05, 00, 0x25, 0x03, 00, 00, 0x3d, 0x04, 00, 00,
  0x07, 00, 00, 00, 0x23, 0x03, 00, 00, 0x3b, 00, 0x04, 00,
  0x0a, 00, 00, 00, 0x40, 0x04, 00, 00, 0x07, 00, 00, 00,
  0x3b, 00, 0x05, 00, 0x97, 0x01, 00, 00, 0x42, 0x04, 00, 00,
  0x07, 00, 00, 00, 0x95, 0x01, 00, 00, 0x3b, 00, 0x04, 00,
  0x0a, 00, 00, 00, 0x48, 0x04, 00, 00, 0x07, 00, 00, 00,
  0x3b, 00, 0x04, 00, 0x6b, 0x01, 00, 00, 0x4c, 0x04, 00, 00,
  0x07, 00, 00, 00, 0x3b, 00, 0x04, 00, 0x6b, 0x01, 00, 00,
  0x51, 0x04, 00, 00, 0x07, 00, 00, 00, 0x3d, 00, 0x04, 00,
  0x07, 00, 00, 00, 0xe2, 0x03, 00, 00, 0x23, 00, 00, 00,
  0x3e, 00, 0x03, 00, 0xe1, 0x03, 00, 00, 0xe2, 0x03, 00, 00,
  0x3e, 00, 0x03, 00, 0xe3, 0x03, 00, 00, 0x47, 00, 00, 00,
  0x3e, 00, 0x03, 00, 0xe4, 0x03, 00, 00, 0xcc, 00, 00, 00,
  0x39, 00, 0x07, 00, 0x09, 00, 00, 00, 0xe5, 0x03, 00, 00,
  0x0f, 00, 00, 00, 0xe1, 0x03, 00, 00, 0xe3, 0x03, 00, 00,
  0xe4, 0x03, 00, 00, 0x3e, 00, 0x03, 00, 0xe0, 0x03, 00, 00,
  0xe5, 0x03, 00, 00, 0x41, 00, 0x05, 00, 0x50, 00, 00, 00,
  0xe8, 0x03, 00, 00, 0x23, 00, 00, 00, 0x46, 0x01, 00, 00,
  0x3d, 00, 0x04, 00, 0x06, 00, 00, 00, 0xe9, 0x03, 00, 00,
  0xe8, 0x03, 00, 00, 0xc7, 00, 0x05, 00, 0x06, 00, 00, 00,
  0xeb, 0x03, 00, 00, 0xe9, 0x03, 00, 00, 0xea, 0x03, 00, 00,
  0xab, 00, 0x05, 00, 0x40, 00, 00, 00, 0xec, 0x03, 00, 00,
  0xeb, 0x03, 00, 00, 0x46, 0x01, 00, 00, 0x3e, 00, 0x03, 00,
  0xe7, 0x03, 00, 00, 0xec, 0x03, 00, 00, 0x3d, 00, 0x04, 00,
  0x07, 00, 00, 00, 0xef, 0x03, 00, 00, 0x23, 00, 00, 00,
  0x3e, 00, 0x03, 00, 0xee, 0x03, 00, 00, 0xef, 0x03, 00, 00,
  0x3e, 00, 0x03, 00, 0xf0, 0x03, 00, 00, 0xd4, 00, 00, 00,
  0x3e, 00, 0x03, 00, 0xf1, 0x03, 00, 00, 0x47, 00, 00, 00,
  0x39, 00, 0x07, 00, 0x09, 00, 00, 00, 0xf2, 0x03, 00, 00,
  0x0f, 00, 00, 00, 0xee, 0x03, 00, 00, 0xf0, 0x03, 00, 00,
  0xf1, 0x03, 00, 00, 0x3e, 00, 0x03, 00, 0xed, 0x03, 00, 00,
  0xf2, 0x03, 00, 00, 0x3d, 00, 0x04, 00, 0x07, 00, 00, 00,
  0xf5, 0x03, 00, 00, 0x23, 00, 00, 00, 0x3e, 00, 0x03, 00,
  0xf4, 0x03, 00, 00, 0xf5, 0x03, 00, 00, 0x3e, 00, 0x03, 00,
  0xf6, 0x03, 00, 00, 0x36, 0x01, 00, 00, 0x3e, 00, 0x03, 00,
  0xf7, 0x03, 00, 00, 0x47, 00, 00, 00, 0x39, 00, 0x07, 00,
  0x09, 00, 00, 00, 0xf8, 0x03, 00, 00, 0x0f, 00, 00, 00,
  0xf4, 0x03, 00, 00, 0xf6, 0x03, 00, 00, 0xf7, 0x03, 00, 00,
  0x3e, 00, 0x03, 00, 0xf3, 0x03, 00, 00, 0xf8, 0x03, 00, 00,
  0x3d, 00, 0x04, 00, 0x07, 00, 00, 00, 0xfb, 0x03, 00, 00,
  0x23, 00, 00, 00, 0x3e, 00, 0x03, 00, 0xfa, 0x03, 00, 00,
  0xfb, 0x03, 00, 00, 0x3e, 00, 0x03, 00, 0xfc, 0x03, 00, 00,
  0x8f, 0x01, 00, 00, 0x3e, 00, 0x03, 00, 0xfd, 0x03, 00, 00,
  0x47, 00, 00, 00, 0x39, 00, 0x07, 00, 0x09, 00, 00, 00,
  0xfe, 0x03, 00, 00, 0x0f, 00, 00, 00, 0xfa, 0x03, 00, 00,
  0xfc, 0x03, 00, 00, 0xfd, 0x03, 00, 00, 0x3e, 00, 0x03, 00,
  0xf9, 0x03, 00, 00, 0xfe, 0x03, 00, 00, 0x3d, 00, 0x04, 00,
  0x07, 00, 00, 00, 0x02, 0x04, 00, 00, 0x23, 00, 00, 00,
  0x3e, 00, 0x03, 00, 0x01, 0x04, 00, 00, 0x02, 0x04, 00, 00,
  0x3e, 00, 0x03, 00, 0x03, 0x04, 00, 00, 00, 0x04, 00, 00,
  0x3e, 00, 0x03, 00, 0x04, 0x04, 00, 00, 0x47, 00, 00, 00,
  0x39, 00, 0x07, 00, 0x09, 00, 00, 00, 0x05, 0x04, 00, 00,
  0x0f, 00, 00, 00, 0x01, 0x04, 00, 00, 0x03, 0x04, 00, 00,
  0x04, 0x04, 00, 00, 0x3e, 00, 0x03, 00, 0xff, 0x03, 00, 00,
  0x05, 0x04, 00, 00, 0x3d, 00, 0x04, 00, 0x07, 00, 00, 00,
  0x09, 0x04, 00, 00, 0x23, 00, 00, 00, 0x3e, 00, 0x03, 00,
  0x08, 0x04, 00, 00, 0x09, 0x04, 00, 00, 0x3e, 00, 0x03, 00,
  0x0a, 0x04, 00, 00, 0x07, 0x04, 00, 00, 0x3e, 00, 0x03, 00,
  0x0b, 0x04, 00, 00, 0x47, 00, 00, 00, 0x39, 00, 0x07, 00,
  0x09, 00, 00, 00, 0x0c, 0x04, 00, 00, 0x0f, 00, 00, 00,
  0x08, 0x04, 00, 00, 0x0a, 0x04, 00, 00, 0x0b, 0x04, 00, 00,
  0x3e, 00, 0x03, 00, 0x06, 0x04, 00, 00, 0x0c, 0x04, 00, 00,
  0x3d, 00, 0x04, 00, 0x07, 00, 00, 00, 0x0f, 0x04, 00, 00,
  0x23, 00, 00, 00, 0x3e, 00, 0x03, 00, 0x0e, 0x04, 00, 00,
  0x0f, 0x04, 00, 00, 0x3e, 00, 0x03, 00, 0x10, 0x04, 00, 00,
  0xf1, 00, 00, 00, 0x3e, 00, 0x03, 00, 0x11, 0x04, 00, 00,
  0x47, 00, 00, 00, 0x39, 00, 0x07, 00, 0x09, 00, 00, 00,
  0x12, 0x04, 00, 00, 0x0f, 00, 00, 00, 0x0e, 0x04, 00, 00,
  0x10, 0x04, 00, 00, 0x11, 0x04, 00, 00, 0x3e, 00, 0x03, 00,
  0x0d, 0x04, 00, 00, 0x12, 0x04, 00, 00, 0x3d, 00, 0x04, 00,
  0x07, 00, 00, 00, 0x15, 0x04, 00, 00, 0x23, 00, 00, 00,
  0x3e, 00, 0x03, 00, 0x14, 0x04, 00, 00, 0x15, 0x04, 00, 00,
  0x3e, 00, 0x03, 00, 0x16, 0x04, 00, 00, 0x1c, 0x02, 00, 00,
  0x3e, 00, 0x03, 00, 0x17, 0x04, 00, 00, 0x29, 0x01, 00, 00,
  0x39, 00, 0x07, 00, 0x09, 00, 00, 00, 0x18, 0x04, 00, 00,
  0x0f, 00, 00, 00, 0x14, 0x04, 00, 00, 0x16, 0x04, 00, 00,
  0x17, 0x04, 00, 00, 0x3e, 00, 0x03, 00, 0x13, 0x04, 00, 00,
  0x18, 0x04, 00, 00, 0x3d, 00, 0x04, 00, 0x07, 00, 00, 00,
  0x1b, 0x04, 00, 00, 0x23, 00, 00, 00, 0x3e, 00, 0x03, 00,
  0x1a, 0x04, 00, 00, 0x1b, 0x04, 00, 00, 0x3e, 00, 0x03, 00,
  0x1c, 0x04, 00, 00, 0xbf, 0x02, 00, 00, 0x3e, 00, 0x03, 00,
  0x1d, 0x04, 00, 00, 0x29, 0x01, 00, 00, 0x39, 00, 0x07, 00,
  0x09, 00, 00, 00, 0x1e, 0x04, 00, 00, 0x0f, 00, 00, 00,
  0x1a, 0x04, 00, 00, 0x1c, 0x04, 00, 00, 0x1d, 0x04, 00, 00,
  0x3e, 00, 0x03, 00, 0x19, 0x04, 00, 00, 0x1e, 0x04, 00, 00,
  0x3d, 00, 0x04, 00, 0x09, 00, 00, 00, 0x21, 0x04, 00, 00,
  0x24, 00, 00, 00, 0x84, 00, 0x05, 00, 0x09, 00, 00, 00,
  0x22, 0x04, 00, 00, 0x21, 0x04, 00, 00, 0xcc, 00, 00, 00,
  0x80, 00, 0x05, 00, 0x09, 00, 00, 00, 0x23, 0x04, 00, 00,
  0x20, 0x04, 00, 00, 0x22, 0x04, 00, 00, 0x0c, 00, 0x07, 00,
  0x09, 00, 00, 00, 0x25, 0x04, 00, 00, 0x01, 00, 00, 00,
  0x2a, 00, 00, 00, 0x23, 0x04, 00, 00, 0x24, 0x04, 00, 00,
  0x3d, 00, 0x04, 00, 0x09, 00, 00, 00, 0x26, 0x04, 00, 00,
  0x24, 00, 00, 00, 0xaa, 00, 0x05, 00, 0x40, 00, 00, 00,
  0x27, 0x04, 00, 00, 0x26, 0x04, 00, 00, 0x3f, 00, 00, 00,
  0xa9, 00, 0x06, 00, 0x09, 00, 00, 00, 0x28, 0x04, 00, 00,
  0x27, 0x04, 00, 00, 0x3c, 00, 00, 00, 0xcc, 00, 00, 00,
  0x3d, 00, 0x04, 00, 0x07, 00, 00, 00, 0x2a, 0x04, 00, 00,
  0x23, 00, 00, 00, 0x3e, 00, 0x03, 00, 0x29, 0x04, 00, 00,
  0x2a, 0x04, 00, 00, 0x3e, 00, 0x03, 00, 0x2b, 0x04, 00, 00,
  0x25, 0x04, 00, 00, 0x3e, 00, 0x03, 00, 0x2c, 0x04, 00, 00,
  0x28, 0x04, 00, 00, 0x39, 00, 0x07, 00, 0x09, 00, 00, 00,
  0x2d, 0x04, 00, 00, 0x0f, 00, 00, 00, 0x29, 0x04, 00, 00,
  0x2b, 0x04, 00, 00, 0x2c, 0x04, 00, 00, 0x3e, 00, 0x03, 00,
  0x1f, 0x04, 00, 00, 0x2d, 0x04, 00, 00, 0x3d, 00, 0x04, 00,
  0x09, 00, 00, 00, 0x2f, 0x04, 00, 00, 0x24, 00, 00, 00,
  0x84, 00, 0x05, 00, 0x09, 00, 00, 00, 0x30, 0x04, 00, 00,
  0x2f, 0x04, 00, 00, 0xd0, 00, 00, 00, 0x80, 00, 0x05, 00,
  0x09, 00, 00, 00, 0x31, 0x04, 00, 00, 0x37, 0x02, 00, 00,
  0x30, 0x04, 00, 00, 0x0c, 00, 0x07, 00, 0x09, 00, 00, 00,
  0x32, 0x04, 00, 00, 0x01, 00, 00, 00, 0x2a, 00, 00, 00,
  0x31, 0x04, 00, 00, 0x47, 0x02, 00, 00, 0x3d, 00, 0x04, 00,
  0x09, 00, 00, 00, 0x33, 0x04, 00, 00, 0x24, 00, 00, 00,
  0xaa, 00, 0x05, 00, 0x40, 00, 00, 00, 0x34, 0x04, 00, 00,
  0x33, 0x04, 00, 00, 0x3f, 00, 00, 00, 0xa9, 00, 0x06, 00,
  0x09, 00, 00, 00, 0x35, 0x04, 00, 00, 0x34, 0x04, 00, 00,
  0xcc, 00, 00, 00, 0xd0, 00, 00, 00, 0x3d, 00, 0x04, 00,
  0x07, 00, 00, 00, 0x37, 0x04, 00, 00, 0x23, 00, 00, 00,
  0x3e, 00, 0x03, 00, 0x36, 0x04, 00, 00, 0x37, 0x04, 00, 00,
  0x3e, 00, 0x03, 00, 0x38, 0x04, 00, 00, 0x32, 0x04, 00, 00,
  0x3e, 00, 0x03, 00, 0x39, 0x04, 00, 00, 0x35, 0x04, 00, 00,
  0x39, 00, 0x07, 00, 0x09, 00, 00, 00, 0x3a, 0x04, 00, 00,
  0x0f, 00, 00, 00, 0x36, 0x04, 00, 00, 0x38, 0x04, 00, 00,
  0x39, 0x04, 00, 00, 0x3e, 00, 0x03, 00, 0x2e, 0x04, 00, 00,
  0x3a, 0x04, 00, 00, 0x3d, 00, 0x04, 00, 0x09, 00, 00, 00,
  0x3c, 0x04, 00, 00, 0x1f, 0x04, 00, 00, 0x41, 00, 0x05, 00,
  0x0a, 00, 00, 00, 0x3e, 0x04, 00, 00, 0x3d, 0x04, 00, 00,
  0x3c, 0x04, 00, 00, 0x3d, 00, 0x04, 00, 0x09, 00, 00, 00,
  0x3f, 0x04, 00, 00, 0x3e, 0x04, 00, 00, 0x3e, 00, 0x03, 00,
  0x3b, 0x04, 00, 00, 0x3f, 0x04, 00, 00, 0x3d, 00, 0x04, 00,
  0x09, 00, 00, 00, 0x41, 0x04, 00, 00, 0x2e, 0x04, 00, 00,
  0x41, 00, 0x05, 00, 0x0a, 00, 00, 00, 0x43, 0x04, 00, 00,
  0x42, 0x04, 00, 00, 0x41, 0x04, 00, 00, 0x3d, 00, 0x04, 00,
  0x09, 00, 00, 00, 0x44, 0x04, 00, 00, 0x43, 0x04, 00, 00,
  0x3e, 00, 0x03, 00, 0x40, 0x04, 00, 00, 0x44, 0x04, 00, 00,
  0x3d, 00, 0x04, 00, 0x40, 00, 00, 00, 0x45, 0x04, 00, 00,
  0xe7, 0x03, 00, 00, 0xf7, 00, 0x03, 00, 0x47, 0x04, 00, 00,
  00, 00, 00, 00, 0xfa, 00, 0x04, 00, 0x45, 0x04, 00, 00,
  0x46, 0x04, 00, 00, 0x47, 0x04, 00, 00, 0xf8, 00, 0x02, 00,
  0x46, 0x04, 00, 00, 0x3d, 00, 0x04, 00, 0x09, 00, 00, 00,
  0x49, 0x04, 00, 00, 0x3b, 0x04, 00, 00, 0x3e, 00, 0x03, 00,
  0x48, 0x04, 00, 00, 0x49, 0x04, 00, 00, 0x3d, 00, 0x04, 00,
  0x09, 00, 00, 00, 0x4a, 0x04, 00, 00, 0x40, 0x04, 00, 00,
  0x3e, 00, 0x03, 00, 0x3b, 0x04, 00, 00, 0x4a, 0x04, 00, 00,
  0x3d, 00, 0x04, 00, 0x09, 00, 00, 00, 0x4b, 0x04, 00, 00,
  0x48, 0x04, 00, 00, 0x3e, 00, 0x03, 00, 0x40, 0x04, 00, 00,
  0x4b, 0x04, 00, 00, 0xf9, 00, 0x02, 00, 0x47, 0x04, 00, 00,
  0xf8, 00, 0x02, 00, 0x47, 0x04, 00, 00, 0x3d, 00, 0x04, 00,
  0x09, 00, 00, 00, 0x4d, 0x04, 00, 00, 0xed, 0x03, 00, 00,
  0x3d, 00, 0x04, 00, 0x09, 00, 00, 00, 0x4e, 0x04, 00, 00,
  0xf9, 0x03, 00, 00, 0x3d, 00, 0x04, 00, 0x09, 00, 00, 00,
  0x4f, 0x04, 00, 00, 0x06, 0x04, 00, 00, 0x50, 00, 0x06, 00,
  0x6a, 0x01, 00, 00, 0x50, 0x04, 00, 00, 0x4d, 0x04, 00, 00,
  0x4e, 0x04, 00, 00, 0x4f, 0x04, 00, 00, 0x3e, 00, 0x03, 00,
  0x4c, 0x04, 00, 00, 0x50, 0x04, 00, 00, 0x3d, 00, 0x04, 00,
  0x09, 00, 00, 00, 0x52, 0x04, 00, 00, 0xf3, 0x03, 00, 00,
  0x3d, 00, 0x04, 00, 0x09, 00, 00, 00, 0x53, 0x04, 00, 00,
  0xff, 0x03, 00, 00, 0x3d, 00, 0x04, 00, 0x09, 00, 00, 00,
  0x54, 0x04, 00, 00, 0x0d, 0x04, 00, 00, 0x50, 00, 0x06, 00,
  0x6a, 0x01, 00, 00, 0x55, 0x04, 00, 00, 0x52, 0x04, 00, 00,
  0x53, 0x04, 00, 00, 0x54, 0x04, 00, 00, 0x3e, 00, 0x03, 00,
  0x51, 0x04, 00, 00, 0x55, 0x04, 00, 00, 0x3d, 00, 0x04, 00,
  0x6a, 0x01, 00, 00, 0x56, 0x04, 00, 00, 0x4c, 0x04, 00, 00,
  0x50, 00, 0x06, 00, 0x6a, 0x01, 00, 00, 0x57, 0x04, 00, 00,
  0xd0, 00, 00, 00, 0xd0, 00, 00, 00, 0xd0, 00, 00, 00,
  0xc4, 00, 0x05, 00, 0x6a, 0x01, 00, 00, 0x58, 0x04, 00, 00,
  0x56, 0x04, 00, 00, 0x57, 0x04, 00, 00, 0x3d, 00, 0x04, 00,
  0x6a, 0x01, 00, 00, 0x59, 0x04, 00, 00, 0x4c, 0x04, 00, 00,
  0x50, 00, 0x06, 00, 0x6a, 0x01, 00, 00, 0x5a, 0x04, 00, 00,
  0xcc, 00, 00, 00, 0xcc, 00, 00, 00, 0xcc, 00, 00, 00,
  0xc3, 00, 0x05, 00, 0x6a, 0x01, 00, 00, 0x5b, 0x04, 00, 00,
  0x59, 0x04, 00, 00, 0x5a, 0x04, 00, 00, 0xc5, 00, 0x05, 00,
  0x6a, 0x01, 00, 00, 0x5c, 0x04, 00, 00, 0x58, 0x04, 00, 00,
  0x5b, 0x04, 00, 00, 0x3e, 00, 0x03, 00, 0x4c, 0x04, 00, 00,
  0x5c, 0x04, 00, 00, 0x3d, 00, 0x04, 00, 0x6a, 0x01, 00, 00,
  0x5d, 0x04, 00, 00, 0x51, 0x04, 00, 00, 0x50, 00, 0x06, 00,
  0x6a, 0x01, 00, 00, 0x5e, 0x04, 00, 00, 0xd0, 00, 00, 00,
  0xd0, 00, 00, 00, 0xd0, 00, 00, 00, 0xc4, 00, 0x05, 00,
  0x6a, 0x01, 00, 00, 0x5f, 0x04, 00, 00, 0x5d, 0x04, 00, 00,
  0x5e, 0x04, 00, 00, 0x3d, 00, 0x04, 00, 0x6a, 0x01, 00, 00,
  0x60, 0x04, 00, 00, 0x51, 0x04, 00, 00, 0x50, 00, 0x06, 00,
  0x6a, 0x01, 00, 00, 0x61, 0x04, 00, 00, 0xcc, 00, 00, 00,
  0xcc, 00, 00, 00, 0xcc, 00, 00, 00, 0xc3, 00, 0x05, 00,
  0x6a, 0x01, 00, 00, 0x62, 0x04, 00, 00, 0x60, 0x04, 00, 00,
  0x61, 0x04, 00, 00, 0xc5, 00, 0x05, 00, 0x6a, 0x01, 00, 00,
  0x63, 0x04, 00, 00, 0x5f, 0x04, 00, 00, 0x62, 0x04, 00, 00,
  0x3e, 00, 0x03, 00, 0x51, 0x04, 00, 00, 0x63, 0x04, 00, 00,
  0x3d, 00, 0x04, 00, 0x09, 00, 00, 00, 0x64, 0x04, 00, 00,
  0x13, 0x04, 00, 00, 0xc4, 00, 0x05, 00, 0x09, 00, 00, 00,
  0x65, 0x04, 00, 00, 0x64, 0x04, 00, 00, 0xcc, 00, 00, 00,
  0x3d, 00, 0x04, 00, 0x09, 00, 00, 00, 0x66, 0x04, 00, 00,
  0x13, 0x04, 00, 00, 0xc3, 00, 0x05, 00, 0x09, 00, 00, 00,
  0x67, 0x04, 00, 00, 0x66, 0x04, 00, 00, 0x7d, 00, 00, 00,
  0xc5, 00, 0x05, 00, 0x09, 00, 00, 00, 0x68, 0x04, 00, 00,
  0x65, 0x04, 00, 00, 0x67, 0x04, 00, 00, 0x3e, 00, 0x03, 00,
  0x13, 0x04, 00, 00, 0x68, 0x04, 00, 00, 0x3d, 00, 0x04, 00,
  0x09, 00, 00, 00, 0x69, 0x04, 00, 00, 0x19, 0x04, 00, 00,
  0xc4, 00, 0x05, 00, 0x09, 00, 00, 00, 0x6a, 0x04, 00, 00,
  0x69, 0x04, 00, 00, 0xcc, 00, 00, 00, 0x3d, 00, 0x04, 00,
  0x09, 00, 00, 00, 0x6b, 0x04, 00, 00, 0x19, 0x04, 00, 00,
  0xc3, 00, 0x05, 00, 0x09, 00, 00, 00, 0x6c, 0x04, 00, 00,
  0x6b, 0x04, 00, 00, 0x7d, 00, 00, 00, 0xc5, 00, 0x05, 00,
  0x09, 00, 00, 00, 0x6d, 0x04, 00, 00, 0x6a, 0x04, 00, 00,
  0x6c, 0x04, 00, 00, 0x3e, 00, 0x03, 00, 0x19, 0x04, 00, 00,
  0x6d, 0x04, 00, 00, 0x3d, 00, 0x04, 00, 0x6a, 0x01, 00, 00,
  0x6e, 0x04, 00, 00, 0x4c, 0x04, 00, 00, 0x7c, 00, 0x04, 00,
  0x9c, 0x01, 00, 00, 0x6f, 0x04, 00, 00, 0x6e, 0x04, 00, 00,
  0x3d, 00, 0x04, 00, 0x09, 00, 00, 00, 0x70, 0x04, 00, 00,
  0x13, 0x04, 00, 00, 0x7c, 00, 0x04, 00, 0x06, 00, 00, 00,
  0x71, 0x04, 00, 00, 0x70, 0x04, 00, 00, 0x51, 00, 0x05, 00,
  0x06, 00, 00, 00, 0x72, 0x04, 00, 00, 0x6f, 0x04, 00, 00,
  00, 00, 00, 00, 0x51, 00, 0x05, 00, 0x06, 00, 00, 00,
  0x73, 0x04, 00, 00, 0x6f, 0x04, 00, 00, 0x01, 00, 00, 00,
  0x51, 00, 0x05, 00, 0x06, 00, 00, 00, 0x74, 0x04, 00, 00,
  0x6f, 0x04, 00, 00, 0x02, 00, 00, 00, 0x50, 00, 0x07, 00,
  0x07, 00, 00, 00, 0x75, 0x04, 00, 00, 0x72, 0x04, 00, 00,
  0x73, 0x04, 00, 00, 0x74, 0x04, 00, 00, 0x71, 0x04, 00, 00,
  0x3d, 00, 0x04, 00, 0x6a, 0x01, 00, 00, 0x76, 0x04, 00, 00,
  0x51, 0x04, 00, 00, 0x7c, 00, 0x04, 00, 0x9c, 0x01, 00, 00,
  0x77, 0x04, 00, 00, 0x76, 0x04, 00, 00, 0x3d, 00, 0x04, 00,
  0x09, 00, 00, 00, 0x78, 0x04, 00, 00, 0x19, 0x04, 00, 00,
  0x7c, 00, 0x04, 00, 0x06, 00, 00, 00, 0x79, 0x04, 00, 00,
  0x78, 0x04, 00, 00, 0x51, 00, 0x05, 00, 0x06, 00, 00, 00,
  0x7a, 0x04, 00, 00, 0x77, 0x04, 00, 00, 00, 00, 00, 00,
  0x51, 00, 0x05, 00, 0x06, 00, 00, 00, 0x7b, 0x04, 00, 00,
  0x77, 0x04, 00, 00, 0x01, 00, 00, 00, 0x51, 00, 0x05, 00,
  0x06, 00, 00, 00, 0x7c, 0x04, 00, 00, 0x77, 0x04, 00, 00,
  0x02, 00, 00, 00, 0x50, 00, 0x07, 00, 0x07, 00, 00, 00,
  0x7d, 0x04, 00, 00, 0x7a, 0x04, 00, 00, 0x7b, 0x04, 00, 00,
  0x7c, 0x04, 00, 00, 0x79, 0x04, 00, 00, 0x3d, 00, 0x04, 00,
  0x09, 00, 00, 00, 0x7e, 0x04, 00, 00, 0x3b, 0x04, 00, 00,
  0x7c, 00, 0x04, 00, 0x06, 00, 00, 00, 0x7f, 0x04, 00, 00,
  0x7e, 0x04, 00, 00, 0x3d, 00, 0x04, 00, 0x09, 00, 00, 00,
  0x80, 0x04, 00, 00, 0x40, 0x04, 00, 00, 0x7c, 00, 0x04, 00,
  0x06, 00, 00, 00, 0x81, 0x04, 00, 00, 0x80, 0x04, 00, 00,
  0x3d, 00, 0x04, 00, 0x09, 00, 00, 00, 0x82, 0x04, 00, 00,
  0xe0, 0x03, 00, 00, 0x7c, 00, 0x04, 00, 0x06, 00, 00, 00,
  0x83, 0x04, 00, 00, 0x82, 0x04, 00, 00, 0x50, 00, 0x08, 00,
  0x11, 00, 00, 00, 0x84, 0x04, 00, 00, 0x75, 0x04, 00, 00,
  0x7d, 0x04, 00, 00, 0x7f, 0x04, 00, 00, 0x81, 0x04, 00, 00,
  0x83, 0x04, 00, 00, 0xfe, 00, 0x02, 00, 0x84, 0x04, 00, 00,
  0x38, 00, 0x01, 00, 0x36, 00, 0x05, 00, 0x11, 00, 00, 00,
  0x29, 00, 00, 00, 00, 00, 00, 00, 0x12, 00, 00, 00,
  0x37, 00, 0x03, 00, 0x08, 00, 00, 00, 0x27, 00, 00, 00,
  0x37, 00, 0x03, 00, 0x0a, 00, 00, 00, 0x28, 00, 00, 00,
  0xf8, 00, 0x02, 00, 0x2a, 00, 00, 00, 0x3b, 00, 0x04, 00,
  0x0a, 00, 00, 00, 0x87, 0x04, 00, 00, 0x07, 00, 00, 00,
  0x3b, 00, 0x04, 00, 0x08, 00, 00, 00, 0x88, 0x04, 00, 00,
  0x07, 00, 00, 00, 0x3b, 00, 0x04, 00, 0x0a, 00, 00, 00,
  0x8a, 0x04, 00, 00, 0x07, 00, 00, 00, 0x3b, 00, 0x04, 00,
  0x0a, 00, 00, 00, 0x8b, 0x04, 00, 00, 0x07, 00, 00, 00,
  0x3b, 00, 0x04, 00, 0x0a, 00, 00, 00, 0x8d, 0x04, 00, 00,
  0x07, 00, 00, 00, 0x3b, 00, 0x04, 00, 0x08, 00, 00, 00,
  0x8e, 0x04, 00, 00, 0x07, 00, 00, 00, 0x3b, 00, 0x04, 00,
  0x0a, 00, 00, 00, 0x90, 0x04, 00, 00, 0x07, 00, 00, 00,
  0x3b, 00, 0x04, 00, 0x0a, 00, 00, 00, 0x91, 0x04, 00, 00,
  0x07, 00, 00, 00, 0x3b, 00, 0x04, 00, 0x0a, 00, 00, 00,
  0x93, 0x04, 00, 00, 0x07, 00, 00, 00, 0x3b, 00, 0x04, 00,
  0x08, 00, 00, 00, 0x94, 0x04, 00, 00, 0x07, 00, 00, 00,
  0x3b, 00, 0x04, 00, 0x0a, 00, 00, 00, 0x96, 0x04, 00, 00,
  0x07, 00, 00, 00, 0x3b, 00, 0x04, 00, 0x0a, 00, 00, 00,
  0x97, 0x04, 00, 00, 0x07, 00, 00, 00, 0x3b, 00, 0x04, 00,
  0x0a, 00, 00, 00, 0x99, 0x04, 00, 00, 0x07, 00, 00, 00,
  0x3b, 00, 0x04, 00, 0x08, 00, 00, 00, 0x9b, 0x04, 00, 00,
  0x07, 00, 00, 00, 0x3b, 00, 0x04, 00, 0x0a, 00, 00, 00,
  0x9d, 0x04, 00, 00, 0x07, 00, 00, 00, 0x3b, 00, 0x04, 00,
  0x0a, 00, 00, 00, 0x9e, 0x04, 00, 00, 0x07, 00, 00, 00,
  0x3b, 00, 0x04, 00, 0x0a, 00, 00, 00, 0xa0, 0x04, 00, 00,
  0x07, 00, 00, 00, 0x3b, 00, 0x04, 00, 0x08, 00, 00, 00,
  0xa1, 0x04, 00, 00, 0x07, 00, 00, 00, 0x3b, 00, 0x04, 00,
  0x0a, 00, 00, 00, 0xa3, 0x04, 00, 00, 0x07, 00, 00, 00,
  0x3b, 00, 0x04, 00, 0x0a, 00, 00, 00, 0xa4, 0x04, 00, 00,
  0x07, 00, 00, 00, 0x3b, 00, 0x04, 00, 0x0a, 00, 00, 00,
  0xa6, 0x04, 00, 00, 0x07, 00, 00, 00, 0x3b, 00, 0x04, 00,
  0x08, 00, 00, 00, 0xa8, 0x04, 00, 00, 0x07, 00, 00, 00,
  0x3b, 00, 0x04, 00, 0x0a, 00, 00, 00, 0xaa, 0x04, 00, 00,
  0x07, 00, 00, 00, 0x3b, 00, 0x04, 00, 0x0a, 00, 00, 00,
  0xab, 0x04, 00, 00, 0x07, 00, 00, 00, 0x3b, 00, 0x04, 00,
  0x0a, 00, 00, 00, 0xad, 0x04, 00, 00, 0x07, 00, 00, 00,
  0x3b, 00, 0x04, 00, 0x08, 00, 00, 00, 0xae, 0x04, 00, 00,
  0x07, 00, 00, 00, 0x3b, 00, 0x04, 00, 0x0a, 00, 00, 00,
  0xb0, 0x04, 00, 00, 0x07, 00, 00, 00, 0x3b, 00, 0x04, 00,
  0x0a, 00, 00, 00, 0xb1, 0x04, 00, 00, 0x07, 00, 00, 00,
  0x3b, 00, 0x04, 00, 0x0a, 00, 00, 00, 0xb3, 0x04, 00, 00,
  0x07, 00, 00, 00, 0x3b, 00, 0x04, 00, 0x08, 00, 00, 00,
  0xb4, 0x04, 00, 00, 0x07, 00, 00, 00, 0x3b, 00, 0x04, 00,
  0x0a, 00, 00, 00, 0xb6, 0x04, 00, 00, 0x07, 00, 00, 00,
  0x3b, 00, 0x04, 00, 0x0a, 00, 00, 00, 0xb7, 0x04, 00, 00,
  0x07, 00, 00, 00, 0x3b, 00, 0x04, 00, 0x0a, 00, 00, 00,
  0xb9, 0x04, 00, 00, 0x07, 00, 00, 00, 0x3b, 00, 0x04, 00,
  0x08, 00, 00, 00, 0xbb, 0x04, 00, 00, 0x07, 00, 00, 00,
  0x3b, 00, 0x04, 00, 0x0a, 00, 00, 00, 0xbd, 0x04, 00, 00,
  0x07, 00, 00, 00, 0x3b, 00, 0x04, 00, 0x0a, 00, 00, 00,
  0xbe, 0x04, 00, 00, 0x07, 00, 00, 00, 0x3b, 00, 0x04, 00,
  0x0a, 00, 00, 00, 0xc0, 0x04, 00, 00, 0x07, 00, 00, 00,
  0x3b, 00, 0x04, 00, 0x08, 00, 00, 00, 0xc9, 0x04, 00, 00,
  0x07, 00, 00, 00, 0x3b, 00, 0x04, 00, 0x0a, 00, 00, 00,
  0xcb, 0x04, 00, 00, 0x07, 00, 00, 00, 0x3b, 00, 0x04, 00,
  0x0a, 00, 00, 00, 0xcc, 0x04, 00, 00, 0x07, 00, 00, 00,
  0x3b, 00, 0x04, 00, 0x0a, 00, 00, 00, 0xce, 0x04, 00, 00,
  0x07, 00, 00, 00, 0x3b, 00, 0x04, 00, 0x08, 00, 00, 00,
  0xd7, 0x04, 00, 00, 0x07, 00, 00, 00, 0x3b, 00, 0x04, 00,
  0x0a, 00, 00, 00, 0xd9, 0x04, 00, 00, 0x07, 00, 00, 00,
  0x3b, 00, 0x04, 00, 0x0a, 00, 00, 00, 0xda, 0x04, 00, 00,
  0x07, 00, 00, 00, 0x3b, 00, 0x04, 00, 0x0a, 00, 00, 00,
  0xdc, 0x04, 00, 00, 0x07, 00, 00, 00, 0x3b, 00, 0x05, 00,
  0x25, 0x03, 00, 00, 0xde, 0x04, 00, 00, 0x07, 00, 00, 00,
  0x23, 0x03, 00, 00, 0x3b, 00, 0x04, 00, 0x0a, 00, 00, 00,
  0xe1, 0x04, 00, 00, 0x07, 00, 00, 00, 0x3b, 00, 0x05, 00,
  0x25, 0x03, 00, 00, 0xe3, 0x04, 00, 00, 0x07, 00, 00, 00,
  0x23, 0x03, 00, 00, 0x3b, 00, 0x04, 00, 0x6b, 0x01, 00, 00,
  0xe6, 0x04, 00, 00, 0x07, 00, 00, 00, 0x3b, 00, 0x04, 00,
  0x6b, 0x01, 00, 00, 0xeb, 0x04, 00, 00, 0x07, 00, 00, 00,
  0x3d, 00, 0x04, 00, 0x07, 00, 00, 00, 0x89, 0x04, 00, 00,
  0x27, 00, 00, 00, 0x3e, 00, 0x03, 00, 0x88, 0x04, 00, 00,
  0x89, 0x04, 00, 00, 0x3e, 00, 0x03, 00, 0x8a, 0x04, 00, 00,
  0x29, 0x01, 00, 00, 0x3e, 00, 0x03, 00, 0x8b, 0x04, 00, 00,
  0xcc, 00, 00, 00, 0x39, 00, 0x07, 00, 0x09, 00, 00, 00,
  0x8c, 0x04, 00, 00, 0x0f, 00, 00, 00, 0x88, 0x04, 00, 00,
  0x8a, 0x04, 00, 00, 0x8b, 0x04, 00, 00, 0x3e, 00, 0x03, 00,
  0x87, 0x04, 00, 00, 0x8c, 0x04, 00, 00, 0x3d, 00, 0x04, 00,
  0x07, 00, 00, 00, 0x8f, 0x04, 00, 00, 0x27, 00, 00, 00,
  0x3e, 00, 0x03, 00, 0x8e, 0x04, 00, 00, 0x8f, 0x04, 00, 00,
  0x3e, 00, 0x03, 00, 0x90, 0x04, 00, 00, 0xd4, 00, 00, 00,
  0x3e, 00, 0x03, 00, 0x91, 0x04, 00, 00, 0x50, 0x03, 00, 00,
  0x39, 00, 0x07, 00, 0x09, 00, 00, 00, 0x92, 0x04, 00, 00,
  0x0f, 00, 00, 00, 0x8e, 0x04, 00, 00, 0x90, 0x04, 00, 00,
  0x91, 0x04, 00, 00, 0x3e, 00, 0x03, 00, 0x8d, 0x04, 00, 00,
  0x92, 0x04, 00, 00, 0x3d, 00, 0x04, 00, 0x07, 00, 00, 00,
  0x95, 0x04, 00, 00, 0x27, 00, 00, 00, 0x3e, 00, 0x03, 00,
  0x94, 0x04, 00, 00, 0x95, 0x04, 00, 00, 0x3e, 00, 0x03, 00,
  0x96, 0x04, 00, 00, 0x23, 0x01, 00, 00, 0x3e, 00, 0x03, 00,
  0x97, 0x04, 00, 00, 0x50, 0x03, 00, 00, 0x39, 00, 0x07, 00,
  0x09, 00, 00, 00, 0x98, 0x04, 00, 00, 0x0f, 00, 00, 00,
  0x94, 0x04, 00, 00, 0x96, 0x04, 00, 00, 0x97, 0x04, 00, 00,
  0x3e, 00, 0x03, 00, 0x93, 0x04, 00, 00, 0x98, 0x04, 00, 00,
  0x3d, 00, 0x04, 00, 0x07, 00, 00, 00, 0x9c, 0x04, 00, 00,
  0x27, 00, 00, 00, 0x3e, 00, 0x03, 00, 0x9b, 0x04, 00, 00,
  0x9c, 0x04, 00, 00, 0x3e, 00, 0x03, 00, 0x9d, 0x04, 00, 00,
  0x9a, 0x04, 00, 00, 0x3e, 00, 0x03, 00, 0x9e, 0x04, 00, 00,
  0x50, 0x03, 00, 00, 0x39, 00, 0x07, 00, 0x09, 00, 00, 00,
  0x9f, 0x04, 00, 00, 0x0f, 00, 00, 00, 0x9b, 0x04, 00, 00,
  0x9d, 0x04, 00, 00, 0x9e, 0x04, 00, 00, 0x3e, 00, 0x03, 00,
  0x99, 0x04, 00, 00, 0x9f, 0x04, 00, 00, 0x3d, 00, 0x04, 00,
  0x07, 00, 00, 00, 0xa2, 0x04, 00, 00, 0x27, 00, 00, 00,
  0x3e, 00, 0x03, 00, 0xa1, 0x04, 00, 00, 0xa2, 0x04, 00, 00,
  0x3e, 00, 0x03, 00, 0xa3, 0x04, 00, 00, 0xe8, 00, 00, 00,
  0x3e, 00, 0x03, 00, 0xa4, 0x04, 00, 00, 0x50, 0x03, 00, 00,
  0x39, 00, 0x07, 00, 0x09, 00, 00, 00, 0xa5, 0x04, 00, 00,
  0x0f, 00, 00, 00, 0xa1, 0x04, 00, 00, 0xa3, 0x04, 00, 00,
  0xa4, 0x04, 00, 00, 0x3e, 00, 0x03, 00, 0xa0, 0x04, 00, 00,
  0xa5, 0x04, 00, 00, 0x3d, 00, 0x04, 00, 0x07, 00, 00, 00,
  0xa9, 0x04, 00, 00, 0x27, 00, 00, 00, 0x3e, 00, 0x03, 00,
  0xa8, 0x04, 00, 00, 0xa9, 0x04, 00, 00, 0x3e, 00, 0x03, 00,
  0xaa, 0x04, 00, 00, 0xa7, 0x04, 00, 00, 0x3e, 00, 0x03, 00,
  0xab, 0x04, 00, 00, 0x50, 0x03, 00, 00, 0x39, 00, 0x07, 00,
  0x09, 00, 00, 00, 0xac, 0x04, 00, 00, 0x0f, 00, 00, 00,
  0xa8, 0x04, 00, 00, 0xaa, 0x04, 00, 00, 0xab, 0x04, 00, 00,
  0x3e, 00, 0x03, 00, 0xa6, 0x04, 00, 00, 0xac, 0x04, 00, 00,
  0x3d, 00, 0x04, 00, 0x07, 00, 00, 00, 0xaf, 0x04, 00, 00,
  0x27, 00, 00, 00, 0x3e, 00, 0x03, 00, 0xae, 0x04, 00, 00,
  0xaf, 0x04, 00, 00, 0x3e, 00, 0x03, 00, 0xb0, 0x04, 00, 00,
  0x22, 0x03, 00, 00, 0x3e, 00, 0x03, 00, 0xb1, 0x04, 00, 00,
  0x50, 0x03, 00, 00, 0x39, 00, 0x07, 00, 0x09, 00, 00, 00,
  0xb2, 0x04, 00, 00, 0x0f, 00, 00, 00, 0xae, 0x04, 00, 00,
  0xb0, 0x04, 00, 00, 0xb1, 0x04, 00, 00, 0x3e, 00, 0x03, 00,
  0xad, 0x04, 00, 00, 0xb2, 0x04, 00, 00, 0x3d, 00, 0x04, 00,
  0x07, 00, 00, 00, 0xb5, 0x04, 00, 00, 0x27, 00, 00, 00,
  0x3e, 00, 0x03, 00, 0xb4, 0x04, 00, 00, 0xb5, 0x04, 00, 00,
  0x3e, 00, 0x03, 00, 0xb6, 0x04, 00, 00, 0x24, 0x04, 00, 00,
  0x3e, 00, 0x03, 00, 0xb7, 0x04, 00, 00, 0xd4, 00, 00, 00,
  0x39, 00, 0x07, 00, 0x09, 00, 00, 00, 0xb8, 0x04, 00, 00,
  0x0f, 00, 00, 00, 0xb4, 0x04, 00, 00, 0xb6, 0x04, 00, 00,
  0xb7, 0x04, 00, 00, 0x3e, 00, 0x03, 00, 0xb3, 0x04, 00, 00,
  0xb8, 0x04, 00, 00, 0x3d, 00, 0x04, 00, 0x07, 00, 00, 00,
  0xbc, 0x04, 00, 00, 0x27, 00, 00, 00, 0x3e, 00, 0x03, 00,
  0xbb, 0x04, 00, 00, 0xbc, 0x04, 00, 00, 0x3e, 00, 0x03, 00,
  0xbd, 0x04, 00, 00, 0xba, 0x04, 00, 00, 0x3e, 00, 0x03, 00,
  0xbe, 0x04, 00, 00, 0xd4, 00, 00, 00, 0x39, 00, 0x07, 00,
  0x09, 00, 00, 00, 0xbf, 0x04, 00, 00, 0x0f, 00, 00, 00,
  0xbb, 0x04, 00, 00, 0xbd, 0x04, 00, 00, 0xbe, 0x04, 00, 00,
  0x3e, 00, 0x03, 00, 0xb9, 0x04, 00, 00, 0xbf, 0x04, 00, 00,
  0x3d, 00, 0x04, 00, 0x09, 00, 00, 00, 0xc2, 0x04, 00, 00,
  0x28, 00, 00, 00, 0x84, 00, 0x05, 00, 0x09, 00, 00, 00,
  0xc3, 0x04, 00, 00, 0xc2, 0x04, 00, 00, 0xcc, 00, 00, 00,
  0x80, 00, 0x05, 00, 0x09, 00, 00, 00, 0xc4, 0x04, 00, 00,
  0xc1, 0x04, 00, 00, 0xc3, 0x04, 00, 00, 0x0c, 00, 0x07, 00,
  0x09, 00, 00, 00, 0xc5, 0x04, 00, 00, 0x01, 00, 00, 00,
  0x2a, 00, 00, 00, 0xc4, 0x04, 00, 00, 0x71, 0x03, 00, 00,
  0x3d, 00, 0x04, 00, 0x09, 00, 00, 00, 0xc6, 0x04, 00, 00,
  0x28, 00, 00, 00, 0xaa, 00, 0x05, 00, 0x40, 00, 00, 00,
  0xc7, 0x04, 00, 00, 0xc6, 0x04, 00, 00, 0x3f, 00, 00, 00,
  0xa9, 00, 0x06, 00, 0x09, 00, 00, 00, 0xc8, 0x04, 00, 00,
  0xc7, 0x04, 00, 00, 0x3c, 00, 00, 00, 0xcc, 00, 00, 00,
  0x3d, 00, 0x04, 00, 0x07, 00, 00, 00, 0xca, 0x04, 00, 00,
  0x27, 00, 00, 00, 0x3e, 00, 0x03, 00, 0xc9, 0x04, 00, 00,
  0xca, 0x04, 00, 00, 0x3e, 00, 0x03, 00, 0xcb, 0x04, 00, 00,
  0xc5, 0x04, 00, 00, 0x3e, 00, 0x03, 00, 0xcc, 0x04, 00, 00,
  0xc8, 0x04, 00, 00, 0x39, 00, 0x07, 00, 0x09, 00, 00, 00,
  0xcd, 0x04, 00, 00, 0x0f, 00, 00, 00, 0xc9, 0x04, 00, 00,
  0xcb, 0x04, 00, 00, 0xcc, 0x04, 00, 00, 0x3e, 00, 0x03, 00,
  0xc0, 0x04, 00, 00, 0xcd, 0x04, 00, 00, 0x3d, 00, 0x04, 00,
  0x09, 00, 00, 00, 0xd0, 0x04, 00, 00, 0x28, 00, 00, 00,
  0x84, 00, 0x05, 00, 0x09, 00, 00, 00, 0xd1, 0x04, 00, 00,
  0xd0, 0x04, 00, 00, 0xcc, 00, 00, 00, 0x80, 00, 0x05, 00,
  0x09, 00, 00, 00, 0xd2, 0x04, 00, 00, 0xcf, 0x04, 00, 00,
  0xd1, 0x04, 00, 00, 0x0c, 00, 0x07, 00, 0x09, 00, 00, 00,
  0xd3, 0x04, 00, 00, 0x01, 00, 00, 00, 0x2a, 00, 00, 00,
  0xd2, 0x04, 00, 00, 0x9c, 0x03, 00, 00, 0x3d, 00, 0x04, 00,
  0x09, 00, 00, 00, 0xd4, 0x04, 00, 00, 0x28, 00, 00, 00,
  0xaa, 00, 0x05, 00, 0x40, 00, 00, 00, 0xd5, 0x04, 00, 00,
  0xd4, 0x04, 00, 00, 0x3f, 00, 00, 00, 0xa9, 00, 0x06, 00,
  0x09, 00, 00, 00, 0xd6, 0x04, 00, 00, 0xd5, 0x04, 00, 00,
  0x3c, 00, 00, 00, 0xcc, 00, 00, 00, 0x3d, 00, 0x04, 00,
  0x07, 00, 00, 00, 0xd8, 0x04, 00, 00, 0x27, 00, 00, 00,
  0x3e, 00, 0x03, 00, 0xd7, 0x04, 00, 00, 0xd8, 0x04, 00, 00,
  0x3e, 00, 0x03, 00, 0xd9, 0x04, 00, 00, 0xd3, 0x04, 00, 00,
  0x3e, 00, 0x03, 00, 0xda, 0x04, 00, 00, 0xd6, 0x04, 00, 00,
  0x39, 00, 0x07, 00, 0x09, 00, 00, 00, 0xdb, 0x04, 00, 00,
  0x0f, 00, 00, 00, 0xd7, 0x04, 00, 00, 0xd9, 0x04, 00, 00,
  0xda, 0x04, 00, 00, 0x3e, 00, 0x03, 00, 0xce, 0x04, 00, 00,
  0xdb, 0x04, 00, 00, 0x3d, 00, 0x04, 00, 0x09, 00, 00, 00,
  0xdd, 0x04, 00, 00, 0xc0, 0x04, 00, 00, 0x41, 00, 0x05, 00,
  0x0a, 00, 00, 00, 0xdf, 0x04, 00, 00, 0xde, 0x04, 00, 00,
  0xdd, 0x04, 00, 00, 0x3d, 00, 0x04, 00, 0x09, 00, 00, 00,
  0xe0, 0x04, 00, 00, 0xdf, 0x04, 00, 00, 0x3e, 00, 0x03, 00,
  0xdc, 0x04, 00, 00, 0xe0, 0x04, 00, 00, 0x3d, 00, 0x04, 00,
  0x09, 00, 00, 00, 0xe2, 0x04, 00, 00, 0xce, 0x04, 00, 00,
  0x41, 00, 0x05, 00, 0x0a, 00, 00, 00, 0xe4, 0x04, 00, 00,
  0xe3, 0x04, 00, 00, 0xe2, 0x04, 00, 00, 0x3d, 00, 0x04, 00,
  0x09, 00, 00, 00, 0xe5, 0x04, 00, 00, 0xe4, 0x04, 00, 00,
  0x3e, 00, 0x03, 00, 0xe1, 0x04, 00, 00, 0xe5, 0x04, 00, 00,
  0x3d, 00, 0x04, 00, 0x09, 00, 00, 00, 0xe7, 0x04, 00, 00,
  0x8d, 0x04, 00, 00, 0x3d, 00, 0x04, 00, 0x09, 00, 00, 00,
  0xe8, 0x04, 00, 00, 0x99, 0x04, 00, 00, 0x3d, 00, 0x04, 00,
  0x09, 00, 00, 00, 0xe9, 0x04, 00, 00, 0xa6, 0x04, 00, 00,
  0x50, 00, 0x06, 00, 0x6a, 0x01, 00, 00, 0xea, 0x04, 00, 00,
  0xe7, 0x04, 00, 00, 0xe8, 0x04, 00, 00, 0xe9, 0x04, 00, 00,
  0x3e, 00, 0x03, 00, 0xe6, 0x04, 00, 00, 0xea, 0x04, 00, 00,
  0x3d, 00, 0x04, 00, 0x09, 00, 00, 00, 0xec, 0x04, 00, 00,
  0x93, 0x04, 00, 00, 0x3d, 00, 0x04, 00, 0x09, 00, 00, 00,
  0xed, 0x04, 00, 00, 0xa0, 0x04, 00, 00, 0x3d, 00, 0x04, 00,
  0x09, 00, 00, 00, 0xee, 0x04, 00, 00, 0xad, 0x04, 00, 00,
  0x50, 00, 0x06, 00, 0x6a, 0x01, 00, 00, 0xef, 0x04, 00, 00,
  0xec, 0x04, 00, 00, 0xed, 0x04, 00, 00, 0xee, 0x04, 00, 00,
  0x3e, 00, 0x03, 00, 0xeb, 0x04, 00, 00, 0xef, 0x04, 00, 00,
  0x3d, 00, 0x04, 00, 0x6a, 0x01, 00, 00, 0xf0, 0x04, 00, 00,
  0xe6, 0x04, 00, 00, 0x50, 00, 0x06, 00, 0x6a, 0x01, 00, 00,
  0xf1, 0x04, 00, 00, 0x3c, 00, 00, 00, 0x3c, 00, 00, 00,
  0x3c, 00, 00, 00, 0xc4, 00, 0x05, 00, 0x6a, 0x01, 00, 00,
  0xf2, 0x04, 00, 00, 0xf0, 0x04, 00, 00, 0xf1, 0x04, 00, 00,
  0x3d, 00, 0x04, 00, 0x6a, 0x01, 00, 00, 0xf3, 0x04, 00, 00,
  0xe6, 0x04, 00, 00, 0x50, 00, 0x06, 00, 0x6a, 0x01, 00, 00,
  0xf4, 0x04, 00, 00, 0x29, 0x01, 00, 00, 0x29, 0x01, 00, 00,
  0x29, 0x01, 00, 00, 0xc3, 00, 0x05, 00, 0x6a, 0x01, 00, 00,
  0xf5, 0x04, 00, 00, 0xf3, 0x04, 00, 00, 0xf4, 0x04, 00, 00,
  0xc5, 00, 0x05, 00, 0x6a, 0x01, 00, 00, 0xf6, 0x04, 00, 00,
  0xf2, 0x04, 00, 00, 0xf5, 0x04, 00, 00, 0x3e, 00, 0x03, 00,
  0xe6, 0x04, 00, 00, 0xf6, 0x04, 00, 00, 0x3d, 00, 0x04, 00,
  0x6a, 0x01, 00, 00, 0xf7, 0x04, 00, 00, 0xeb, 0x04, 00, 00,
  0x50, 00, 0x06, 00, 0x6a, 0x01, 00, 00, 0xf8, 0x04, 00, 00,
  0x3c, 00, 00, 00, 0x3c, 00, 00, 00, 0x3c, 00, 00, 00,
  0xc4, 00, 0x05, 00, 0x6a, 0x01, 00, 00, 0xf9, 0x04, 00, 00,
  0xf7, 0x04, 00, 00, 0xf8, 0x04, 00, 00, 0x3d, 00, 0x04, 00,
  0x6a, 0x01, 00, 00, 0xfa, 0x04, 00, 00, 0xeb, 0x04, 00, 00,
  0x50, 00, 0x06, 00, 0x6a, 0x01, 00, 00, 0xfb, 0x04, 00, 00,
  0x29, 0x01, 00, 00, 0x29, 0x01, 00, 00, 0x29, 0x01, 00, 00,
  0xc3, 00, 0x05, 00, 0x6a, 0x01, 00, 00, 0xfc, 0x04, 00, 00,
  0xfa, 0x04, 00, 00, 0xfb, 0x04, 00, 00, 0xc5, 00, 0x05, 00,
  0x6a, 0x01, 00, 00, 0xfd, 0x04, 00, 00, 0xf9, 0x04, 00, 00,
  0xfc, 0x04, 00, 00, 0x3e, 00, 0x03, 00, 0xeb, 0x04, 00, 00,
  0xfd, 0x04, 00, 00, 0x3d, 00, 0x04, 00, 0x6a, 0x01, 00, 00,
  0xfe, 0x04, 00, 00, 0xe6, 0x04, 00, 00, 0x7c, 00, 0x04, 00,
  0x9c, 0x01, 00, 00, 0xff, 0x04, 00, 00, 0xfe, 0x04, 00, 00,
  0x3d, 00, 0x04, 00, 0x09, 00, 00, 00, 00, 0x05, 00, 00,
  0xb3, 0x04, 00, 00, 0x7c, 00, 0x04, 00, 0x06, 00, 00, 00,
  0x01, 0x05, 00, 00, 00, 0x05, 00, 00, 0x51, 00, 0x05, 00,
  0x06, 00, 00, 00, 0x02, 0x05, 00, 00, 0xff, 0x04, 00, 00,
  00, 00, 00, 00, 0x51, 00, 0x05, 00, 0x06, 00, 00, 00,
  0x03, 0x05, 00, 00, 0xff, 0x04, 00, 00, 0x01, 00, 00, 00,
  0x51, 00, 0x05, 00, 0x06, 00, 00, 00, 0x04, 0x05, 00, 00,
  0xff, 0x04, 00, 00, 0x02, 00, 00, 00, 0x50, 00, 0x07, 00,
  0x07, 00, 00, 00, 0x05, 0x05, 00, 00, 0x02, 0x05, 00, 00,
  0x03, 0x05, 00, 00, 0x04, 0x05, 00, 00, 0x01, 0x05, 00, 00,
  0x3d, 00, 0x04, 00, 0x6a, 0x01, 00, 00, 0x06, 0x05, 00, 00,
  0xeb, 0x04, 00, 00, 0x7c, 00, 0x04, 00, 0x9c, 0x01, 00, 00,
  0x07, 0x05, 00, 00, 0x06, 0x05, 00, 00, 0x3d, 00, 0x04, 00,
  0x09, 00, 00, 00, 0x08, 0x05, 00, 00, 0xb9, 0x04, 00, 00,
  0x7c, 00, 0x04, 00, 0x06, 00, 00, 00, 0x09, 0x05, 00, 00,
  0x08, 0x05, 00, 00, 0x51, 00, 0x05, 00, 0x06, 00, 00, 00,
  0x0a, 0x05, 00, 00, 0x07, 0x05, 00, 00, 00, 00, 00, 00,
  0x51, 00, 0x05, 00, 0x06, 00, 00, 00, 0x0b, 0x05, 00, 00,
  0x07, 0x05, 00, 00, 0x01, 00, 00, 00, 0x51, 00, 0x05, 00,
  0x06, 00, 00, 00, 0x0c, 0x05, 00, 00, 0x07, 0x05, 00, 00,
  0x02, 00, 00, 00, 0x50, 00, 0x07, 00, 0x07, 00, 00, 00,
  0x0d, 0x05, 00, 00, 0x0a, 0x05, 00, 00, 0x0b, 0x05, 00, 00,
  0x0c, 0x05, 00, 00, 0x09, 0x05, 00, 00, 0x3d, 00, 0x04, 00,
  0x09, 00, 00, 00, 0x0e, 0x05, 00, 00, 0xdc, 0x04, 00, 00,
  0x7c, 00, 0x04, 00, 0x06, 00, 00, 00, 0x0f, 0x05, 00, 00,
  0x0e, 0x05, 00, 00, 0x3d, 00, 0x04, 00, 0x09, 00, 00, 00,
  0x10, 0x05, 00, 00, 0xe1, 0x04, 00, 00, 0x7c, 00, 0x04, 00,
  0x06, 00, 00, 00, 0x11, 0x05, 00, 00, 0x10, 0x05, 00, 00,
  0x3d, 00, 0x04, 00, 0x09, 00, 00, 00, 0x12, 0x05, 00, 00,
  0x87, 0x04, 00, 00, 0x7c, 00, 0x04, 00, 0x06, 00, 00, 00,
  0x13, 0x05, 00, 00, 0x12, 0x05, 00, 00, 0x50, 00, 0x08, 00,
  0x11, 00, 00, 00, 0x14, 0x05, 00, 00, 0x05, 0x05, 00, 00,
  0x0d, 0x05, 00, 00, 0x0f, 0x05, 00, 00, 0x11, 0x05, 00, 00,
  0x13, 0x05, 00, 00, 0xfe, 00, 0x02, 00, 0x14, 0x05, 00, 00,
  0x38, 00, 0x01, 00, 0x36, 00, 0x05, 00, 0x11, 00, 00, 00,
  0x2d, 00, 00, 00, 00, 00, 00, 00, 0x12, 00, 00, 00,
  0x37, 00, 0x03, 00, 0x08, 00, 00, 00, 0x2b, 00, 00, 00,
  0x37, 00, 0x03, 00, 0x0a, 00, 00, 00, 0x2c, 00, 00, 00,
  0xf8, 00, 0x02, 00, 0x2e, 00, 00, 00, 0x3b, 00, 0x04, 00,
  0x0a, 00, 00, 00, 0x17, 0x05, 00, 00, 0x07, 00, 00, 00,
  0x3b, 00, 0x04, 00, 0x08, 00, 00, 00, 0x19, 0x05, 00, 00,
  0x07, 00, 00, 00, 0x3b, 00, 0x04, 00, 0x0a, 00, 00, 00,
  0x1b, 0x05, 00, 00, 0x07, 00, 00, 00, 0x3b, 00, 0x04, 00,
  0x0a, 00, 00, 00, 0x1c, 0x05, 00, 00, 0x07, 00, 00, 00,
  0x3b, 00, 0x04, 00, 0x0a, 00, 00, 00, 0x1e, 0x05, 00, 00,
  0x07, 00, 00, 00, 0x3b, 00, 0x04, 00, 0x08, 00, 00, 00,
  0x1f, 0x05, 00, 00, 0x07, 00, 00, 00, 0x3b, 00, 0x04, 00,
  0x0a, 00, 00, 00, 0x21, 0x05, 00, 00, 0x07, 00, 00, 00,
  0x3b, 00, 0x04, 00, 0x0a, 00, 00, 00, 0x22, 0x05, 00, 00,
  0x07, 00, 00, 00, 0x3b, 00, 0x04, 00, 0x0a, 00, 00, 00,
  0x24, 0x05, 00, 00, 0x07, 00, 00, 00, 0x3b, 00, 0x04, 00,
  0x08, 00, 00, 00, 0x25, 0x05, 00, 00, 0x07, 00, 00, 00,
  0x3b, 00, 0x04, 00, 0x0a, 00, 00, 00, 0x27, 0x05, 00, 00,
  0x07, 00, 00, 00, 0x3b, 00, 0x04, 00, 0x0a, 00, 00, 00,
  0x28, 0x05, 00, 00, 0x07, 00, 00, 00, 0x3b, 00, 0x04, 00,
  0x0a, 00, 00, 00, 0x2a, 0x05, 00, 00, 0x07, 00, 00, 00,
  0x3b, 00, 0x04, 00, 0x08, 00, 00, 00, 0x2b, 0x05, 00, 00,
  0x07, 00, 00, 00, 0x3b, 00, 0x04, 00, 0x0a, 00, 00, 00,
  0x2d, 0x05, 00, 00, 0x07, 00, 00, 00, 0x3b, 00, 0x04, 00,
  0x0a, 00, 00, 00, 0x2e, 0x05, 00, 00, 0x07, 00, 00, 00,
  0x3b, 00, 0x04, 00, 0x0a, 00, 00, 00, 0x30, 0x05, 00, 00,
  0x07, 00, 00, 00, 0x3b, 00, 0x04, 00, 0x08, 00, 00, 00,
  0x31, 0x05, 00, 00, 0x07, 00, 00, 00, 0x3b, 00, 0x04, 00,
  0x0a, 00, 00, 00, 0x33, 0x05, 00, 00, 0x07, 00, 00, 00,
  0x3b, 00, 0x04, 00, 0x0a, 00, 00, 00, 0x34, 0x05, 00, 00,
  0x07, 00, 00, 00, 0x3b, 00, 0x04, 00, 0x0a, 00, 00, 00,
  0x36, 0x05, 00, 00, 0x07, 00, 00, 00, 0x3b, 00, 0x04, 00,
  0x08, 00, 00, 00, 0x37, 0x05, 00, 00, 0x07, 00, 00, 00,
  0x3b, 00, 0x04, 00, 0x0a, 00, 00, 00, 0x39, 0x05, 00, 00,
  0x07, 00, 00, 00, 0x3b, 00, 0x04, 00, 0x0a, 00, 00, 00,
  0x3a, 0x05, 00, 00, 0x07, 00, 00, 00, 0x3b, 00, 0x04, 00,
  0x0a, 00, 00, 00, 0x3c, 0x05, 00, 00, 0x07, 00, 00, 00,
  0x3b, 00, 0x04, 00, 0x08, 00, 00, 00, 0x3e, 0x05, 00, 00,
  0x07, 00, 00, 00, 0x3b, 00, 0x04, 00, 0x0a, 00, 00, 00,
  0x40, 0x05, 00, 00, 0x07, 00, 00, 00, 0x3b, 00, 0x04, 00,
  0x0a, 00, 00, 00, 0x41, 0x05, 00, 00, 0x07, 00, 00, 00,
  0x3b, 00, 0x04, 00, 0x0a, 00, 00, 00, 0x43, 0x05, 00, 00,
  0x07, 00, 00, 00, 0x3b, 00, 0x04, 00, 0x08, 00, 00, 00,
  0x45, 0x05, 00, 00, 0x07, 00, 00, 00, 0x3b, 00, 0x04, 00,
  0x0a, 00, 00, 00, 0x47, 0x05, 00, 00, 0x07, 00, 00, 00,
  0x3b, 00, 0x04, 00, 0x0a, 00, 00, 00, 0x48, 0x05, 00, 00,
  0x07, 00, 00, 00, 0x3b, 00, 0x04, 00, 0x0a, 00, 00, 00,
  0x4a, 0x05, 00, 00, 0x07, 00, 00, 00, 0x3b, 00, 0x04, 00,
  0x08, 00, 00, 00, 0x4b, 0x05, 00, 00, 0x07, 00, 00, 00,
  0x3b, 00, 0x04, 00, 0x0a, 00, 00, 00, 0x4d, 0x05, 00, 00,
  0x07, 00, 00, 00, 0x3b, 00, 0x04, 00, 0x0a, 00, 00, 00,
  0x4e, 0x05, 00, 00, 0x07, 00, 00, 00, 0x3b, 00, 0x04, 00,
  0x0a, 00, 00, 00, 0x50, 0x05, 00, 00, 0x07, 00, 00, 00,
  0x3b, 00, 0x04, 00, 0x08, 00, 00, 00, 0x51, 0x05, 00, 00,
  0x07, 00, 00, 00, 0x3b, 00, 0x04, 00, 0x0a, 00, 00, 00,
  0x53, 0x05, 00, 00, 0x07, 00, 00, 00, 0x3b, 00, 0x04, 00,
  0x0a, 00, 00, 00, 0x54, 0x05, 00, 00, 0x07, 00, 00, 00,
  0x3b, 00, 0x04, 00, 0x57, 0x05, 00, 00, 0x58, 0x05, 00, 00,
  0x07, 00, 00, 00, 0x3b, 00, 0x04, 00, 0x57, 0x05, 00, 00,
  0x63, 0x05, 00, 00, 0x07, 00, 00, 00, 0x3b, 00, 0x04, 00,
  0x0a, 00, 00, 00, 0x6e, 0x05, 00, 00, 0x07, 00, 00, 00,
  0x3b, 00, 0x04, 00, 0x08, 00, 00, 00, 0x76, 0x05, 00, 00,
  0x07, 00, 00, 00, 0x3b, 00, 0x04, 00, 0x0a, 00, 00, 00,
  0x78, 0x05, 00, 00, 0x07, 00, 00, 00, 0x3b, 00, 0x04, 00,
  0x0a, 00, 00, 00, 0x79, 0x05, 00, 00, 0x07, 00, 00, 00,
  0x3b, 00, 0x04, 00, 0x0a, 00, 00, 00, 0x7b, 0x05, 00, 00,
  0x07, 00, 00, 00, 0x3b, 00, 0x05, 00, 0x86, 0x05, 00, 00,
  0x87, 0x05, 00, 00, 0x07, 00, 00, 00, 0x84, 0x05, 00, 00,
  0x3d, 00, 0x04, 00, 0x07, 00, 00, 00, 0x1a, 0x05, 00, 00,
  0x2b, 00, 00, 00, 0x3e, 00, 0x03, 00, 0x19, 0x05, 00, 00,
  0x1a, 0x05, 00, 00, 0x3e, 00, 0x03, 00, 0x1b, 0x05, 00, 00,
  0x18, 0x05, 00, 00, 0x3e, 00, 0x03, 00, 0x1c, 0x05, 00, 00,
  0x3c, 00, 00, 00, 0x39, 00, 0x07, 00, 0x09, 00, 00, 00,
  0x1d, 0x05, 00, 00, 0x0f, 00, 00, 00, 0x19, 0x05, 00, 00,
  0x1b, 0x05, 00, 00, 0x1c, 0x05, 00, 00, 0x3e, 00, 0x03, 00,
  0x17, 0x05, 00, 00, 0x1d, 0x05, 00, 00, 0x3d, 00, 0x04, 00,
  0x07, 00, 00, 00, 0x20, 0x05, 00, 00, 0x2b, 00, 00, 00,
  0x3e, 00, 0x03, 00, 0x1f, 0x05, 00, 00, 0x20, 0x05, 00, 00,
  0x3e, 00, 0x03, 00, 0x21, 0x05, 00, 00, 0x94, 0x01, 00, 00,
  0x3e, 00, 0x03, 00, 0x22, 0x05, 00, 00, 0x3c, 00, 00, 00,
  0x39, 00, 0x07, 00, 0x09, 00, 00, 00, 0x23, 0x05, 00, 00,
  0x0f, 00, 00, 00, 0x1f, 0x05, 00, 00, 0x21, 0x05, 00, 00,
  0x22, 0x05, 00, 00, 0x3e, 00, 0x03, 00, 0x1e, 0x05, 00, 00,
  0x23, 0x05, 00, 00, 0x3d, 00, 0x04, 00, 0x07, 00, 00, 00,
  0x26, 0x05, 00, 00, 0x2b, 00, 00, 00, 0x3e, 00, 0x03, 00,
  0x25, 0x05, 00, 00, 0x26, 0x05, 00, 00, 0x3e, 00, 0x03, 00,
  0x27, 0x05, 00, 00, 0x50, 0x03, 00, 00, 0x3e, 00, 0x03, 00,
  0x28, 0x05, 00, 00, 0x50, 0x03, 00, 00, 0x39, 00, 0x07, 00,
  0x09, 00, 00, 00, 0x29, 0x05, 00, 00, 0x0f, 00, 00, 00,
  0x25, 0x05, 00, 00, 0x27, 0x05, 00, 00, 0x28, 0x05, 00, 00,
  0x3e, 00, 0x03, 00, 0x24, 0x05, 00, 00, 0x29, 0x05, 00, 00,
  0x3d, 00, 0x04, 00, 0x07, 00, 00, 00, 0x2c, 0x05, 00, 00,
  0x2b, 00, 00, 00, 0x3e, 00, 0x03, 00, 0x2b, 0x05, 00, 00,
  0x2c, 0x05, 00, 00, 0x3e, 00, 0x03, 00, 0x2d, 0x05, 00, 00,
  0x0b, 0x02, 00, 00, 0x3e, 00, 0x03, 00, 0x2e, 0x05, 00, 00,
  0x50, 0x03, 00, 00, 0x39, 00, 0x07, 00, 0x09, 00, 00, 00,
  0x2f, 0x05, 00, 00, 0x0f, 00, 00, 00, 0x2b, 0x05, 00, 00,
  0x2d, 0x05, 00, 00, 0x2e, 0x05, 00, 00, 0x3e, 00, 0x03, 00,
  0x2a, 0x05, 00, 00, 0x2f, 0x05, 00, 00, 0x3d, 00, 0x04, 00,
  0x07, 00, 00, 00, 0x32, 0x05, 00, 00, 0x2b, 00, 00, 00,
  0x3e, 00, 0x03, 00, 0x31, 0x05, 00, 00, 0x32, 0x05, 00, 00,
  0x3e, 00, 0x03, 00, 0x33, 0x05, 00, 00, 0x21, 0x03, 00, 00,
  0x3e, 00, 0x03, 00, 0x34, 0x05, 00, 00, 0x50, 0x03, 00, 00,
  0x39, 00, 0x07, 00, 0x09, 00, 00, 00, 0x35, 0x05, 00, 00,
  0x0f, 00, 00, 00, 0x31, 0x05, 00, 00, 0x33, 0x05, 00, 00,
  0x34, 0x05, 00, 00, 0x3e, 00, 0x03, 00, 0x30, 0x05, 00, 00,
  0x35, 0x05, 00, 00, 0x3d, 00, 0x04, 00, 0x07, 00, 00, 00,
  0x38, 0x05, 00, 00, 0x2b, 00, 00, 00, 0x3e, 00, 0x03, 00,
  0x37, 0x05, 00, 00, 0x38, 0x05, 00, 00, 0x3e, 00, 0x03, 00,
  0x39, 0x05, 00, 00, 0x07, 0x04, 00, 00, 0x3e, 00, 0x03, 00,
  0x3a, 0x05, 00, 00, 0x50, 0x03, 00, 00, 0x39, 00, 0x07, 00,
  0x09, 00, 00, 00, 0x3b, 0x05, 00, 00, 0x0f, 00, 00, 00,
  0x37, 0x05, 00, 00, 0x39, 0x05, 00, 00, 0x3a, 0x05, 00, 00,
  0x3e, 00, 0x03, 00, 0x36, 0x05, 00, 00, 0x3b, 0x05, 00, 00,
  0x3d, 00, 0x04, 00, 0x07, 00, 00, 00, 0x3f, 0x05, 00, 00,
  0x2b, 00, 00, 00, 0x3e, 00, 0x03, 00, 0x3e, 0x05, 00, 00,
  0x3f, 0x05, 00, 00, 0x3e, 00, 0x03, 00, 0x40, 0x05, 00, 00,
  0x3d, 0x05, 00, 00, 0x3e, 00, 0x03, 00, 0x41, 0x05, 00, 00,
  0x50, 0x03, 00, 00, 0x39, 00, 0x07, 00, 0x09, 00, 00, 00,
  0x42, 0x05, 00, 00, 0x0f, 00, 00, 00, 0x3e, 0x05, 00, 00,
  0x40, 0x05, 00, 00, 0x41, 0x05, 00, 00, 0x3e, 00, 0x03, 00,
  0x3c, 0x05, 00, 00, 0x42, 0x05, 00, 00, 0x3d, 00, 0x04, 00,
  0x07, 00, 00, 00, 0x46, 0x05, 00, 00, 0x2b, 00, 00, 00,
  0x3e, 00, 0x03, 00, 0x45, 0x05, 00, 00, 0x46, 0x05, 00, 00,
  0x3e, 00, 0x03, 00, 0x47, 0x05, 00, 00, 0x44, 0x05, 00, 00,
  0x3e, 00, 0x03, 00, 0x48, 0x05, 00, 00, 0x50, 0x03, 00, 00,
  0x39, 00, 0x07, 00, 0x09, 00, 00, 00, 0x49, 0x05, 00, 00,
  0x0f, 00, 00, 00, 0x45, 0x05, 00, 00, 0x47, 0x05, 00, 00,
  0x48, 0x05, 00, 00, 0x3e, 00, 0x03, 00, 0x43, 0x05, 00, 00,
  0x49, 0x05, 00, 00, 0x3d, 00, 0x04, 00, 0x07, 00, 00, 00,
  0x4c, 0x05, 00, 00, 0x2b, 00, 00, 00, 0x3e, 00, 0x03, 00,
  0x4b, 0x05, 00, 00, 0x4c, 0x05, 00, 00, 0x3e, 00, 0x03, 00,
  0x4d, 0x05, 00, 00, 0x20, 0x04, 00, 00, 0x3e, 00, 0x03, 00,
  0x4e, 0x05, 00, 00, 0x50, 0x03, 00, 00, 0x39, 00, 0x07, 00,
  0x09, 00, 00, 00, 0x4f, 0x05, 00, 00, 0x0f, 00, 00, 00,
  0x4b, 0x05, 00, 00, 0x4d, 0x05, 00, 00, 0x4e, 0x05, 00, 00,
  0x3e, 00, 0x03, 00, 0x4a, 0x05, 00, 00, 0x4f, 0x05, 00, 00,
  0x3d, 00, 0x04, 00, 0x07, 00, 00, 00, 0x52, 0x05, 00, 00,
  0x2b, 00, 00, 00, 0x3e, 00, 0x03, 00, 0x51, 0x05, 00, 00,
  0x52, 0x05, 00, 00, 0x3e, 00, 0x03, 00, 0x53, 0x05, 00, 00,
  0x25, 0x02, 00, 00, 0x3e, 00, 0x03, 00, 0x54, 0x05, 00, 00,
  0x50, 0x03, 00, 00, 0x39, 00, 0x07, 00, 0x09, 00, 00, 00,
  0x55, 0x05, 00, 00, 0x0f, 00, 00, 00, 0x51, 0x05, 00, 00,
  0x53, 0x05, 00, 00, 0x54, 0x05, 00, 00, 0x3e, 00, 0x03, 00,
  0x50, 0x05, 00, 00, 0x55, 0x05, 00, 00, 0x3d, 00, 0x04, 00,
  0x09, 00, 00, 00, 0x59, 0x05, 00, 00, 0x24, 0x05, 00, 00,
  0x3d, 00, 0x04, 00, 0x09, 00, 00, 00, 0x5a, 0x05, 00, 00,
  0x30, 0x05, 00, 00, 0x3d, 00, 0x04, 00, 0x09, 00, 00, 00,
  0x5b, 0x05, 00, 00, 0x3c, 0x05, 00, 00, 0x3d, 00, 0x04, 00,
  0x09, 00, 00, 00, 0x5c, 0x05, 00, 00, 0x4a, 0x05, 00, 00,
  0x50, 00, 0x07, 00, 0x56, 0x05, 00, 00, 0x5d, 0x05, 00, 00,
  0x59, 0x05, 00, 00, 0x5a, 0x05, 00, 00, 0x5b, 0x05, 00, 00,
  0x5c, 0x05, 00, 00, 0x50, 00, 0x07, 00, 0x56, 0x05, 00, 00,
  0x5e, 0x05, 00, 00, 0xcc, 00, 00, 00, 0xcc, 00, 00, 00,
  0xcc, 00, 00, 00, 0xcc, 00, 00, 00, 0x84, 00, 0x05, 00,
  0x56, 0x05, 00, 00, 0x5f, 0x05, 00, 00, 0x5d, 0x05, 00, 00,
  0x5e, 0x05, 00, 00, 0x3d, 00, 0x04, 00, 0x09, 00, 00, 00,
  0x60, 0x05, 00, 00, 0x17, 0x05, 00, 00, 0x50, 00, 0x07, 00,
  0x56, 0x05, 00, 00, 0x61, 0x05, 00, 00, 0x60, 0x05, 00, 00,
  0x60, 0x05, 00, 00, 0x60, 0x05, 00, 00, 0x60, 0x05, 00, 00,
  0x80, 00, 0x05, 00, 0x56, 0x05, 00, 00, 0x62, 0x05, 00, 00,
  0x5f, 0x05, 00, 00, 0x61, 0x05, 00, 00, 0x3e, 00, 0x03, 00,
  0x58, 0x05, 00, 00, 0x62, 0x05, 00, 00, 0x3d, 00, 0x04, 00,
  0x09, 00, 00, 00, 0x64, 0x05, 00, 00, 0x2a, 0x05, 00, 00,
  0x3d, 00, 0x04, 00, 0x09, 00, 00, 00, 0x65, 0x05, 00, 00,
  0x36, 0x05, 00, 00, 0x3d, 00, 0x04, 00, 0x09, 00, 00, 00,
  0x66, 0x05, 00, 00, 0x43, 0x05, 00, 00, 0x3d, 00, 0x04, 00,
  0x09, 00, 00, 00, 0x67, 0x05, 00, 00, 0x50, 0x05, 00, 00,
  0x50, 00, 0x07, 00, 0x56, 0x05, 00, 00, 0x68, 0x05, 00, 00,
  0x64, 0x05, 00, 00, 0x65, 0x05, 00, 00, 0x66, 0x05, 00, 00,
  0x67, 0x05, 00, 00, 0x50, 00, 0x07, 00, 0x56, 0x05, 00, 00,
  0x69, 0x05, 00, 00, 0xcc, 00, 00, 00, 0xcc, 00, 00, 00,
  0xcc, 00, 00, 00, 0xcc, 00, 00, 00, 0x84, 00, 0x05, 00,
  0x56, 0x05, 00, 00, 0x6a, 0x05, 00, 00, 0x68, 0x05, 00, 00,
  0x69, 0x05, 00, 00, 0x3d, 00, 0x04, 00, 0x09, 00, 00, 00,
  0x6b, 0x05, 00, 00, 0x1e, 0x05, 00, 00, 0x50, 00, 0x07, 00,
  0x56, 0x05, 00, 00, 0x6c, 0x05, 00, 00, 0x6b, 0x05, 00, 00,
  0x6b, 0x05, 00, 00, 0x6b, 0x05, 00, 00, 0x6b, 0x05, 00, 00,
  0x80, 00, 0x05, 00, 0x56, 0x05, 00, 00, 0x6d, 0x05, 00, 00,
  0x6a, 0x05, 00, 00, 0x6c, 0x05, 00, 00, 0x3e, 00, 0x03, 00,
  0x63, 0x05, 00, 00, 0x6d, 0x05, 00, 00, 0x3d, 00, 0x04, 00,
  0x09, 00, 00, 00, 0x6f, 0x05, 00, 00, 0x2c, 00, 00, 00,
  0x84, 00, 0x05, 00, 0x09, 00, 00, 00, 0x70, 0x05, 00, 00,
  0x6f, 0x05, 00, 00, 0x7d, 00, 00, 00, 0x80, 00, 0x05, 00,
  0x09, 00, 00, 00, 0x71, 0x05, 00, 00, 0x94, 0x01, 00, 00,
  0x70, 0x05, 00, 00, 0x0c, 00, 0x07, 00, 0x09, 00, 00, 00,
  0x72, 0x05, 00, 00, 0x01, 00, 00, 00, 0x2a, 00, 00, 00,
  0x71, 0x05, 00, 00, 0xc1, 0x04, 00, 00, 0x3d, 00, 0x04, 00,
  0x09, 00, 00, 00, 0x73, 0x05, 00, 00, 0x2c, 00, 00, 00,
  0xaa, 00, 0x05, 00, 0x40, 00, 00, 00, 0x74, 0x05, 00, 00,
  0x73, 0x05, 00, 00, 0x3f, 00, 00, 00, 0xa9, 00, 0x06, 00,
  0x09, 00, 00, 00, 0x75, 0x05, 00, 00, 0x74, 0x05, 00, 00,
  0xd0, 00, 00, 00, 0x7d, 00, 00, 00, 0x3d, 00, 0x04, 00,
  0x07, 00, 00, 00, 0x77, 0x05, 00, 00, 0x2b, 00, 00, 00,
  0x3e, 00, 0x03, 00, 0x76, 0x05, 00, 00, 0x77, 0x05, 00, 00,
  0x3e, 00, 0x03, 00, 0x78, 0x05, 00, 00, 0x72, 0x05, 00, 00,
  0x3e, 00, 0x03, 00, 0x79, 0x05, 00, 00, 0x75, 0x05, 00, 00,
  0x39, 00, 0x07, 00, 0x09, 00, 00, 00, 0x7a, 0x05, 00, 00,
  0x0f, 00, 00, 00, 0x76, 0x05, 00, 00, 0x78, 0x05, 00, 00,
  0x79, 0x05, 00, 00, 0x3e, 00, 0x03, 00, 0x6e, 0x05, 00, 00,
  0x7a, 0x05, 00, 00, 0x3d, 00, 0x04, 00, 0x09, 00, 00, 00,
  0x85, 0x05, 00, 00, 0x6e, 0x05, 00, 00, 0x41, 00, 0x05, 00,
  0x0a, 00, 00, 00, 0x88, 0x05, 00, 00, 0x87, 0x05, 00, 00,
  0x85, 0x05, 00, 00, 0x3d, 00, 0x04, 00, 0x09, 00, 00, 00,
  0x89, 0x05, 00, 00, 0x88, 0x05, 00, 00, 0x3e, 00, 0x03, 00,
  0x7b, 0x05, 00, 00, 0x89, 0x05, 00, 00, 0x3d, 00, 0x04, 00,
  0x56, 0x05, 00, 00, 0x8a, 0x05, 00, 00, 0x58, 0x05, 00, 00,
  0x7c, 00, 0x04, 00, 0x07, 00, 00, 00, 0x8b, 0x05, 00, 00,
  0x8a, 0x05, 00, 00, 0x3d, 00, 0x04, 00, 0x56, 0x05, 00, 00,
  0x8c, 0x05, 00, 00, 0x63, 0x05, 00, 00, 0x7c, 00, 0x04, 00,
  0x07, 00, 00, 00, 0x8d, 0x05, 00, 00, 0x8c, 0x05, 00, 00,
  0x3d, 00, 0x04, 00, 0x09, 00, 00, 00, 0x8e, 0x05, 00, 00,
  0x7b, 0x05, 00, 00, 0x7c, 00, 0x04, 00, 0x06, 00, 00, 00,
  0x8f, 0x05, 00, 00, 0x8e, 0x05, 00, 00, 0x3d, 00, 0x04, 00,
  0x09, 00, 00, 00, 0x90, 0x05, 00, 00, 0x7b, 0x05, 00, 00,
  0x7c, 00, 0x04, 00, 0x06, 00, 00, 00, 0x91, 0x05, 00, 00,
  0x90, 0x05, 00, 00, 0x50, 00, 0x08, 00, 0x11, 00, 00, 00,
  0x92, 0x05, 00, 00, 0x8b, 0x05, 00, 00, 0x8d, 0x05, 00, 00,
  0x8f, 0x05, 00, 00, 0x91, 0x05, 00, 00, 0x46, 0x01, 00, 00,
  0xfe, 00, 0x02, 00, 0x92, 0x05, 00, 00, 0x38, 00, 0x01, 00,
  0x36, 00, 0x05, 00, 0x11, 00, 00, 00, 0x31, 00, 00, 00,
  00, 00, 00, 00, 0x12, 00, 00, 00, 0x37, 00, 0x03, 00,
  0x08, 00, 00, 00, 0x2f, 00, 00, 00, 0x37, 00, 0x03, 00,
  0x0a, 00, 00, 00, 0x30, 00, 00, 00, 0xf8, 00, 0x02, 00,
  0x32, 00, 00, 00, 0x3b, 00, 0x04, 00, 0x0a, 00, 00, 00,
  0x95, 0x05, 00, 00, 0x07, 00, 00, 00, 0x3b, 00, 0x04, 00,
  0x08, 00, 00, 00, 0x96, 0x05, 00, 00, 0x07, 00, 00, 00,
  0x3b, 00, 0x04, 00, 0x0a, 00, 00, 00, 0x98, 0x05, 00, 00,
  0x07, 00, 00, 00, 0x3b, 00, 0x04, 00, 0x0a, 00, 00, 00,
  0x99, 0x05, 00, 00, 0x07, 00, 00, 00, 0x3b, 00, 0x04, 00,
  0x0a, 00, 00, 00, 0x9b, 0x05, 00, 00, 0x07, 00, 00, 00,
  0x3b, 00, 0x05, 00, 0xc8, 00, 00, 00, 0x9d, 0x05, 00, 00,
  0x07, 00, 00, 00, 0xf7, 0x01, 00, 00, 0x3b, 00, 0x04, 00,
  0x0a, 00, 00, 00, 0xa3, 0x05, 00, 00, 0x07, 00, 00, 00,
  0x3b, 00, 0x04, 00, 0x0a, 00, 00, 00, 0xa6, 0x05, 00, 00,
  0x07, 00, 00, 00, 0x3b, 00, 0x04, 00, 0x08, 00, 00, 00,
  0xa9, 0x05, 00, 00, 0x07, 00, 00, 00, 0x3b, 00, 0x04, 00,
  0x0a, 00, 00, 00, 0xab, 0x05, 00, 00, 0x07, 00, 00, 00,
  0x3b, 00, 0x04, 00, 0x0a, 00, 00, 00, 0xac, 0x05, 00, 00,
  0x07, 00, 00, 00, 0x3b, 00, 0x04, 00, 0x0a, 00, 00, 00,
  0xae, 0x05, 00, 00, 0x07, 00, 00, 00, 0x3b, 00, 0x04, 00,
  0x08, 00, 00, 00, 0xb2, 0x05, 00, 00, 0x07, 00, 00, 00,
  0x3b, 00, 0x04, 00, 0x0a, 00, 00, 00, 0xb4, 0x05, 00, 00,
  0x07, 00, 00, 00, 0x3b, 00, 0x04, 00, 0x0a, 00, 00, 00,
  0xb5, 0x05, 00, 00, 0x07, 00, 00, 00, 0x3b, 00, 0x04, 00,
  0x0a, 00, 00, 00, 0xb7, 0x05, 00, 00, 0x07, 00, 00, 00,
  0x3b, 00, 0x04, 00, 0x08, 00, 00, 00, 0xba, 0x05, 00, 00,
  0x07, 00, 00, 00, 0x3b, 00, 0x04, 00, 0x0a, 00, 00, 00,
  0xbc, 0x05, 00, 00, 0x07, 00, 00, 00, 0x3b, 00, 0x04, 00,
  0x0a, 00, 00, 00, 0xbd, 0x05, 00, 00, 0x07, 00, 00, 00,
  0x3b, 00, 0x04, 00, 0x0a, 00, 00, 00, 0xbf, 0x05, 00, 00,
  0x07, 00, 00, 00, 0x3b, 00, 0x04, 00, 0x08, 00, 00, 00,
  0xc2, 0x05, 00, 00, 0x07, 00, 00, 00, 0x3b, 00, 0x04, 00,
  0x0a, 00, 00, 00, 0xc4, 0x05, 00, 00, 0x07, 00, 00, 00,
  0x3b, 00, 0x04, 00, 0x0a, 00, 00, 00, 0xc5, 0x05, 00, 00,
  0x07, 00, 00, 00, 0x3b, 00, 0x04, 00, 0x0a, 00, 00, 00,
  0xc7, 0x05, 00, 00, 0x07, 00, 00, 00, 0x3b, 00, 0x04, 00,
  0x08, 00, 00, 00, 0xcb, 0x05, 00, 00, 0x07, 00, 00, 00,
  0x3b, 00, 0x04, 00, 0x0a, 00, 00, 00, 0xcd, 0x05, 00, 00,
  0x07, 00, 00, 00, 0x3b, 00, 0x04, 00, 0x0a, 00, 00, 00,
  0xce, 0x05, 00, 00, 0x07, 00, 00, 00, 0x3b, 00, 0x04, 00,
  0x0a, 00, 00, 00, 0xd0, 0x05, 00, 00, 0x07, 00, 00, 00,
  0x3b, 00, 0x04, 00, 0x08, 00, 00, 00, 0xd4, 0x05, 00, 00,
  0x07, 00, 00, 00, 0x3b, 00, 0x04, 00, 0x0a, 00, 00, 00,
  0xd6, 0x05, 00, 00, 0x07, 00, 00, 00, 0x3b, 00, 0x04, 00,
  0x0a, 00, 00, 00, 0xd7, 0x05, 00, 00, 0x07, 00, 00, 00,
  0x3b, 00, 0x04, 00, 0x0a, 00, 00, 00, 0xd9, 0x05, 00, 00,
  0x07, 00, 00, 00, 0x3b, 00, 0x04, 00, 0x08, 00, 00, 00,
  0xdc, 0x05, 00, 00, 0x07, 00, 00, 00, 0x3b, 00, 0x04, 00,
  0x0a, 00, 00, 00, 0xde, 0x05, 00, 00, 0x07, 00, 00, 00,
  0x3b, 00, 0x04, 00, 0x0a, 00, 00, 00, 0xdf, 0x05, 00, 00,
  0x07, 00, 00, 00, 0x3b, 00, 0x04, 00, 0x0a, 00, 00, 00,
  0xe1, 0x05, 00, 00, 0x07, 00, 00, 00, 0x3b, 00, 0x04, 00,
  0x08, 00, 00, 00, 0xe5, 0x05, 00, 00, 0x07, 00, 00, 00,
  0x3b, 00, 0x04, 00, 0x0a, 00, 00, 00, 0xe7, 0x05, 00, 00,
  0x07, 00, 00, 00, 0x3b, 00, 0x04, 00, 0x0a, 00, 00, 00,
  0xe8, 0x05, 00, 00, 0x07, 00, 00, 00, 0x3b, 00, 0x04, 00,
  0x0a, 00, 00, 00, 0xea, 0x05, 00, 00, 0x07, 00, 00, 00,
  0x3b, 00, 0x04, 00, 0x08, 00, 00, 00, 0xee, 0x05, 00, 00,
  0x07, 00, 00, 00, 0x3b, 00, 0x04, 00, 0x0a, 00, 00, 00,
  0xf0, 0x05, 00, 00, 0x07, 00, 00, 00, 0x3b, 00, 0x04, 00,
  0x0a, 00, 00, 00, 0xf1, 0x05, 00, 00, 0x07, 00, 00, 00,
  0x3b, 00, 0x04, 00, 0x0a, 00, 00, 00, 0xf3, 0x05, 00, 00,
  0x07, 00, 00, 00, 0x3b, 00, 0x04, 00, 0x08, 00, 00, 00,
  0xf7, 0x05, 00, 00, 0x07, 00, 00, 00, 0x3b, 00, 0x04, 00,
  0x0a, 00, 00, 00, 0xf9, 0x05, 00, 00, 0x07, 00, 00, 00,
  0x3b, 00, 0x04, 00, 0x0a, 00, 00, 00, 0xfa, 0x05, 00, 00,
  0x07, 00, 00, 00, 0x3b, 00, 0x04, 00, 0x0a, 00, 00, 00,
  0xfc, 0x05, 00, 00, 0x07, 00, 00, 00, 0x3b, 00, 0x05, 00,
  0xc8, 00, 00, 00, 0xfe, 0x05, 00, 00, 0x07, 00, 00, 00,
  0x41, 0x02, 00, 00, 0x3b, 00, 0x04, 00, 0x0a, 00, 00, 00,
  0x01, 0x06, 00, 00, 0x07, 00, 00, 00, 0x3b, 00, 0x04, 00,
  0x08, 00, 00, 00, 0x12, 0x06, 00, 00, 0x07, 00, 00, 00,
  0x3b, 00, 0x04, 00, 0x0a, 00, 00, 00, 0x14, 0x06, 00, 00,
  0x07, 00, 00, 00, 0x3b, 00, 0x04, 00, 0x0a, 00, 00, 00,
  0x15, 0x06, 00, 00, 0x07, 00, 00, 00, 0x3b, 00, 0x04, 00,
  0x57, 0x05, 00, 00, 0x17, 0x06, 00, 00, 0x07, 00, 00, 00,
  0x3b, 00, 0x04, 00, 0x57, 0x05, 00, 00, 0x1d, 0x06, 00, 00,
  0x07, 00, 00, 00, 0x3b, 00, 0x04, 00, 0x0a, 00, 00, 00,
  0x39, 0x06, 00, 00, 0x07, 00, 00, 00, 0x3b, 00, 0x05, 00,
  0x25, 0x03, 00, 00, 0x3b, 0x06, 00, 00, 0x07, 00, 00, 00,
  0x23, 0x03, 00, 00, 0x3d, 00, 0x04, 00, 0x07, 00, 00, 00,
  0x97, 0x05, 00, 00, 0x2f, 00, 00, 00, 0x3e, 00, 0x03, 00,
  0x96, 0x05, 00, 00, 0x97, 0x05, 00, 00, 0x3e, 00, 0x03, 00,
  0x98, 0x05, 00, 00, 0xd4, 00, 00, 00, 0x3e, 00, 0x03, 00,
  0x99, 0x05, 00, 00, 0x29, 0x01, 00, 00, 0x39, 00, 0x07, 00,
  0x09, 00, 00, 00, 0x9a, 0x05, 00, 00, 0x0f, 00, 00, 00,
  0x96, 0x05, 00, 00, 0x98, 0x05, 00, 00, 0x99, 0x05, 00, 00,
  0x3e, 00, 0x03, 00, 0x95, 0x05, 00, 00, 0x9a, 0x05, 00, 00,
  0x3d, 00, 0x04, 00, 0x09, 00, 00, 00, 0x9c, 0x05, 00, 00,
  0x95, 0x05, 00, 00, 0x41, 00, 0x05, 00, 0x0a, 00, 00, 00,
  0x9e, 0x05, 00, 00, 0x9d, 0x05, 00, 00, 0x9c, 0x05, 00, 00,
  0x3d, 00, 0x04, 00, 0x09, 00, 00, 00, 0x9f, 0x05, 00, 00,
  0x9e, 0x05, 00, 00, 0x3d, 00, 0x04, 00, 0x09, 00, 00, 00,
  0xa0, 0x05, 00, 00, 0x30, 00, 00, 00, 0xc3, 00, 0x05, 00,
  0x09, 00, 00, 00, 0xa1, 0x05, 00, 00, 0x9f, 0x05, 00, 00,
  0xa0, 0x05, 00, 00, 0xc7, 00, 0x05, 00, 0x09, 00, 00, 00,
  0xa2, 0x05, 00, 00, 0xa1, 0x05, 00, 00, 0x3c, 00, 00, 00,
  0x3e, 00, 0x03, 00, 0x9b, 0x05, 00, 00, 0xa2, 0x05, 00, 00,
  0x3d, 00, 0x04, 00, 0x09, 00, 00, 00, 0xa4, 0x05, 00, 00,
  0x9b, 0x05, 00, 00, 0x84, 00, 0x05, 00, 0x09, 00, 00, 00,
  0xa5, 0x05, 00, 00, 0xa4, 0x05, 00, 00, 0x2c, 0x01, 00, 00,
  0x3e, 00, 0x03, 00, 0xa3, 0x05, 00, 00, 0xa5, 0x05, 00, 00,
  0x3d, 00, 0x04, 00, 0x09, 00, 00, 00, 0xa7, 0x05, 00, 00,
  0xa3, 0x05, 00, 00, 0x80, 00, 0x05, 00, 0x09, 00, 00, 00,
  0xa8, 0x05, 00, 00, 0x0b, 0x02, 00, 00, 0xa7, 0x05, 00, 00,
  0x3d, 00, 0x04, 00, 0x07, 00, 00, 00, 0xaa, 0x05, 00, 00,
  0x2f, 00, 00, 00, 0x3e, 00, 0x03, 00, 0xa9, 0x05, 00, 00,
  0xaa, 0x05, 00, 00, 0x3e, 00, 0x03, 00, 0xab, 0x05, 00, 00,
  0xa8, 0x05, 00, 00, 0x3e, 00, 0x03, 00, 0xac, 0x05, 00, 00,
  0x47, 00, 00, 00, 0x39, 00, 0x07, 00, 0x09, 00, 00, 00,
  0xad, 0x05, 00, 00, 0x0f, 00, 00, 00, 0xa9, 0x05, 00, 00,
  0xab, 0x05, 00, 00, 0xac, 0x05, 00, 00, 0x3e, 00, 0x03, 00,
  0xa6, 0x05, 00, 00, 0xad, 0x05, 00, 00, 0x3d, 00, 0x04, 00,
  0x09, 00, 00, 00, 0xb0, 0x05, 00, 00, 0xa3, 0x05, 00, 00,
  0x80, 00, 0x05, 00, 0x09, 00, 00, 00, 0xb1, 0x05, 00, 00,
  0xaf, 0x05, 00, 00, 0xb0, 0x05, 00, 00, 0x3d, 00, 0x04, 00,
  0x07, 00, 00, 00, 0xb3, 0x05, 00, 00, 0x2f, 00, 00, 00,
  0x3e, 00, 0x03, 00, 0xb2, 0x05, 00, 00, 0xb3, 0x05, 00, 00,
  0x3e, 00, 0x03, 00, 0xb4, 0x05, 00, 00, 0xb1, 0x05, 00, 00,
  0x3e, 00, 0x03, 00, 0xb5, 0x05, 00, 00, 0x47, 00, 00, 00,
  0x39, 00, 0x07, 00, 0x09, 00, 00, 00, 0xb6, 0x05, 00, 00,
  0x0f, 00, 00, 00, 0xb2, 0x05, 00, 00, 0xb4, 0x05, 00, 00,
  0xb5, 0x05, 00, 00, 0x3e, 00, 0x03, 00, 0xae, 0x05, 00, 00,
  0xb6, 0x05, 00, 00, 0x3d, 00, 0x04, 00, 0x09, 00, 00, 00,
  0xb8, 0x05, 00, 00, 0xa3, 0x05, 00, 00, 0x80, 00, 0x05, 00,
  0x09, 00, 00, 00, 0xb9, 0x05, 00, 00, 0x80, 0x05, 00, 00,
  0xb8, 0x05, 00, 00, 0x3d, 00, 0x04, 00, 0x07, 00, 00, 00,
  0xbb, 0x05, 00, 00, 0x2f, 00, 00, 00, 0x3e, 00, 0x03, 00,
  0xba, 0x05, 00, 00, 0xbb, 0x05, 00, 00, 0x3e, 00, 0x03, 00,
  0xbc, 0x05, 00, 00, 0xb9, 0x05, 00, 00, 0x3e, 00, 0x03, 00,
  0xbd, 0x05, 00, 00, 0x47, 00, 00, 00, 0x39, 00, 0x07, 00,
  0x09, 00, 00, 00, 0xbe, 0x05, 00, 00, 0x0f, 00, 00, 00,
  0xba, 0x05, 00, 00, 0xbc, 0x05, 00, 00, 0xbd, 0x05, 00, 00,
  0x3e, 00, 0x03, 00, 0xb7, 0x05, 00, 00, 0xbe, 0x05, 00, 00,
  0x3d, 00, 0x04, 00, 0x09, 00, 00, 00, 0xc0, 0x05, 00, 00,
  0xa3, 0x05, 00, 00, 0x80, 00, 0x05, 00, 0x09, 00, 00, 00,
  0xc1, 0x05, 00, 00, 0xb6, 0x02, 00, 00, 0xc0, 0x05, 00, 00,
  0x3d, 00, 0x04, 00, 0x07, 00, 00, 00, 0xc3, 0x05, 00, 00,
  0x2f, 00, 00, 00, 0x3e, 00, 0x03, 00, 0xc2, 0x05, 00, 00,
  0xc3, 0x05, 00, 00, 0x3e, 00, 0x03, 00, 0xc4, 0x05, 00, 00,
  0xc1, 0x05, 00, 00, 0x3e, 00, 0x03, 00, 0xc5, 0x05, 00, 00,
  0x47, 00, 00, 00, 0x39, 00, 0x07, 00, 0x09, 00, 00, 00,
  0xc6, 0x05, 00, 00, 0x0f, 00, 00, 00, 0xc2, 0x05, 00, 00,
  0xc4, 0x05, 00, 00, 0xc5, 0x05, 00, 00, 0x3e, 00, 0x03, 00,
  0xbf, 0x05, 00, 00, 0xc6, 0x05, 00, 00, 0x3d, 00, 0x04, 00,
  0x09, 00, 00, 00, 0xc9, 0x05, 00, 00, 0xa3, 0x05, 00, 00,
  0x80, 00, 0x05, 00, 0x09, 00, 00, 00, 0xca, 0x05, 00, 00,
  0xc8, 0x05, 00, 00, 0xc9, 0x05, 00, 00, 0x3d, 00, 0x04, 00,
  0x07, 00, 00, 00, 0xcc, 0x05, 00, 00, 0x2f, 00, 00, 00,
  0x3e, 00, 0x03, 00, 0xcb, 0x05, 00, 00, 0xcc, 0x05, 00, 00,
  0x3e, 00, 0x03, 00, 0xcd, 0x05, 00, 00, 0xca, 0x05, 00, 00,
  0x3e, 00, 0x03, 00, 0xce, 0x05, 00, 00, 0x47, 00, 00, 00,
  0x39, 00, 0x07, 00, 0x09, 00, 00, 00, 0xcf, 0x05, 00, 00,
  0x0f, 00, 00, 00, 0xcb, 0x05, 00, 00, 0xcd, 0x05, 00, 00,
  0xce, 0x05, 00, 00, 0x3e, 00, 0x03, 00, 0xc7, 0x05, 00, 00,
  0xcf, 0x05, 00, 00, 0x3d, 00, 0x04, 00, 0x09, 00, 00, 00,
  0xd2, 0x05, 00, 00, 0xa3, 0x05, 00, 00, 0x80, 00, 0x05, 00,
  0x09, 00, 00, 00, 0xd3, 0x05, 00, 00, 0xd1, 0x05, 00, 00,
  0xd2, 0x05, 00, 00, 0x3d, 00, 0x04, 00, 0x07, 00, 00, 00,
  0xd5, 0x05, 00, 00, 0x2f, 00, 00, 00, 0x3e, 00, 0x03, 00,
  0xd4, 0x05, 00, 00, 0xd5, 0x05, 00, 00, 0x3e, 00, 0x03, 00,
  0xd6, 0x05, 00, 00, 0xd3, 0x05, 00, 00, 0x3e, 00, 0x03, 00,
  0xd7, 0x05, 00, 00, 0x47, 00, 00, 00, 0x39, 00, 0x07, 00,
  0x09, 00, 00, 00, 0xd8, 0x05, 00, 00, 0x0f, 00, 00, 00,
  0xd4, 0x05, 00, 00, 0xd6, 0x05, 00, 00, 0xd7, 0x05, 00, 00,
  0x3e, 00, 0x03, 00, 0xd0, 0x05, 00, 00, 0xd8, 0x05, 00, 00,
  0x3d, 00, 0x04, 00, 0x09, 00, 00, 00, 0xda, 0x05, 00, 00,
  0xa3, 0x05, 00, 00, 0x80, 00, 0x05, 00, 0x09, 00, 00, 00,
  0xdb, 0x05, 00, 00, 0xd1, 0x02, 00, 00, 0xda, 0x05, 00, 00,
  0x3d, 00, 0x04, 00, 0x07, 00, 00, 00, 0xdd, 0x05, 00, 00,
  0x2f, 00, 00, 00, 0x3e, 00, 0x03, 00, 0xdc, 0x05, 00, 00,
  0xdd, 0x05, 00, 00, 0x3e, 00, 0x03, 00, 0xde, 0x05, 00, 00,
  0xdb, 0x05, 00, 00, 0x3e, 00, 0x03, 00, 0xdf, 0x05, 00, 00,
  0x47, 00, 00, 00, 0x39, 00, 0x07, 00, 0x09, 00, 00, 00,
  0xe0, 0x05, 00, 00, 0x0f, 00, 00, 00, 0xdc, 0x05, 00, 00,
  0xde, 0x05, 00, 00, 0xdf, 0x05, 00, 00, 0x3e, 00, 0x03, 00,
  0xd9, 0x05, 00, 00, 0xe0, 0x05, 00, 00, 0x3d, 00, 0x04, 00,
  0x09, 00, 00, 00, 0xe3, 0x05, 00, 00, 0xa3, 0x05, 00, 00,
  0x80, 00, 0x05, 00, 0x09, 00, 00, 00, 0xe4, 0x05, 00, 00,
  0xe2, 0x05, 00, 00, 0xe3, 0x05, 00, 00, 0x3d, 00, 0x04, 00,
  0x07, 00, 00, 00, 0xe6, 0x05, 00, 00, 0x2f, 00, 00, 00,
  0x3e, 00, 0x03, 00, 0xe5, 0x05, 00, 00, 0xe6, 0x05, 00, 00,
  0x3e, 00, 0x03, 00, 0xe7, 0x05, 00, 00, 0xe4, 0x05, 00, 00,
  0x3e, 00, 0x03, 00, 0xe8, 0x05, 00, 00, 0x47, 00, 00, 00,
  0x39, 00, 0x07, 00, 0x09, 00, 00, 00, 0xe9, 0x05, 00, 00,
  0x0f, 00, 00, 00, 0xe5, 0x05, 00, 00, 0xe7, 0x05, 00, 00,
  0xe8, 0x05, 00, 00, 0x3e, 00, 0x03, 00, 0xe1, 0x05, 00, 00,
  0xe9, 0x05, 00, 00, 0x3d, 00, 0x04, 00, 0x09, 00, 00, 00,
  0xeb, 0x05, 00, 00, 0x9b, 0x05, 00, 00, 0x84, 00, 0x05, 00,
  0x09, 00, 00, 00, 0xec, 0x05, 00, 00, 0xeb, 0x05, 00, 00,
  0xcc, 00, 00, 00, 0x80, 00, 0x05, 00, 0x09, 00, 00, 00,
  0xed, 0x05, 00, 00, 0x83, 0x03, 00, 00, 0xec, 0x05, 00, 00,
  0x3d, 00, 0x04, 00, 0x07, 00, 00, 00, 0xef, 0x05, 00, 00,
  0x2f, 00, 00, 00, 0x3e, 00, 0x03, 00, 0xee, 0x05, 00, 00,
  0xef, 0x05, 00, 00, 0x3e, 00, 0x03, 00, 0xf0, 0x05, 00, 00,
  0xed, 0x05, 00, 00, 0x3e, 00, 0x03, 00, 0xf1, 0x05, 00, 00,
  0x3c, 00, 00, 00, 0x39, 00, 0x07, 00, 0x09, 00, 00, 00,
  0xf2, 0x05, 00, 00, 0x0f, 00, 00, 00, 0xee, 0x05, 00, 00,
  0xf0, 0x05, 00, 00, 0xf1, 0x05, 00, 00, 0x3e, 00, 0x03, 00,
  0xea, 0x05, 00, 00, 0xf2, 0x05, 00, 00, 0x3d, 00, 0x04, 00,
  0x09, 00, 00, 00, 0xf4, 0x05, 00, 00, 0x9b, 0x05, 00, 00,
  0x84, 00, 0x05, 00, 0x09, 00, 00, 00, 0xf5, 0x05, 00, 00,
  0xf4, 0x05, 00, 00, 0xcc, 00, 00, 00, 0x80, 00, 0x05, 00,
  0x09, 00, 00, 00, 0xf6, 0x05, 00, 00, 0x8d, 0x03, 00, 00,
  0xf5, 0x05, 00, 00, 0x3d, 00, 0x04, 00, 0x07, 00, 00, 00,
  0xf8, 0x05, 00, 00, 0x2f, 00, 00, 00, 0x3e, 00, 0x03, 00,
  0xf7, 0x05, 00, 00, 0xf8, 0x05, 00, 00, 0x3e, 00, 0x03, 00,
  0xf9, 0x05, 00, 00, 0xf6, 0x05, 00, 00, 0x3e, 00, 0x03, 00,
  0xfa, 0x05, 00, 00, 0x3c, 00, 00, 00, 0x39, 00, 0x07, 00,
  0x09, 00, 00, 00, 0xfb, 0x05, 00, 00, 0x0f, 00, 00, 00,
  0xf7, 0x05, 00, 00, 0xf9, 0x05, 00, 00, 0xfa, 0x05, 00, 00,
  0x3e, 00, 0x03, 00, 0xf3, 0x05, 00, 00, 0xfb, 0x05, 00, 00,
  0x3d, 00, 0x04, 00, 0x09, 00, 00, 00, 0xfd, 0x05, 00, 00,
  0x95, 0x05, 00, 00, 0x41, 00, 0x05, 00, 0x0a, 00, 00, 00,
  0xff, 0x05, 00, 00, 0xfe, 0x05, 00, 00, 0xfd, 0x05, 00, 00,
  0x3d, 00, 0x04, 00, 0x09, 00, 00, 00, 00, 0x06, 00, 00,
  0xff, 0x05, 00, 00, 0x3e, 00, 0x03, 00, 0xfc, 0x05, 00, 00,
  00, 0x06, 00, 00, 0x3d, 00, 0x04, 00, 0x09, 00, 00, 00,
  0x02, 0x06, 00, 00, 0x30, 00, 00, 00, 0x84, 00, 0x05, 00,
  0x09, 00, 00, 00, 0x03, 0x06, 00, 00, 0x02, 0x06, 00, 00,
  0xcc, 00, 00, 00, 0x80, 00, 0x05, 00, 0x09, 00, 00, 00,
  0x04, 0x06, 00, 00, 0x9c, 0x03, 00, 00, 0x03, 0x06, 00, 00,
  0x3d, 00, 0x04, 00, 0x09, 00, 00, 00, 0x05, 0x06, 00, 00,
  0x30, 00, 00, 00, 0x3d, 00, 0x04, 00, 0x09, 00, 00, 00,
  0x06, 0x06, 00, 00, 0xfc, 0x05, 00, 00, 0xad, 00, 0x05, 00,
  0x40, 00, 00, 00, 0x07, 0x06, 00, 00, 0x05, 0x06, 00, 00,
  0x06, 0x06, 00, 00, 0xa9, 00, 0x06, 00, 0x09, 00, 00, 00,
  0x08, 0x06, 00, 00, 0x07, 0x06, 00, 00, 0x3c, 00, 00, 00,
  0x3f, 00, 00, 00, 0x82, 00, 0x05, 00, 0x09, 00, 00, 00,
  0x09, 0x06, 00, 00, 0x04, 0x06, 00, 00, 0x08, 0x06, 00, 00,
  0x0c, 00, 0x07, 00, 0x09, 00, 00, 00, 0x0a, 0x06, 00, 00,
  0x01, 00, 00, 00, 0x2a, 00, 00, 00, 0x09, 0x06, 00, 00,
  0xdf, 0x02, 00, 00, 0x3d, 00, 0x04, 00, 0x09, 00, 00, 00,
  0x0b, 0x06, 00, 00, 0x30, 00, 00, 00, 0x3d, 00, 0x04, 00,
  0x09, 00, 00, 00, 0x0c, 0x06, 00, 00, 0xfc, 0x05, 00, 00,
  0xaa, 00, 0x05, 00, 0x40, 00, 00, 00, 0x0d, 0x06, 00, 00,
  0x0b, 0x06, 00, 00, 0x0c, 0x06, 00, 00, 0x3d, 00, 0x04, 00,
  0x09, 00, 00, 00, 0x0e, 0x06, 00, 00, 0x30, 00, 00, 00,
  0xaa, 00, 0x05, 00, 0x40, 00, 00, 00, 0x0f, 0x06, 00, 00,
  0x0e, 0x06, 00, 00, 0x3f, 00, 00, 00, 0xa6, 00, 0x05, 00,
  0x40, 00, 00, 00, 0x10, 0x06, 00, 00, 0x0d, 0x06, 00, 00,
  0x0f, 0x06, 00, 00, 0xa9, 00, 0x06, 00, 0x09, 00, 00, 00,
  0x11, 0x06, 00, 00, 0x10, 0x06, 00, 00, 0x3c, 00, 00, 00,
  0xcc, 00, 00, 00, 0x3d, 00, 0x04, 00, 0x07, 00, 00, 00,
  0x13, 0x06, 00, 00, 0x2f, 00, 00, 00, 0x3e, 00, 0x03, 00,
  0x12, 0x06, 00, 00, 0x13, 0x06, 00, 00, 0x3e, 00, 0x03, 00,
  0x14, 0x06, 00, 00, 0x0a, 0x06, 00, 00, 0x3e, 00, 0x03, 00,
  0x15, 0x06, 00, 00, 0x11, 0x06, 00, 00, 0x39, 00, 0x07, 00,
  0x09, 00, 00, 00, 0x16, 0x06, 00, 00, 0x0f, 00, 00, 00,
  0x12, 0x06, 00, 00, 0x14, 0x06, 00, 00, 0x15, 0x06, 00, 00,
  0x3e, 00, 0x03, 00, 0x01, 0x06, 00, 00, 0x16, 0x06, 00, 00,
  0x3d, 00, 0x04, 00, 0x09, 00, 00, 00, 0x18, 0x06, 00, 00,
  0xa6, 0x05, 00, 00, 0x3d, 00, 0x04, 00, 0x09, 00, 00, 00,
  0x19, 0x06, 00, 00, 0xb7, 0x05, 00, 00, 0x3d, 00, 0x04, 00,
  0x09, 00, 00, 00, 0x1a, 0x06, 00, 00, 0xc7, 0x05, 00, 00,
  0x3d, 00, 0x04, 00, 0x09, 00, 00, 00, 0x1b, 0x06, 00, 00,
  0xd9, 0x05, 00, 00, 0x50, 00, 0x07, 00, 0x56, 0x05, 00, 00,
  0x1c, 0x06, 00, 00, 0x18, 0x06, 00, 00, 0x19, 0x06, 00, 00,
  0x1a, 0x06, 00, 00, 0x1b, 0x06, 00, 00, 0x3e, 00, 0x03, 00,
  0x17, 0x06, 00, 00, 0x1c, 0x06, 00, 00, 0x3d, 00, 0x04, 00,
  0x09, 00, 00, 00, 0x1e, 0x06, 00, 00, 0xae, 0x05, 00, 00,
  0x3d, 00, 0x04, 00, 0x09, 00, 00, 00, 0x1f, 0x06, 00, 00,
  0xbf, 0x05, 00, 00, 0x3d, 00, 0x04, 00, 0x09, 00, 00, 00,
  0x20, 0x06, 00, 00, 0xd0, 0x05, 00, 00, 0x3d, 00, 0x04, 00,
  0x09, 00, 00, 00, 0x21, 0x06, 00, 00, 0xe1, 0x05, 00, 00,
  0x50, 00, 0x07, 00, 0x56, 0x05, 00, 00, 0x22, 0x06, 00, 00,
  0x1e, 0x06, 00, 00, 0x1f, 0x06, 00, 00, 0x20, 0x06, 00, 00,
  0x21, 0x06, 00, 00, 0x3e, 00, 0x03, 00, 0x1d, 0x06, 00, 00,
  0x22, 0x06, 00, 00, 0x3d, 00, 0x04, 00, 0x56, 0x05, 00, 00,
  0x23, 0x06, 00, 00, 0x17, 0x06, 00, 00, 0x50, 00, 0x07, 00,
  0x56, 0x05, 00, 00, 0x24, 0x06, 00, 00, 0xd0, 00, 00, 00,
  0xd0, 00, 00, 00, 0xd0, 00, 00, 00, 0xd0, 00, 00, 00,
  0xc4, 00, 0x05, 00, 0x56, 0x05, 00, 00, 0x25, 0x06, 00, 00,
  0x23, 0x06, 00, 00, 0x24, 0x06, 00, 00, 0x3d, 00, 0x04, 00,
  0x56, 0x05, 00, 00, 0x26, 0x06, 00, 00, 0x17, 0x06, 00, 00,
  0x50, 00, 0x07, 00, 0x56, 0x05, 00, 00, 0x27, 0x06, 00, 00,
  0xd0, 00, 00, 00, 0xd0, 00, 00, 00, 0xd0, 00, 00, 00,
  0xd0, 00, 00, 00, 0xc3, 00, 0x05, 00, 0x56, 0x05, 00, 00,
  0x28, 0x06, 00, 00, 0x26, 0x06, 00, 00, 0x27, 0x06, 00, 00,
  0xc5, 00, 0x05, 00, 0x56, 0x05, 00, 00, 0x29, 0x06, 00, 00,
  0x25, 0x06, 00, 00, 0x28, 0x06, 00, 00, 0x3d, 00, 0x04, 00,
  0x09, 00, 00, 00, 0x2a, 0x06, 00, 00, 0xea, 0x05, 00, 00,
  0xc4, 00, 0x05, 00, 0x09, 00, 00, 00, 0x2b, 0x06, 00, 00,
  0x2a, 0x06, 00, 00, 0xcc, 00, 00, 00, 0x50, 00, 0x07, 00,
  0x56, 0x05, 00, 00, 0x2c, 0x06, 00, 00, 0x2b, 0x06, 00, 00,
  0x2b, 0x06, 00, 00, 0x2b, 0x06, 00, 00, 0x2b, 0x06, 00, 00,
  0xc5, 00, 0x05, 00, 0x56, 0x05, 00, 00, 0x2d, 0x06, 00, 00,
  0x29, 0x06, 00, 00, 0x2c, 0x06, 00, 00, 0x3e, 00, 0x03, 00,
  0x17, 0x06, 00, 00, 0x2d, 0x06, 00, 00, 0x3d, 00, 0x04, 00,
  0x56, 0x05, 00, 00, 0x2e, 0x06, 00, 00, 0x1d, 0x06, 00, 00,
  0x50, 00, 0x07, 00, 0x56, 0x05, 00, 00, 0x2f, 0x06, 00, 00,
  0xd0, 00, 00, 00, 0xd0, 00, 00, 00, 0xd0, 00, 00, 00,
  0xd0, 00, 00, 00, 0xc4, 00, 0x05, 00, 0x56, 0x05, 00, 00,
  0x30, 0x06, 00, 00, 0x2e, 0x06, 00, 00, 0x2f, 0x06, 00, 00,
  0x3d, 00, 0x04, 00, 0x56, 0x05, 00, 00, 0x31, 0x06, 00, 00,
  0x1d, 0x06, 00, 00, 0x50, 00, 0x07, 00, 0x56, 0x05, 00, 00,
  0x32, 0x06, 00, 00, 0xd0, 00, 00, 00, 0xd0, 00, 00, 00,
  0xd0, 00, 00, 00, 0xd0, 00, 00, 00, 0xc3, 00, 0x05, 00,
  0x56, 0x05, 00, 00, 0x33, 0x06, 00, 00, 0x31, 0x06, 00, 00,
  0x32, 0x06, 00, 00, 0xc5, 00, 0x05, 00, 0x56, 0x05, 00, 00,
  0x34, 0x06, 00, 00, 0x30, 0x06, 00, 00, 0x33, 0x06, 00, 00,
  0x3d, 00, 0x04, 00, 0x09, 00, 00, 00, 0x35, 0x06, 00, 00,
  0xf3, 0x05, 00, 00, 0xc4, 00, 0x05, 00, 0x09, 00, 00, 00,
  0x36, 0x06, 00, 00, 0x35, 0x06, 00, 00, 0xcc, 00, 00, 00,
  0x50, 00, 0x07, 00, 0x56, 0x05, 00, 00, 0x37, 0x06, 00, 00,
  0x36, 0x06, 00, 00, 0x36, 0x06, 00, 00, 0x36, 0x06, 00, 00,
  0x36, 0x06, 00, 00, 0xc5, 00, 0x05, 00, 0x56, 0x05, 00, 00,
  0x38, 0x06, 00, 00, 0x34, 0x06, 00, 00, 0x37, 0x06, 00, 00,
  0x3e, 00, 0x03, 00, 0x1d, 0x06, 00, 00, 0x38, 0x06, 00, 00,
  0x3d, 00, 0x04, 00, 0x09, 00, 00, 00, 0x3a, 0x06, 00, 00,
  0x01, 0x06, 00, 00, 0x41, 00, 0x05, 00, 0x0a, 00, 00, 00,
  0x3c, 0x06, 00, 00, 0x3b, 0x06, 00, 00, 0x3a, 0x06, 00, 00,
  0x3d, 00, 0x04, 00, 0x09, 00, 00, 00, 0x3d, 0x06, 00, 00,
  0x3c, 0x06, 00, 00, 0x3e, 00, 0x03, 00, 0x39, 0x06, 00, 00,
  0x3d, 0x06, 00, 00, 0x3d, 00, 0x04, 00, 0x56, 0x05, 00, 00,
  0x3e, 0x06, 00, 00, 0x17, 0x06, 00, 00, 0x7c, 00, 0x04, 00,
  0x07, 00, 00, 00, 0x3f, 0x06, 00, 00, 0x3e, 0x06, 00, 00,
  0x3d, 00, 0x04, 00, 0x56, 0x05, 00, 00, 0x40, 0x06, 00, 00,
  0x1d, 0x06, 00, 00, 0x7c, 00, 0x04, 00, 0x07, 00, 00, 00,
  0x41, 0x06, 00, 00, 0x40, 0x06, 00, 00, 0x3d, 00, 0x04, 00,
  0x09, 00, 00, 00, 0x42, 0x06, 00, 00, 0x39, 0x06, 00, 00,
  0x7c, 00, 0x04, 00, 0x06, 00, 00, 00, 0x43, 0x06, 00, 00,
  0x42, 0x06, 00, 00, 0x3d, 00, 0x04, 00, 0x09, 00, 00, 00,
  0x44, 0x06, 00, 00, 0x39, 0x06, 00, 00, 0x7c, 00, 0x04, 00,
  0x06, 00, 00, 00, 0x45, 0x06, 00, 00, 0x44, 0x06, 00, 00,
  0x50, 00, 0x08, 00, 0x11, 00, 00, 00, 0x46, 0x06, 00, 00,
  0x3f, 0x06, 00, 00, 0x41, 0x06, 00, 00, 0x43, 0x06, 00, 00,
  0x45, 0x06, 00, 00, 0x46, 0x01, 00, 00, 0xfe, 00, 0x02, 00,
  0x46, 0x06, 00, 00, 0x38, 00, 0x01, 00, 0x36, 00, 0x05, 00,
  0x07, 00, 00, 00, 0x36, 00, 00, 00, 00, 00, 00, 00,
  0x34, 00, 00, 00, 0x37, 00, 0x03, 00, 0x33, 00, 00, 00,
  0x35, 00, 00, 00, 0xf8, 00, 0x02, 00, 0x37, 00, 00, 00,
  0x3b, 00, 0x04, 00, 0x49, 0x06, 00, 00, 0x4a, 0x06, 00, 00,
  0x07, 00, 00, 00, 0x3b, 00, 0x04, 00, 0x50, 00, 00, 00,
  0x60, 0x06, 00, 00, 0x07, 00, 00, 00, 0x3b, 00, 0x04, 00,
  0x08, 00, 00, 00, 0x70, 0x06, 00, 00, 0x07, 00, 00, 00,
  0x41, 00, 0x05, 00, 0x50, 00, 00, 00, 0x4b, 0x06, 00, 00,
  0x35, 00, 00, 00, 0xcc, 00, 00, 00, 0x3d, 00, 0x04, 00,
  0x06, 00, 00, 00, 0x4c, 0x06, 00, 00, 0x4b, 0x06, 00, 00,
  0x82, 00, 0x05, 00, 0x06, 00, 00, 00, 0x4d, 0x06, 00, 00,
  0x84, 00, 00, 00, 0x4c, 0x06, 00, 00, 0x41, 00, 0x05, 00,
  0x08, 00, 00, 00, 0x4e, 0x06, 00, 00, 0x35, 00, 00, 00,
  0x3f, 00, 00, 00, 0x3d, 00, 0x04, 00, 0x07, 00, 00, 00,
  0x4f, 0x06, 00, 00, 0x4e, 0x06, 00, 00, 0x4f, 00, 0x08, 00,
  0x9c, 0x01, 00, 00, 0x50, 0x06, 00, 00, 0x4f, 0x06, 00, 00,
  0x4f, 0x06, 00, 00, 00, 00, 00, 00, 0x01, 00, 00, 00,
  0x02, 00, 00, 00, 0x50, 00, 0x06, 00, 0x9c, 0x01, 00, 00,
  0x51, 0x06, 00, 00, 0x4d, 0x06, 00, 00, 0x4d, 0x06, 00, 00,
  0x4d, 0x06, 00, 00, 0x84, 00, 0x05, 00, 0x9c, 0x01, 00, 00,
  0x52, 0x06, 00, 00, 0x51, 0x06, 00, 00, 0x50, 0x06, 00, 00,
  0x41, 00, 0x05, 00, 0x50, 00, 00, 00, 0x53, 0x06, 00, 00,
  0x35, 00, 00, 00, 0xcc, 00, 00, 00, 0x3d, 00, 0x04, 00,
  0x06, 00, 00, 00, 0x54, 0x06, 00, 00, 0x53, 0x06, 00, 00,
  0x41, 00, 0x05, 00, 0x08, 00, 00, 00, 0x55, 0x06, 00, 00,
  0x35, 00, 00, 00, 0x3c, 00, 00, 00, 0x3d, 00, 0x04, 00,
  0x07, 00, 00, 00, 0x56, 0x06, 00, 00, 0x55, 0x06, 00, 00,
  0x4f, 00, 0x08, 00, 0x9c, 0x01, 00, 00, 0x57, 0x06, 00, 00,
  0x56, 0x06, 00, 00, 0x56, 0x06, 00, 00, 00, 00, 00, 00,
  0x01, 00, 00, 00, 0x02, 00, 00, 00, 0x50, 00, 0x06, 00,
  0x9c, 0x01, 00, 00, 0x58, 0x06, 00, 00, 0x54, 0x06, 00, 00,
  0x54, 0x06, 00, 00, 0x54, 0x06, 00, 00, 0x84, 00, 0x05, 00,
  0x9c, 0x01, 00, 00, 0x59, 0x06, 00, 00, 0x58, 0x06, 00, 00,
  0x57, 0x06, 00, 00, 0x80, 00, 0x05, 00, 0x9c, 0x01, 00, 00,
  0x5a, 0x06, 00, 00, 0x52, 0x06, 00, 00, 0x59, 0x06, 00, 00,
  0x50, 00, 0x06, 00, 0x9c, 0x01, 00, 00, 0x5c, 0x06, 00, 00,
  0x5b, 0x06, 00, 00, 0x5b, 0x06, 00, 00, 0x5b, 0x06, 00, 00,
  0x80, 00, 0x05, 00, 0x9c, 0x01, 00, 00, 0x5d, 0x06, 00, 00,
  0x5a, 0x06, 00, 00, 0x5c, 0x06, 00, 00, 0x50, 00, 0x06, 00,
  0x6a, 0x01, 00, 00, 0x5e, 0x06, 00, 00, 0x29, 0x01, 00, 00,
  0x29, 0x01, 00, 00, 0x29, 0x01, 00, 00, 0xc2, 00, 0x05, 00,
  0x9c, 0x01, 00, 00, 0x5f, 0x06, 00, 00, 0x5d, 0x06, 00, 00,
  0x5e, 0x06, 00, 00, 0x3e, 00, 0x03, 00, 0x4a, 0x06, 00, 00,
  0x5f, 0x06, 00, 00, 0x41, 00, 0x05, 00, 0x50, 00, 00, 00,
  0x61, 0x06, 00, 00, 0x35, 00, 00, 00, 0xd0, 00, 00, 00,
  0x3d, 00, 0x04, 00, 0x06, 00, 00, 00, 0x62, 0x06, 00, 00,
  0x61, 0x06, 00, 00, 0x82, 00, 0x05, 00, 0x06, 00, 00, 00,
  0x63, 0x06, 00, 00, 0x84, 00, 00, 00, 0x62, 0x06, 00, 00,
  0x41, 00, 0x06, 00, 0x50, 00, 00, 00, 0x65, 0x06, 00, 00,
  0x35, 00, 00, 00, 0x3f, 00, 00, 00, 0x64, 0x06, 00, 00,
  0x3d, 00, 0x04, 00, 0x06, 00, 00, 00, 0x66, 0x06, 00, 00,
  0x65, 0x06, 00, 00, 0x84, 00, 0x05, 00, 0x06, 00, 00, 00,
  0x67, 0x06, 00, 00, 0x63, 0x06, 00, 00, 0x66, 0x06, 00, 00,
  0x41, 00, 0x05, 00, 0x50, 00, 00, 00, 0x68, 0x06, 00, 00,
  0x35, 00, 00, 00, 0xd0, 00, 00, 00, 0x3d, 00, 0x04, 00,
  0x06, 00, 00, 00, 0x69, 0x06, 00, 00, 0x68, 0x06, 00, 00,
  0x41, 00, 0x06, 00, 0x50, 00, 00, 00, 0x6a, 0x06, 00, 00,
  0x35, 00, 00, 00, 0x3c, 00, 00, 00, 0x64, 0x06, 00, 00,
  0x3d, 00, 0x04, 00, 0x06, 00, 00, 00, 0x6b, 0x06, 00, 00,
  0x6a, 0x06, 00, 00, 0x84, 00, 0x05, 00, 0x06, 00, 00, 00,
  0x6c, 0x06, 00, 00, 0x69, 0x06, 00, 00, 0x6b, 0x06, 00, 00,
  0x80, 00, 0x05, 00, 0x06, 00, 00, 00, 0x6d, 0x06, 00, 00,
  0x67, 0x06, 00, 00, 0x6c, 0x06, 00, 00, 0x80, 00, 0x05, 00,
  0x06, 00, 00, 00, 0x6e, 0x06, 00, 00, 0x6d, 0x06, 00, 00,
  0x5b, 0x06, 00, 00, 0xc2, 00, 0x05, 00, 0x06, 00, 00, 00,
  0x6f, 0x06, 00, 00, 0x6e, 0x06, 00, 00, 0x29, 0x01, 00, 00,
  0x3e, 00, 0x03, 00, 0x60, 0x06, 00, 00, 0x6f, 0x06, 00, 00,
  0x3d, 00, 0x04, 00, 0x9c, 0x01, 00, 00, 0x71, 0x06, 00, 00,
  0x4a, 0x06, 00, 00, 0x3d, 00, 0x04, 00, 0x06, 00, 00, 00,
  0x72, 0x06, 00, 00, 0x60, 0x06, 00, 00, 0x51, 00, 0x05, 00,
  0x06, 00, 00, 00, 0x73, 0x06, 00, 00, 0x71, 0x06, 00, 00,
  00, 00, 00, 00, 0x51, 00, 0x05, 00, 0x06, 00, 00, 00,
  0x74, 0x06, 00, 00, 0x71, 0x06, 00, 00, 0x01, 00, 00, 00,
  0x51, 00, 0x05, 00, 0x06, 00, 00, 00, 0x75, 0x06, 00, 00,
  0x71, 0x06, 00, 00, 0x02, 00, 00, 00, 0x50, 00, 0x07, 00,
  0x07, 00, 00, 00, 0x76, 0x06, 00, 00, 0x73, 0x06, 00, 00,
  0x74, 0x06, 00, 00, 0x75, 0x06, 00, 00, 0x72, 0x06, 00, 00,
  0x3e, 00, 0x03, 00, 0x70, 0x06, 00, 00, 0x76, 0x06, 00, 00,
  0x41, 00, 0x05, 00, 0x50, 00, 00, 00, 0x77, 0x06, 00, 00,
  0x35, 00, 00, 00, 0x7d, 00, 00, 00, 0x3d, 00, 0x04, 00,
  0x06, 00, 00, 00, 0x78, 0x06, 00, 00, 0x77, 0x06, 00, 00,
  0xf7, 00, 0x03, 00, 0x7d, 0x06, 00, 00, 00, 00, 00, 00,
  0xfb, 00, 0x09, 00, 0x78, 0x06, 00, 00, 0x79, 0x06, 00, 00,
  0x01, 00, 00, 00, 0x7a, 0x06, 00, 00, 0x02, 00, 00, 00,
  0x7b, 0x06, 00, 00, 0x03, 00, 00, 00, 0x7c, 0x06, 00, 00,
  0xf8, 00, 0x02, 00, 0x79, 0x06, 00, 00, 0xf9, 00, 0x02, 00,
  0x7d, 0x06, 00, 00, 0xf8, 00, 0x02, 00, 0x7a, 0x06, 00, 00,
  0x3d, 00, 0x04, 00, 0x07, 00, 00, 00, 0x7f, 0x06, 00, 00,
  0x70, 0x06, 00, 00, 0x4f, 00, 0x09, 00, 0x07, 00, 00, 00,
  0x80, 0x06, 00, 00, 0x7f, 0x06, 00, 00, 0x7f, 0x06, 00, 00,
  0x03, 00, 00, 00, 0x01, 00, 00, 00, 0x02, 00, 00, 00,
  00, 00, 00, 00, 0x3e, 00, 0x03, 00, 0x70, 0x06, 00, 00,
  0x80, 0x06, 00, 00, 0xf9, 00, 0x02, 00, 0x7d, 0x06, 00, 00,
  0xf8, 00, 0x02, 00, 0x7b, 0x06, 00, 00, 0x3d, 00, 0x04, 00,
  0x07, 00, 00, 00, 0x82, 0x06, 00, 00, 0x70, 0x06, 00, 00,
  0x4f, 00, 0x09, 00, 0x07, 00, 00, 00, 0x83, 0x06, 00, 00,
  0x82, 0x06, 00, 00, 0x82, 0x06, 00, 00, 00, 00, 00, 00,
  0x03, 00, 00, 00, 0x02, 00, 00, 00, 0x01, 00, 00, 00,
  0x3e, 00, 0x03, 00, 0x70, 0x06, 00, 00, 0x83, 0x06, 00, 00,
  0xf9, 00, 0x02, 00, 0x7d, 0x06, 00, 00, 0xf8, 00, 0x02, 00,
  0x7c, 0x06, 00, 00, 0x3d, 00, 0x04, 00, 0x07, 00, 00, 00,
  0x85, 0x06, 00, 00, 0x70, 0x06, 00, 00, 0x4f, 00, 0x09, 00,
  0x07, 00, 00, 00, 0x86, 0x06, 00, 00, 0x85, 0x06, 00, 00,
  0x85, 0x06, 00, 00, 00, 00, 00, 00, 0x01, 00, 00, 00,
  0x03, 00, 00, 00, 0x02, 00, 00, 00, 0x3e, 00, 0x03, 00,
  0x70, 0x06, 00, 00, 0x86, 0x06, 00, 00, 0xf9, 00, 0x02, 00,
  0x7d, 0x06, 00, 00, 0xf8, 00, 0x02, 00, 0x7d, 0x06, 00, 00,
  0x3d, 00, 0x04, 00, 0x07, 00, 00, 00, 0x89, 0x06, 00, 00,
  0x70, 0x06, 00, 00, 0xfe, 00, 0x02, 00, 0x89, 0x06, 00, 00,
  0x38, 00, 0x01, 00
};
static const unsigned int bcn_bc7_spv_len = sizeof(bcn_bc7_spv);
